1 2021-01-01 2077.00
3 2023-07-11 222.89
5 2026-04-16 808.46
19 2024-06-13 134.52
23 2026-04-06 919.96
33 2026-06-12 1432.58
34 2024-01-04 365.50
40 2025-06-10 565.58
42 2023-08-13 1140.69
45 2023-01-06 177.07
47 2021-05-18 1426.65
50 2025-05-25 330.67
51 2025-03-09 102.28
52 2022-04-01 473.95
64 2024-11-04 87.73
68 2021-08-08 115.43
77 2023-03-24 1749.32
91 2021-06-19 229.18
95 2025-10-03 2695.34
102 2021-03-22 226.08
105 2025-12-04 243.22
119 2026-03-21 43.00
143 2021-12-29 114.51
159 2021-05-20 104.51
178 2026-01-12 646.40
179 2022-06-14 63.68
182 2022-05-23 74.48
184 2024-02-24 504.52
188 2021-10-27 634.65
196 2022-08-31 680.71
198 2022-11-07 767.56
202 2025-06-14 216.35
205 2025-04-19 631.37
210 2021-02-08 63.94
217 2026-02-23 783.10
236 2025-11-17 822.93
241 2026-05-23 49.15
249 2024-03-21 1858.28
250 2022-02-09 642.54
253 2026-02-22 51.44
254 2021-09-19 66.03
261 2025-06-14 933.40
263 2023-03-07 877.67
275 2025-10-02 2137.00
276 2024-12-27 2276.88
278 2023-02-05 1807.22
305 2025-09-16 179.06
312 2024-11-06 1762.58
325 2026-05-30 518.28
328 2021-08-21 100.69
329 2024-12-02 245.30
331 2026-05-20 778.25
332 2022-01-17 742.01
334 2021-10-20 215.27
335 2022-05-20 272.55
340 2026-06-07 68.45
342 2026-01-06 827.56
351 2024-03-03 360.36
359 2025-09-26 1317.39
360 2023-01-21 342.19
367 2025-06-02 140.68
379 2024-06-14 278.74
381 2021-07-24 1744.14
382 2024-01-27 61.62
387 2021-12-27 57.32
390 2025-01-26 61.62
394 2023-12-11 59.45
404 2023-04-03 1956.53
406 2026-06-11 1297.04
407 2024-01-03 144.16
412 2023-11-10 70.53
417 2026-01-06 283.12
419 2021-08-19 2159.84
430 2026-05-15 720.71
462 2026-05-08 407.86
464 2023-09-02 778.15
476 2023-04-28 438.69
492 2024-03-24 129.35
493 2024-08-25 140.30
499 2024-02-23 99.92
521 2025-09-25 162.18
542 2022-09-05 2009.38
553 2025-04-11 158.78
568 2025-05-21 65.83
583 2025-01-08 153.37
584 2026-05-23 105.12
600 2023-01-15 260.41
606 2026-01-10 1181.61
607 2023-06-16 149.51
610 2023-01-14 189.70
612 2022-05-07 853.18
622 2026-06-22 228.67
625 2024-01-18 2458.60
626 2022-07-10 284.61
635 2022-03-26 437.01
644 2026-02-15 1146.70
645 2022-08-05 1749.41
650 2024-10-01 107.38
652 2026-02-05 210.75
654 2025-10-15 108.41
658 2026-04-18 242.52
662 2022-09-02 329.07
665 2022-09-01 85.70
671 2023-10-28 1379.28
686 2022-03-22 61.36
692 2023-04-02 346.64
695 2026-01-02 110.69
712 2025-11-15 88.20
716 2023-08-29 2236.19
736 2025-02-22 579.11
738 2024-11-04 227.28
748 2023-05-31 224.99
756 2024-10-23 106.59
768 2024-01-20 346.70
769 2023-08-16 235.59
772 2025-10-16 167.20
778 2025-03-25 416.51
779 2021-02-05 2483.07
789 2025-08-04 505.13
791 2022-11-26 611.59
792 2023-11-13 60.58
804 2021-10-21 289.17
831 2024-09-09 812.61
836 2023-06-27 1185.66
837 2021-02-22 271.33
841 2025-09-25 164.75
844 2025-12-22 56.16
845 2024-07-18 208.62
847 2022-10-01 389.87
857 2023-04-28 639.35
863 2026-04-25 291.90
864 2021-11-14 1194.40
874 2023-11-25 58.06
876 2022-05-27 88.33
899 2023-04-23 711.82
900 2025-01-12 45.62
904 2021-09-24 83.68
910 2024-07-28 2631.59
920 2025-04-29 208.20
922 2022-09-19 1119.22
924 2025-03-25 68.87
939 2026-01-16 138.07
946 2025-07-06 921.23
966 2025-08-24 1618.70
972 2021-10-29 918.21
989 2025-05-26 3052.45
999 2023-10-26 814.53
1014 2022-08-23 194.16
1020 2023-02-17 1606.19
1021 2025-12-07 69.11
1022 2022-02-01 1841.00
1024 2023-09-10 206.27
1030 2026-05-31 601.75
1039 2025-07-19 70.31
1040 2022-12-09 76.01
1045 2021-12-30 61.49
1046 2022-06-30 507.99
1049 2025-10-06 73.16
1052 2025-08-21 75.93
1062 2023-09-18 1194.39
1066 2025-08-01 921.29
1067 2024-10-10 75.17
1069 2025-08-31 1749.98
1070 2023-03-14 1362.12
1071 2026-05-31 157.61
1075 2025-01-09 834.19
1086 2026-05-07 851.50
1090 2023-05-09 1252.81
1092 2022-10-22 1450.25
1095 2026-04-16 347.41
1098 2023-03-30 185.55
1110 2021-11-05 286.46
1126 2024-07-20 923.54
1132 2026-04-09 109.92
1137 2025-04-29 69.38
1142 2023-01-01 1533.01
1145 2023-06-08 2185.65
1151 2024-09-23 1016.34
1152 2026-02-03 784.41
1161 2026-04-15 1840.73
1165 2026-01-28 1699.18
1178 2023-03-16 62.48
1183 2026-01-11 658.80
1197 2021-10-01 72.59
1208 2024-12-10 161.07
1219 2021-08-01 110.41
1242 2021-03-20 1471.31
1253 2021-08-08 442.51
1260 2026-06-21 620.82
1265 2023-01-28 604.97
1268 2026-05-10 387.98
1275 2021-08-01 1139.76
1287 2022-07-22 213.58
1321 2023-08-11 945.57
1328 2023-01-01 131.83
1329 2026-02-22 447.99
1339 2025-05-18 1016.91
1346 2025-08-01 486.17
1348 2021-05-31 2009.71
1351 2026-02-18 1406.30
1353 2022-11-10 1032.78
1360 2023-12-30 1158.49
1361 2026-06-28 937.50
1372 2025-07-02 2443.60
1375 2025-07-28 280.04
1384 2024-03-20 126.35
1388 2026-06-04 321.11
1392 2023-09-14 1184.37
1404 2026-02-06 219.17
1411 2022-10-11 80.32
1417 2024-12-20 185.38
1421 2023-03-31 213.75
1431 2024-02-17 1767.37
1443 2022-03-23 664.92
1448 2025-11-25 178.60
1452 2022-10-15 475.56
1468 2022-01-27 634.03
1473 2025-02-03 73.11
1476 2021-09-25 75.47
1478 2021-04-04 969.94
1484 2024-09-05 2508.29
1490 2021-10-13 149.37
1494 2024-10-12 2334.66
1496 2026-05-28 622.01
1497 2026-04-14 118.22
1500 2023-08-02 679.93
1513 2026-05-08 547.40
1515 2026-01-20 116.96
1526 2024-01-10 634.72
1527 2021-02-18 170.74
1542 2024-04-04 163.99
1593 2024-10-08 57.03
1596 2025-09-30 1344.72
1610 2026-03-28 194.21
1623 2023-08-11 236.26
1636 2023-04-15 208.22
1647 2024-11-10 1849.34
1654 2023-02-26 65.40
1658 2026-02-02 208.85
1660 2023-12-12 116.10
1693 2026-02-01 80.20
1695 2026-02-09 149.53
1698 2026-02-13 208.46
1716 2021-09-23 1973.11
1728 2023-03-19 131.28
1736 2022-01-13 186.71
1740 2026-05-27 235.48
1743 2021-07-16 107.45
1747 2024-11-16 1065.67
1748 2025-06-23 1090.48
1752 2024-11-24 1056.94
1753 2024-12-25 416.40
1760 2023-12-16 268.94
1766 2022-10-28 106.41
1767 2025-08-06 2461.66
1772 2025-07-11 135.58
1782 2024-12-06 147.21
1793 2024-06-12 2040.78
1795 2022-04-23 473.10
1801 2026-07-01 365.68
1807 2025-03-31 280.98
1813 2021-11-22 176.82
1820 2022-01-23 75.67
1841 2024-03-02 191.88
1842 2022-04-26 2048.31
1843 2026-04-23 2221.35
1844 2022-07-22 1600.76
1853 2026-04-07 1039.62
1868 2023-07-28 431.30
1871 2025-09-10 231.09
1873 2025-04-07 105.58
1874 2026-02-18 1157.30
1875 2023-06-25 770.58
1878 2024-02-29 1454.38
1889 2026-04-21 172.28
1905 2022-12-25 158.98
1912 2021-08-25 92.08
1915 2023-08-26 1272.88
1918 2024-01-02 87.39
1939 2021-04-01 1111.88
1955 2026-04-29 42.26
1961 2026-05-29 54.83
1962 2021-01-07 3201.88
1966 2022-02-13 435.55
1967 2021-06-10 2073.31
1973 2024-12-19 837.51
1984 2026-06-26 62.39
1986 2026-01-17 398.48
1988 2023-08-23 147.23
1994 2023-10-18 107.89
2006 2023-09-29 96.00
2009 2022-03-02 335.96
2010 2026-06-14 1207.50
2012 2024-07-15 76.01
2014 2026-06-16 204.51
2017 2024-06-25 129.17
2018 2026-01-31 293.30
2021 2025-05-10 1810.94
2023 2026-02-20 1375.88
2026 2021-06-23 191.92
2040 2026-04-15 44.00
2052 2022-05-05 755.05
2060 2026-05-02 791.67
2061 2022-06-28 607.46
2063 2024-02-03 110.93
2074 2026-02-10 389.89
2087 2024-09-07 385.19
2090 2025-12-12 128.59
2091 2022-02-12 756.80
2092 2026-02-20 229.27
2103 2026-06-22 805.94
2105 2025-09-19 61.58
2109 2024-07-08 734.78
2111 2022-02-15 102.79
2114 2021-12-26 2154.07
2115 2024-10-06 1099.35
2124 2022-06-03 180.15
2129 2025-09-02 188.92
2142 2026-03-06 510.69
2167 2025-01-13 126.79
2170 2025-01-30 769.47
2181 2026-03-15 1033.31
2210 2026-03-15 90.54
2212 2022-02-28 228.52
2219 2025-06-23 2451.91
2223 2023-02-25 230.08
2227 2026-05-11 1062.95
2233 2024-12-14 2096.08
2240 2022-06-19 605.09
2254 2025-05-26 69.25
2262 2026-04-09 710.75
2280 2023-04-14 238.99
2286 2025-08-13 57.96
2306 2026-02-11 102.59
2313 2022-09-13 105.74
2326 2023-06-30 650.11
2331 2026-03-27 1548.16
2346 2026-02-04 326.43
2360 2026-02-23 1393.14
2366 2025-09-08 69.42
2379 2026-02-07 1442.76
2381 2023-10-21 452.93
2383 2025-02-06 640.29
2388 2021-05-26 2055.88
2394 2023-12-19 1457.93
2431 2021-05-07 160.25
2435 2026-03-02 274.39
2441 2025-06-02 417.18
2453 2026-04-06 753.16
2465 2025-09-05 771.40
2469 2021-10-07 90.21
2473 2024-01-09 1272.07
2477 2026-05-08 355.62
2488 2026-01-25 148.97
2491 2026-01-10 668.17
2493 2022-10-27 789.24
2499 2021-05-04 2541.09
2503 2025-12-29 2444.28
2521 2024-07-19 405.78
2523 2026-05-11 153.85
2528 2022-01-13 1143.29
2535 2026-06-11 180.32
2539 2023-04-12 2431.58
2547 2023-02-18 841.80
2553 2024-04-25 256.53
2556 2026-04-09 81.76
2564 2021-02-08 743.98
2571 2026-05-19 148.44
2572 2025-02-13 148.24
2575 2026-04-11 1093.27
2578 2023-02-26 814.16
2579 2025-10-28 96.62
2580 2024-11-15 379.26
2583 2024-03-15 42.42
2589 2025-08-20 1935.45
2598 2022-12-13 341.53
2616 2021-05-02 276.83
2619 2026-02-14 170.66
2622 2024-02-02 208.27
2625 2025-10-03 47.25
2640 2024-01-29 695.25
2643 2023-12-25 2584.58
2646 2026-02-22 1609.24
2650 2022-11-02 132.97
2655 2021-10-25 50.86
2659 2025-04-16 50.67
2665 2026-02-02 212.08
2672 2023-06-22 971.22
2678 2025-07-01 75.07
2681 2023-03-05 177.59
2690 2023-01-18 2528.06
2700 2025-07-24 79.76
2707 2023-03-28 103.02
2715 2026-04-21 234.47
2719 2023-11-24 222.30
2722 2026-01-05 1107.36
2724 2021-05-19 179.23
2730 2025-12-29 675.39
2740 2022-03-25 77.14
2741 2026-02-19 146.13
2746 2023-11-26 626.40
2757 2024-04-15 167.47
2769 2024-12-08 236.12
2775 2021-08-25 304.59
2796 2022-04-16 730.45
2797 2021-08-20 2061.14
2800 2023-05-22 1340.54
2802 2024-10-31 273.82
2808 2025-01-10 1888.55
2816 2022-01-15 190.76
2820 2024-05-29 154.19
2823 2026-04-21 704.46
2827 2026-03-05 178.06
2842 2022-12-11 380.50
2882 2023-07-10 314.11
2906 2021-06-04 1795.54
2907 2022-07-27 127.08
2915 2023-08-18 1375.87
2923 2024-02-08 54.28
2925 2024-12-27 1244.94
2937 2022-07-19 71.42
2942 2022-08-13 260.87
2945 2023-11-14 1451.46
2946 2023-05-22 171.35
2956 2022-06-11 337.48
2958 2025-06-08 52.10
2969 2022-03-19 93.25
2971 2025-08-30 413.44
2996 2022-04-13 50.41
3004 2023-11-06 1242.39
3005 2024-06-05 152.47
3006 2022-12-08 52.45
3007 2024-06-25 137.92
3016 2023-04-14 186.80
3019 2021-11-14 388.84
3027 2026-06-22 256.84
3052 2022-07-26 106.47
3063 2026-02-11 642.19
3066 2022-03-28 1153.01
3067 2026-02-23 196.59
3072 2024-05-19 1048.69
3083 2022-06-25 145.29
3092 2026-05-08 60.46
3095 2023-11-02 638.99
3100 2021-04-29 652.53
3105 2023-12-17 868.98
3112 2024-08-12 183.82
3113 2025-10-24 80.55
3114 2026-01-04 1670.55
3115 2022-11-17 168.19
3121 2026-04-26 389.45
3123 2022-11-09 883.36
3124 2023-10-13 92.54
3125 2022-12-26 215.04
3133 2026-07-01 83.58
3134 2022-02-21 292.68
3146 2025-08-11 658.92
3148 2022-04-14 131.94
3158 2021-05-22 2176.48
3164 2026-01-11 232.54
3170 2023-12-17 121.91
3171 2022-05-22 1617.60
3174 2024-12-07 1225.03
3184 2021-12-25 113.25
3200 2026-03-23 643.59
3202 2025-06-08 157.19
3206 2022-03-18 1621.03
3214 2026-04-26 78.36
3228 2024-03-25 487.02
3233 2026-03-16 64.42
3251 2023-09-30 247.77
3261 2022-01-14 1047.65
3265 2022-06-06 867.73
3270 2026-01-02 82.48
3272 2022-05-12 672.61
3286 2023-02-07 205.16
3288 2026-01-06 2818.47
3293 2026-06-11 1548.95
3298 2022-12-17 788.18
3308 2023-08-15 469.13
3309 2024-02-24 96.36
3311 2024-02-12 168.49
3318 2025-03-06 132.65
3319 2021-05-02 528.48
3331 2025-03-12 62.14
3358 2023-06-09 1711.89
3359 2023-05-30 206.34
3362 2026-06-24 161.17
3363 2021-04-20 1304.43
3365 2025-02-17 808.82
3370 2025-01-11 752.00
3372 2026-04-25 46.71
3383 2023-05-17 118.17
3386 2024-11-18 82.98
3390 2024-02-16 54.91
3392 2026-06-13 457.05
3395 2023-12-23 130.35
3409 2021-10-21 185.84
3422 2022-12-27 695.17
3427 2026-03-31 539.99
3435 2023-08-20 94.51
3443 2023-04-01 766.03
3451 2024-11-10 2344.23
3464 2024-09-01 87.48
3473 2025-09-30 553.29
3483 2025-07-07 1846.21
3493 2021-10-24 1002.52
3507 2025-12-16 134.58
3510 2023-11-12 1721.88
3515 2023-02-17 359.54
3526 2025-11-23 1162.12
3531 2021-03-24 142.94
3532 2025-01-07 85.32
3533 2024-04-02 1671.98
3548 2022-10-29 750.25
3551 2024-10-23 133.22
3552 2025-01-16 2005.75
3579 2023-01-10 398.56
3582 2025-08-08 1048.52
3593 2025-02-10 80.34
3605 2022-05-25 163.29
3616 2025-06-10 231.97
3619 2023-01-01 252.76
3629 2024-08-01 101.21
3632 2022-05-05 1029.19
3649 2023-07-30 337.23
3650 2024-01-31 94.51
3653 2025-04-18 1202.92
3654 2026-05-22 1686.80
3657 2021-06-10 500.43
3659 2021-12-15 303.54
3673 2023-10-22 790.77
3692 2023-12-22 2025.76
3706 2021-05-21 142.09
3707 2021-08-10 78.01
3718 2025-06-24 1438.25
3724 2022-04-01 1828.46
3746 2025-03-07 63.96
3769 2026-05-03 243.56
3774 2023-04-24 42.40
3779 2022-06-29 1302.05
3782 2025-06-01 66.99
3789 2024-09-03 1234.63
3793 2021-05-27 194.48
3796 2024-07-10 360.49
3807 2025-10-23 1110.39
3809 2024-09-25 506.22
3826 2024-01-09 590.14
3838 2026-01-30 657.01
3843 2023-06-15 510.05
3848 2021-11-30 840.62
3853 2026-04-09 197.03
3859 2026-06-24 283.82
3864 2021-02-14 56.14
3869 2026-01-25 1160.68
3871 2026-07-01 539.16
3876 2021-08-11 81.14
3880 2024-06-26 61.59
3883 2025-10-19 766.83
3890 2022-04-09 144.87
3891 2021-01-10 145.95
3894 2025-04-28 246.41
3897 2021-05-28 837.60
3901 2024-01-26 1810.50
3916 2023-07-28 1404.30
3936 2022-07-16 452.59
3938 2025-01-20 987.04
3942 2023-05-06 257.00
3943 2025-04-06 698.48
3949 2026-01-23 370.08
3957 2021-02-01 1697.78
3983 2021-05-29 52.11
3994 2026-03-19 114.35
3995 2023-05-24 484.38
4004 2025-06-28 403.21
4008 2025-11-14 1000.26
4046 2025-01-23 579.67
4048 2024-03-13 1074.65
4056 2023-10-22 981.77
4060 2026-05-14 771.80
4063 2023-07-07 748.21
4064 2022-08-15 164.82
4078 2024-11-11 1155.61
4106 2023-12-19 132.07
4108 2025-10-13 77.52
4129 2026-04-24 778.70
4132 2022-07-05 706.50
4133 2021-03-21 165.66
4134 2022-10-15 183.81
4138 2021-03-22 158.52
4143 2023-06-30 66.57
4146 2025-10-01 71.35
4153 2025-02-09 60.41
4157 2025-12-23 2668.86
4163 2022-12-27 205.51
4174 2024-05-13 1054.93
4194 2022-04-05 1180.74
4197 2022-05-28 629.60
4202 2025-09-21 605.86
4219 2025-05-03 64.94
4224 2024-09-06 742.50
4233 2024-12-11 1475.19
4246 2022-12-07 799.14
4248 2026-02-15 172.16
4256 2024-09-05 239.32
4270 2021-06-08 104.15
4271 2026-02-19 786.10
4272 2026-06-17 1150.51
4280 2026-05-01 1350.14
4281 2026-01-16 71.58
4292 2022-01-21 79.60
4293 2026-03-22 151.13
4300 2024-09-24 220.10
4301 2026-01-19 332.52
4313 2025-04-04 262.10
4317 2022-08-14 115.43
4318 2023-02-05 48.52
4327 2024-09-10 207.46
4334 2025-10-24 90.52
4338 2022-10-31 418.65
4343 2025-01-22 167.91
4348 2025-02-09 1115.13
4354 2024-11-22 42.00
4360 2024-01-24 912.67
4365 2021-10-04 413.22
4381 2026-06-14 190.95
4392 2024-09-25 560.56
4393 2026-06-13 373.33
4404 2021-08-05 107.29
4405 2022-12-19 59.89
4410 2024-02-24 97.15
4420 2024-07-16 451.70
4425 2021-06-12 49.74
4430 2022-12-27 99.65
4439 2025-09-16 851.12
4457 2025-01-12 485.62
4463 2025-02-10 137.00
4472 2026-05-14 68.59
4477 2025-10-05 164.35
4482 2026-06-30 189.03
4483 2024-06-25 841.06
4484 2021-10-20 194.54
4504 2023-10-01 226.54
4505 2023-04-26 1203.98
4515 2025-05-01 415.09
4519 2026-05-16 1419.33
4531 2021-08-31 233.31
4532 2026-04-11 156.44
4534 2025-01-14 501.92
4536 2022-12-24 637.79
4540 2026-03-31 105.08
4542 2023-05-12 67.89
4555 2025-04-26 157.13
4557 2021-07-22 55.05
4564 2026-04-02 2313.97
4566 2022-07-27 44.24
4567 2024-01-23 91.17
4568 2024-12-03 664.50
4575 2026-01-21 560.63
4577 2026-05-01 103.92
4580 2021-11-17 642.32
4587 2022-09-23 76.81
4591 2024-03-09 278.41
4592 2024-06-07 1832.73
4610 2024-05-13 1961.63
4613 2024-10-21 127.30
4625 2026-05-06 1607.91
4644 2023-06-20 1627.54
4645 2026-04-29 143.23
4649 2022-08-26 2151.48
4655 2024-11-03 324.85
4663 2026-01-31 154.13
4667 2023-04-02 286.72
4685 2025-09-30 67.37
4691 2026-02-19 500.83
4693 2026-06-23 218.08
4696 2025-11-10 175.48
4698 2026-01-03 156.18
4699 2024-12-26 166.78
4723 2026-04-30 166.43
4726 2022-07-28 298.17
4728 2026-03-28 80.25
4730 2023-04-20 2734.95
4736 2021-03-05 47.52
4740 2025-08-28 137.97
4749 2023-03-29 244.22
4760 2021-03-04 2575.65
4780 2023-08-13 1069.55
4785 2026-02-04 58.75
4786 2025-01-22 579.34
4794 2026-05-01 231.96
4798 2024-02-03 83.17
4806 2025-03-01 1611.99
4807 2025-01-25 102.49
4810 2025-08-12 74.72
4812 2023-03-02 90.80
4814 2026-05-25 212.51
4829 2022-01-11 547.44
4841 2023-02-14 80.19
4845 2024-04-18 1646.09
4851 2022-07-03 495.47
4856 2021-04-04 108.17
4864 2024-10-23 59.98
4872 2026-05-16 2239.44
4874 2025-04-25 520.22
4882 2026-01-26 771.86
4900 2024-08-30 147.05
4903 2024-06-22 1331.95
4905 2026-02-12 298.33
4911 2023-03-07 272.92
4916 2025-07-20 1646.20
4922 2026-02-14 53.33
4930 2025-05-26 125.75
4936 2024-02-19 476.33
4960 2023-02-27 143.30
4974 2025-04-25 1158.07
4979 2025-05-05 332.94
4992 2021-10-01 516.87
4996 2025-04-25 128.16
5004 2025-09-17 160.83
5023 2026-02-18 301.70
5025 2021-07-12 440.38
5027 2021-08-09 1086.29
5031 2021-08-29 75.85
5033 2025-08-14 76.88
5034 2022-03-21 514.10
5051 2025-07-11 761.50
5052 2022-03-12 208.12
5054 2024-11-08 1574.20
5056 2024-11-17 657.86
5057 2026-05-03 2564.39
5062 2025-03-16 1775.70
5085 2024-08-30 428.86
5092 2022-01-29 168.68
5096 2026-03-17 301.11
5101 2022-06-23 755.02
5106 2025-06-29 95.91
5108 2025-08-10 1395.57
5116 2026-04-16 62.56
5130 2023-07-28 2730.80
5132 2023-02-21 568.02
5152 2023-12-03 1692.28
5157 2022-09-06 494.40
5169 2025-09-05 64.71
5182 2025-06-19 190.80
5196 2023-12-02 1091.78
5201 2025-12-31 199.45
5210 2023-04-02 522.36
5211 2022-01-31 834.09
5213 2025-09-11 45.23
5214 2024-07-07 959.52
5217 2022-02-14 826.08
5222 2024-04-10 781.94
5240 2022-09-28 169.62
5253 2021-08-11 408.03
5256 2025-05-22 156.95
5273 2026-05-15 1997.36
5285 2026-04-02 239.15
5291 2021-04-09 86.67
5302 2022-07-14 681.96
5317 2026-06-20 1146.87
5318 2024-07-17 184.66
5322 2024-10-29 436.76
5329 2026-04-14 146.59
5340 2025-06-25 126.83
5346 2026-01-06 1062.85
5360 2022-01-26 521.31
5363 2024-06-03 249.07
5365 2021-08-02 1191.38
5376 2026-06-20 54.53
5380 2022-01-27 1861.50
5384 2026-02-01 2964.78
5386 2024-04-04 189.62
5410 2026-02-06 61.56
5411 2025-03-07 3132.15
5412 2024-08-14 1490.51
5414 2024-12-17 158.73
5415 2026-06-17 2190.20
5416 2025-03-28 1446.25
5421 2026-03-29 344.13
5436 2021-02-07 195.04
5439 2021-12-25 69.05
5447 2024-03-07 621.59
5450 2022-05-18 2706.70
5455 2025-08-09 290.88
5456 2021-12-25 339.41
5458 2026-05-17 742.84
5461 2025-11-30 229.93
5468 2025-11-08 347.48
5471 2026-03-30 2340.45
5475 2023-09-01 109.02
5478 2026-02-07 609.49
5482 2025-11-21 49.33
5488 2024-06-18 71.76
5491 2025-06-08 972.32
5508 2023-07-07 1358.36
5512 2024-10-16 437.28
5542 2021-03-18 117.65
5544 2026-05-31 2671.19
5552 2023-10-28 149.35
5556 2025-11-05 57.44
5557 2026-05-13 374.55
5566 2025-12-10 91.74
5584 2025-07-14 250.69
5594 2022-01-17 2320.73
5595 2023-11-01 165.35
5603 2021-04-29 204.41
5622 2024-05-07 525.93
5623 2026-01-03 272.91
5630 2025-11-25 2708.97
5647 2021-01-03 528.20
5654 2024-02-17 313.07
5663 2022-08-28 407.27
5687 2025-06-26 55.06
5688 2023-05-12 483.72
5697 2024-10-31 573.27
5701 2021-08-30 475.31
5703 2025-07-18 119.25
5708 2021-04-18 453.54
5720 2024-02-10 183.56
5721 2025-01-03 82.19
5725 2024-02-21 59.52
5731 2023-01-15 78.94
5742 2026-04-30 184.81
5747 2022-07-08 1233.11
5751 2025-02-22 65.51
5754 2021-05-27 152.20
5760 2022-06-02 396.51
5766 2021-11-11 2004.07
5767 2024-04-08 1147.16
5781 2025-08-31 1683.12
5801 2026-05-26 315.21
5802 2024-05-29 1265.27
5815 2024-01-29 96.18
5817 2021-09-13 870.80
5824 2021-01-30 591.19
5835 2024-07-07 189.57
5849 2022-01-04 1331.97
5857 2026-05-20 147.36
5858 2026-03-09 68.18
5865 2022-02-08 62.61
5868 2024-07-09 143.75
5870 2022-08-11 306.86
5886 2022-02-02 980.85
5889 2023-01-20 181.63
5891 2021-10-21 70.67
5898 2024-08-03 1354.59
5909 2024-04-03 1681.06
5920 2024-03-10 800.54
5923 2024-02-09 146.82
5931 2021-01-11 721.25
5933 2022-07-21 787.10
5941 2024-08-09 85.63
5952 2023-07-05 156.47
5961 2024-04-18 70.00
5963 2025-11-12 161.32
5974 2021-11-08 154.30
5980 2024-04-20 1036.92
5987 2022-01-20 200.25
5991 2021-12-15 94.40
6004 2021-10-06 99.07
6011 2025-04-13 2309.24
6022 2025-02-07 911.48
6028 2025-07-06 1114.23
6034 2024-04-03 119.83
6035 2026-03-03 61.50
6037 2022-10-21 379.41
6040 2023-10-20 411.39
6043 2021-04-15 257.60
6049 2024-06-02 128.18
6055 2024-02-09 551.06
6056 2023-07-29 100.03
6061 2025-08-02 799.25
6063 2021-04-29 53.07
6069 2025-01-31 227.78
6084 2022-10-22 307.13
6086 2025-06-01 67.16
6089 2022-03-19 573.50
6130 2023-07-24 2548.95
6136 2021-09-02 232.72
6144 2022-01-13 57.26
6145 2022-07-04 133.92
6149 2023-11-14 247.28
6156 2024-07-05 193.05
6164 2022-01-28 70.87
6175 2026-02-16 612.39
6186 2024-06-15 1333.31
6200 2022-07-11 275.04
6216 2026-04-03 231.52
6218 2021-04-21 89.42
6221 2025-09-12 139.81
6222 2026-01-21 990.00
6234 2022-03-29 1669.61
6237 2023-04-18 2169.11
6241 2026-04-11 620.07
6242 2022-08-12 173.82
6243 2022-09-09 236.89
6247 2026-04-23 94.72
6262 2025-07-06 61.02
6268 2023-12-25 2652.46
6269 2021-06-28 126.07
6274 2026-04-14 717.43
6288 2021-07-31 196.96
6306 2026-01-24 50.11
6313 2026-06-27 211.41
6322 2026-01-06 160.75
6326 2025-01-20 994.12
6329 2023-02-24 78.28
6348 2022-11-22 291.20
6349 2022-10-12 93.03
6352 2024-12-26 2443.26
6354 2022-04-03 252.73
6357 2022-11-01 299.31
6368 2022-01-26 90.19
6383 2024-05-07 170.31
6399 2025-08-18 1088.60
6405 2023-12-10 563.15
6406 2022-11-09 1498.97
6411 2023-05-21 1265.90
6414 2021-02-08 195.41
6425 2022-09-25 1183.99
6430 2024-05-05 955.01
6436 2023-04-07 493.60
6437 2026-05-06 78.71
6451 2021-04-13 1154.61
6457 2025-11-12 59.54
6458 2021-04-22 770.20
6461 2026-01-03 93.07
6462 2024-12-16 1796.66
6463 2025-11-24 90.90
6466 2024-04-27 772.30
6468 2026-01-11 270.53
6485 2021-12-17 215.03
6493 2021-10-03 580.23
6502 2024-07-07 53.30
6507 2026-04-05 439.32
6517 2025-01-10 161.22
6521 2023-01-07 75.90
6529 2026-02-14 80.21
6537 2023-09-09 85.11
6538 2021-10-23 54.40
6539 2026-04-13 615.39
6544 2026-02-26 188.78
6546 2024-11-08 141.87
6549 2025-03-05 176.41
6552 2026-04-03 733.32
6562 2026-03-08 87.10
6564 2024-07-01 188.35
6565 2024-11-11 1355.96
6572 2022-05-05 1441.52
6575 2025-10-18 102.97
6578 2024-11-14 388.54
6585 2025-01-22 102.64
6599 2021-02-18 891.18
6610 2026-04-07 102.23
6623 2024-01-25 136.97
6628 2021-06-25 952.16
6633 2021-02-05 61.49
6641 2026-06-06 201.41
6648 2025-08-07 951.34
6653 2021-03-28 56.15
6659 2026-03-30 1378.43
6670 2026-04-20 171.99
6686 2026-02-08 425.10
6692 2021-11-23 226.61
6694 2021-12-09 55.24
6704 2023-07-13 170.67
6709 2024-03-26 2551.70
6720 2025-03-23 91.99
6722 2023-01-03 1335.94
6727 2024-12-16 201.98
6734 2026-06-17 77.55
6741 2022-06-07 1779.05
6742 2025-05-31 62.74
6762 2024-08-29 331.38
6766 2025-02-10 772.27
6768 2022-05-23 57.02
6770 2024-08-16 288.17
6777 2025-12-06 136.78
6778 2025-08-02 899.17
6782 2024-04-05 1987.21
6787 2022-03-15 2161.50
6791 2021-12-05 119.93
6792 2024-08-26 1625.51
6796 2021-04-01 867.13
6807 2022-12-03 688.68
6814 2021-06-18 63.14
6815 2025-01-01 61.94
6821 2025-12-14 231.19
6824 2026-04-23 813.44
6831 2022-05-21 1718.14
6839 2024-11-13 1070.17
6842 2026-05-20 663.71
6846 2026-02-04 71.62
6851 2021-11-18 561.61
6852 2023-04-04 273.20
6855 2026-05-17 419.95
6862 2026-04-15 161.79
6871 2021-04-06 231.50
6878 2024-06-23 1401.55
6880 2026-05-01 218.10
6886 2022-08-20 62.63
6898 2026-02-10 47.17
6909 2026-03-29 2153.39
6914 2026-03-26 209.73
6916 2026-02-27 1146.22
6928 2026-06-29 61.37
6933 2026-05-22 583.48
6936 2026-06-03 157.30
6937 2022-03-27 114.58
6939 2026-05-02 225.41
6946 2022-05-02 454.87
6966 2021-11-28 64.55
6988 2025-12-30 238.23
6992 2022-06-25 276.66
7008 2026-03-21 142.83
7014 2022-06-21 187.68
7015 2021-06-10 1431.55
7017 2026-06-06 951.57
7018 2023-08-16 75.11
7035 2024-06-22 61.49
7036 2026-02-03 777.34
7038 2024-06-07 44.50
7041 2022-08-19 1712.53
7057 2026-05-15 149.55
7064 2025-06-27 76.64
7077 2023-12-17 1946.89
7080 2026-01-14 336.71
7086 2023-01-28 218.20
7087 2023-03-16 80.66
7092 2026-01-02 865.87
7099 2026-06-30 576.11
7107 2026-02-01 706.77
7114 2025-01-18 265.22
7123 2024-09-11 485.89
7134 2022-07-16 66.52
7142 2021-11-28 289.06
7143 2024-03-26 1437.50
7151 2023-11-11 309.25
7152 2022-01-15 207.12
7154 2022-11-02 204.43
7160 2024-10-10 137.15
7161 2026-02-16 103.87
7173 2024-07-24 854.37
7178 2023-01-19 86.99
7185 2024-09-12 348.39
7208 2026-03-19 1574.61
7209 2025-07-12 1062.20
7211 2025-11-06 1288.39
7212 2024-05-14 166.26
7219 2025-11-05 415.39
7221 2026-05-30 193.62
7222 2022-12-11 1212.96
7223 2023-10-21 814.90
7224 2023-07-16 126.15
7229 2021-12-31 82.84
7230 2021-03-25 1428.95
7233 2025-10-28 116.71
7235 2025-11-22 112.83
7241 2021-11-03 178.11
7244 2021-03-10 176.92
7245 2022-07-02 671.61
7248 2021-06-12 1139.46
7252 2024-07-25 639.52
7254 2025-09-05 75.06
7262 2024-08-04 1306.23
7268 2025-03-05 193.44
7270 2026-05-31 90.90
7274 2024-10-01 89.31
7276 2025-07-28 315.43
7278 2022-03-03 1153.22
7279 2024-01-04 399.57
7281 2025-10-16 133.96
7289 2026-03-13 82.61
7295 2026-01-22 846.17
7297 2026-01-17 79.31
7302 2026-03-25 61.05
7306 2024-04-22 880.74
7323 2023-11-06 270.12
7329 2023-05-25 102.51
7332 2025-03-30 1879.76
7334 2021-08-23 199.66
7342 2023-09-25 516.12
7350 2026-02-21 1177.32
7352 2024-06-17 628.72
7380 2024-03-01 167.08
7392 2025-08-27 212.10
7401 2026-01-18 314.05
7413 2025-08-28 1153.63
7414 2021-06-30 160.77
7427 2023-05-04 532.38
7431 2024-01-09 1198.60
7432 2026-04-27 101.19
7439 2024-08-19 1377.90
7449 2024-10-16 242.85
7452 2022-02-12 91.09
7456 2024-10-07 98.47
7462 2026-03-05 2658.56
7476 2023-03-23 576.10
7479 2023-12-10 170.08
7480 2026-05-21 64.13
7482 2021-11-18 527.80
7488 2023-07-05 69.74
7489 2022-08-09 1967.24
7490 2026-01-11 2136.06
7501 2022-05-15 136.40
7509 2021-01-02 566.72
7517 2024-01-05 418.63
7526 2022-02-17 195.37
7530 2026-02-04 135.86
7538 2021-10-23 128.54
7559 2021-12-25 73.12
7563 2025-07-28 1940.93
7565 2023-10-21 123.30
7573 2025-12-11 381.32
7578 2024-04-17 47.23
7581 2024-10-21 1819.11
7593 2024-07-16 86.87
7603 2024-06-25 938.49
7608 2023-07-25 90.77
7615 2023-07-05 166.42
7617 2023-05-13 1201.04
7627 2021-06-27 1063.88
7629 2023-08-25 782.57
7631 2023-03-11 905.91
7639 2024-11-07 778.69
7641 2022-07-28 251.74
7650 2025-04-23 767.90
7651 2022-10-21 131.53
7653 2025-03-21 90.55
7661 2024-06-28 1288.17
7662 2025-02-07 617.44
7665 2022-02-03 115.33
7679 2024-04-11 108.92
7697 2024-01-26 240.51
7705 2021-06-18 342.72
7706 2025-11-24 415.18
7721 2026-05-02 192.69
7723 2026-01-13 692.16
7748 2026-02-11 795.07
7762 2022-03-10 134.58
7763 2022-02-10 353.77
7775 2024-09-12 410.54
7779 2022-07-20 137.01
7788 2025-07-02 1905.23
7798 2022-05-04 168.41
7799 2026-05-12 177.62
7801 2026-03-12 121.56
7803 2026-04-19 181.47
7814 2025-06-05 330.84
7825 2021-09-14 838.60
7833 2023-10-30 207.76
7835 2021-05-25 46.75
7838 2025-02-28 407.34
7847 2025-07-14 139.90
7861 2021-01-14 1934.26
7864 2023-02-06 57.10
7866 2021-04-30 52.28
7879 2026-06-21 609.99
7883 2021-07-12 451.91
7893 2024-07-15 57.29
7899 2023-01-29 798.49
7900 2023-05-16 63.21
7902 2021-04-29 68.16
7908 2022-04-13 241.15
7909 2025-12-22 196.68
7911 2026-03-09 1051.65
7938 2026-01-10 1128.13
7947 2025-06-27 916.82
7950 2022-09-20 184.56
7954 2022-11-07 836.44
7955 2023-09-20 1343.82
7956 2023-08-18 741.79
7964 2026-05-25 341.54
7969 2024-08-15 104.44
7975 2021-05-30 85.17
7985 2023-07-28 270.57
7994 2026-06-12 772.15
8007 2025-06-10 366.15
8011 2026-01-08 134.40
8016 2024-05-28 107.99
8017 2021-01-11 88.82
8027 2024-07-11 452.00
8032 2021-03-25 97.46
8038 2026-02-07 82.73
8049 2023-05-15 87.64
8051 2021-04-25 1093.18
8070 2024-07-06 780.05
8072 2024-12-10 1126.85
8077 2022-08-11 2110.71
8088 2023-01-30 1335.44
8089 2023-01-24 58.64
8090 2023-10-07 90.70
8095 2025-09-11 1389.42
8103 2023-09-20 323.81
8126 2025-08-09 406.30
8128 2024-01-02 198.07
8136 2026-02-27 411.89
8138 2021-05-29 3199.72
8139 2025-06-13 167.25
8142 2025-06-09 1003.18
8143 2024-02-17 1581.15
8146 2021-12-21 1244.51
8147 2026-01-23 182.15
8173 2026-04-26 2132.34
8181 2026-01-14 1052.31
8185 2024-12-09 90.47
8191 2024-07-01 208.31
8193 2023-07-01 612.68
8196 2026-02-06 182.83
8203 2021-11-23 856.92
8214 2025-10-15 387.79
8217 2026-06-28 576.39
8223 2022-10-21 200.47
8229 2025-05-01 2144.30
8234 2021-03-28 751.18
8236 2025-03-23 80.79
8239 2024-11-05 1708.82
8241 2022-04-29 1609.72
8246 2025-10-09 138.50
8247 2026-06-02 2133.66
8249 2026-05-31 418.30
8251 2026-03-07 191.43
8259 2022-04-09 90.37
8263 2021-05-21 1044.80
8270 2026-04-28 841.22
8286 2024-04-28 217.34
8287 2022-03-21 843.98
8289 2021-06-29 243.45
8305 2026-02-17 1122.99
8311 2025-02-08 692.92
8317 2021-12-07 1479.80
8321 2025-09-24 1102.14
8332 2021-09-02 2263.81
8333 2022-09-26 362.33
8336 2021-04-16 71.42
8339 2025-08-06 279.47
8346 2023-02-19 44.89
8352 2024-01-12 437.32
8355 2023-12-02 719.52
8356 2023-09-27 103.81
8361 2024-09-18 384.66
8362 2021-12-30 1158.81
8365 2024-02-29 147.79
8369 2024-03-05 290.48
8385 2022-04-28 953.64
8387 2024-04-30 207.65
8395 2026-06-15 332.59
8411 2024-04-07 1158.28
8413 2024-02-08 836.68
8414 2025-12-08 489.65
8424 2026-01-23 888.33
8431 2021-02-05 1308.61
8441 2025-06-26 160.98
8442 2021-06-21 637.72
8451 2025-10-14 207.92
8454 2023-08-01 71.29
8457 2021-07-04 161.87
8460 2026-01-13 430.30
8465 2022-12-17 87.82
8466 2025-02-26 146.96
8467 2025-07-01 62.34
8478 2025-05-03 82.92
8480 2022-08-17 469.43
8481 2026-02-17 108.11
8489 2021-08-03 530.48
8504 2024-08-08 74.03
8511 2023-02-08 2312.11
8523 2022-08-08 192.25
8526 2021-08-25 79.23
8527 2021-08-27 62.14
8530 2022-08-01 211.41
8532 2022-06-03 79.30
8542 2023-02-27 183.78
8545 2025-02-01 1100.45
8561 2023-05-14 75.30
8562 2021-03-14 546.87
8563 2026-02-22 166.88
8566 2024-09-26 201.44
8569 2022-01-21 51.99
8571 2026-02-17 806.16
8582 2025-04-05 113.96
8588 2023-04-03 43.53
8598 2022-07-15 144.16
8599 2025-07-25 625.52
8614 2025-03-03 1014.56
8622 2026-03-19 115.60
8623 2022-07-15 113.77
8630 2024-11-10 817.15
8664 2022-12-23 97.11
8673 2024-07-09 965.72
8682 2026-06-05 72.17
8687 2025-09-29 61.66
8700 2023-01-30 198.71
8703 2021-08-10 1778.74
8707 2024-08-08 573.78
8712 2024-12-27 65.40
8715 2022-12-15 218.10
8718 2024-06-19 1157.50
8722 2022-09-01 80.02
8725 2024-03-06 677.74
8742 2026-02-08 242.67
8765 2026-02-12 2567.64
8771 2026-02-10 167.62
8773 2026-01-04 374.29
8775 2022-09-13 200.02
8782 2025-07-02 1321.80
8785 2024-09-12 78.86
8791 2021-07-13 1002.97
8794 2025-02-15 386.91
8802 2026-03-18 834.51
8805 2024-11-21 550.67
8830 2025-08-12 70.36
8838 2023-09-11 194.12
8849 2022-12-09 1641.89
8852 2023-03-11 124.84
8853 2023-04-21 139.47
8859 2026-02-07 99.88
8878 2025-03-17 940.56
8882 2023-06-13 215.41
8889 2024-12-13 50.34
8920 2021-07-18 117.90
8933 2026-06-20 181.38
8940 2023-03-18 338.98
8950 2021-06-15 621.46
8954 2025-11-01 962.65
8963 2024-10-03 2245.77
8966 2024-12-03 125.33
8974 2026-04-28 229.77
8975 2025-04-26 1365.10
8979 2023-05-21 198.61
8982 2024-09-03 176.97
8987 2021-11-07 295.99
9004 2023-02-19 67.23
9012 2023-03-24 1729.09
9017 2025-03-16 155.56
9022 2025-01-08 144.33
9023 2025-09-14 188.95
9025 2025-08-06 1307.82
9034 2023-06-07 212.14
9035 2024-09-22 753.52
9056 2022-09-01 1387.76
9064 2026-06-21 103.67
9066 2025-05-30 310.05
9074 2025-02-03 225.94
9082 2026-01-28 160.77
9093 2022-04-11 1859.09
9098 2025-07-18 2437.34
9100 2022-07-09 62.12
9106 2026-02-07 406.22
9117 2025-08-28 194.29
9118 2023-03-29 256.91
9121 2024-11-25 1086.13
9128 2025-12-31 58.16
9144 2026-01-24 944.73
9152 2026-06-29 150.38
9158 2021-07-12 67.68
9162 2026-01-31 1196.20
9168 2025-07-28 243.59
9172 2021-02-18 248.99
9185 2021-12-23 713.62
9190 2024-10-14 501.74
9198 2022-12-02 91.45
9203 2021-01-03 52.54
9208 2024-10-11 2475.47
9211 2024-12-30 440.33
9216 2026-04-16 1265.12
9219 2026-02-13 1299.29
9228 2023-06-09 145.18
9237 2024-04-10 1779.89
9239 2026-02-14 270.40
9246 2023-02-02 2099.11
9281 2024-11-16 187.05
9286 2021-03-19 244.88
9298 2021-05-24 53.74
9299 2026-06-22 790.90
9313 2024-05-07 935.38
9318 2021-02-08 245.67
9328 2026-02-18 1049.41
9332 2026-02-02 1683.13
9354 2021-10-27 231.65
9356 2026-05-03 451.00
9358 2024-03-17 1302.45
9368 2026-02-08 102.75
9375 2026-04-15 84.82
9376 2023-05-08 190.50
9377 2021-01-30 80.50
9379 2024-05-21 1464.87
9382 2022-11-11 1090.11
9391 2021-04-14 1523.20
9396 2026-04-06 212.80
9416 2026-04-01 1450.41
9427 2026-05-24 45.51
9430 2024-06-09 498.57
9446 2026-04-10 217.41
9450 2024-09-20 1235.66
9453 2026-06-26 2809.35
9461 2024-03-06 343.06
9462 2026-02-04 2175.06
9463 2025-11-24 46.88
9465 2024-03-08 619.31
9472 2021-06-03 86.21
9476 2026-01-27 122.34
9482 2026-06-22 808.55
9485 2023-01-17 321.35
9486 2025-02-25 672.07
9498 2021-03-02 271.19
9507 2025-07-17 1869.03
9512 2022-10-30 73.28
9513 2025-05-26 746.10
9515 2025-03-22 268.11
9517 2023-12-26 159.32
9535 2024-03-11 131.34
9543 2025-11-06 164.85
9547 2026-05-10 965.54
9549 2022-10-01 113.29
9561 2023-05-20 178.06
9565 2024-08-09 121.69
9567 2025-04-25 637.15
9568 2024-09-06 792.95
9581 2024-03-24 794.78
9584 2025-04-30 163.13
9587 2026-02-19 734.94
9592 2021-12-13 2609.59
9593 2026-03-23 187.35
9600 2022-11-05 81.23
9603 2021-12-25 121.93
9605 2026-01-04 1324.27
9607 2026-06-16 67.96
9627 2025-01-17 57.22
9635 2025-06-05 340.89
9643 2022-07-23 233.39
9646 2022-02-25 1054.82
9651 2023-01-16 946.05
9652 2024-11-14 822.76
9661 2024-07-26 597.57
9669 2024-12-01 79.16
9683 2025-03-24 2303.58
9698 2026-04-17 189.50
9720 2026-04-07 2094.38
9722 2026-05-17 2158.46
9734 2021-06-24 68.95
9736 2026-03-25 367.66
9738 2025-07-11 172.11
9755 2022-01-11 197.44
9765 2022-10-13 650.06
9766 2023-06-21 2211.44
9769 2026-04-27 174.90
9770 2024-07-08 176.95
9780 2025-08-09 799.22
9785 2026-01-19 87.87
9788 2023-09-25 978.94
9792 2026-05-10 133.91
9794 2021-05-01 80.62
9801 2023-09-11 1239.30
9802 2024-02-11 1638.42
9811 2022-09-25 178.10
9822 2025-04-18 323.96
9836 2023-06-30 1348.76
9848 2024-06-16 115.71
9863 2022-11-29 119.09
9872 2026-01-14 155.67
9879 2023-05-07 823.55
9880 2024-08-18 66.87
9883 2025-05-06 172.20
9889 2024-06-14 118.77
9898 2024-06-02 817.10
9912 2021-08-20 274.90
9913 2025-03-01 136.74
9924 2025-10-25 77.97
9938 2026-05-07 109.14
9946 2026-05-09 83.01
9948 2026-04-26 134.27
9956 2024-10-21 1134.67
9967 2024-08-13 102.56
9968 2026-01-15 88.14
9973 2024-02-24 392.67
9982 2025-01-21 147.18
9985 2026-01-29 958.70
9989 2025-04-06 79.39
9996 2026-02-02 502.26
9998 2025-02-21 97.60
10005 2022-08-01 694.35
10009 2023-03-18 66.58
10021 2023-08-12 149.05
10029 2024-05-19 186.91
10032 2025-09-19 155.90
10033 2024-02-24 185.05
10036 2025-12-30 566.13
10037 2025-08-03 1268.37
10043 2024-01-17 235.24
10060 2023-06-28 1895.02
10075 2024-02-04 411.22
10086 2023-10-08 611.37
10089 2025-02-01 1919.37
10107 2024-08-08 415.17
10110 2021-09-07 1101.80
10123 2026-01-20 277.70
10130 2022-12-30 181.96
10146 2025-11-09 1136.52
10148 2025-03-22 371.14
10160 2023-10-07 635.24
10161 2022-04-27 970.95
10162 2022-07-07 90.82
10163 2021-10-28 90.56
10175 2021-12-14 76.16
10176 2025-03-20 42.80
10188 2022-10-28 74.13
10209 2024-02-11 164.90
10213 2024-03-19 776.88
10217 2023-08-13 574.88
10218 2022-04-19 580.14
10226 2025-04-24 192.34
10230 2022-10-17 437.30
10233 2022-06-18 609.57
10244 2026-03-08 118.55
10257 2026-04-29 1112.07
10261 2026-05-29 203.98
10264 2026-05-21 381.43
10268 2026-03-08 148.27
10285 2025-09-09 340.05
10314 2022-05-01 824.71
10318 2026-02-11 791.83
10323 2024-08-02 916.60
10325 2025-09-15 94.09
10329 2025-02-28 218.65
10336 2021-08-17 75.40
10337 2025-12-26 848.11
10344 2025-03-08 585.74
10349 2026-07-01 125.14
10361 2024-01-07 225.54
10369 2026-03-05 206.50
10370 2022-07-15 1256.89
10371 2025-01-02 792.69
10382 2023-10-15 172.67
10394 2025-12-01 148.72
10397 2025-10-28 56.33
10406 2025-10-03 199.74
10413 2024-07-30 54.12
10414 2025-01-23 110.85
10425 2026-04-28 448.14
10427 2025-10-14 1752.59
10432 2022-09-26 235.61
10438 2024-09-06 363.72
10442 2021-11-17 435.39
10450 2022-08-02 951.13
10451 2025-06-10 162.93
10452 2025-06-09 299.29
10462 2022-12-29 62.14
10464 2023-06-20 184.02
10470 2021-07-15 150.91
10473 2026-01-13 125.97
10479 2021-11-11 182.36
10481 2023-09-12 154.18
10491 2023-01-04 296.01
10495 2026-01-15 1020.12
10502 2026-02-18 180.16
10503 2024-10-02 185.68
10520 2026-03-28 42.32
10529 2026-04-05 355.20
10540 2025-10-26 174.22
10543 2023-04-12 648.38
10551 2026-01-11 433.83
10557 2021-06-04 49.88
10560 2024-01-28 849.25
10561 2026-03-04 113.45
10562 2025-01-29 86.73
10571 2025-08-14 76.96
10573 2023-03-20 207.77
10575 2024-04-18 602.75
10577 2026-02-14 1041.38
10586 2022-04-28 987.52
10598 2026-06-03 467.36
10606 2026-04-09 53.77
10617 2023-06-14 591.92
10624 2023-05-23 176.00
10627 2026-06-12 2771.53
10636 2026-01-03 376.73
10637 2022-03-03 302.35
10648 2026-05-02 75.42
10655 2026-05-11 187.54
10658 2022-08-11 296.86
10671 2025-07-08 156.86
10675 2026-02-18 201.10
10681 2021-03-15 338.67
10685 2025-09-25 225.42
10686 2026-01-15 78.20
10691 2021-10-03 434.61
10694 2026-04-13 204.55
10704 2024-12-31 323.14
10716 2023-01-27 1329.15
10719 2023-08-03 89.72
10729 2023-05-25 243.33
10730 2024-03-22 976.97
10733 2023-10-22 876.61
10757 2021-07-21 72.61
10760 2023-04-05 668.16
10766 2025-02-24 497.98
10768 2026-04-26 52.78
10769 2026-03-15 217.83
10776 2025-06-28 307.08
10783 2024-11-29 3097.37
10788 2022-08-23 636.73
10794 2026-02-09 207.85
10805 2022-12-08 819.54
10811 2026-05-29 48.20
10813 2024-05-24 1287.49
10820 2022-07-08 203.75
10823 2021-02-14 289.18
10831 2025-09-09 166.76
10844 2021-05-29 1269.13
10845 2021-01-18 89.86
10846 2022-12-01 144.49
10874 2024-06-27 688.15
10877 2026-01-18 637.20
10879 2023-05-07 2008.67
10885 2022-07-31 3190.20
10887 2026-06-09 2422.19
10923 2021-02-10 1131.68
10930 2026-01-21 1884.56
10939 2022-02-15 50.24
10943 2026-01-28 112.80
10950 2024-01-08 109.48
10953 2025-01-12 159.75
10957 2026-01-12 1721.06
10963 2023-01-10 50.16
10978 2025-07-30 170.47
10979 2023-06-01 419.99
10986 2024-03-28 186.23
10990 2025-11-26 125.10
10993 2025-07-21 211.07
10997 2023-02-09 234.81
10998 2026-02-22 129.52
11015 2025-11-14 497.20
11020 2021-09-08 48.71
11031 2025-10-26 204.26
11040 2023-08-18 1716.06
11044 2026-05-14 785.64
11052 2023-01-15 1617.41
11056 2022-06-17 1537.28
11057 2026-01-30 1166.34
11062 2021-05-02 183.80
11063 2023-01-11 128.26
11072 2025-04-07 55.21
11075 2024-05-09 104.02
11076 2024-01-19 1333.09
11077 2021-08-21 88.43
11082 2023-07-06 203.02
11096 2023-03-11 169.38
11108 2021-01-23 761.06
11119 2026-04-11 81.60
11125 2025-05-31 255.33
11132 2026-04-24 94.19
11143 2022-02-13 505.55
11146 2023-09-29 111.40
11182 2023-08-31 92.28
11183 2025-10-15 76.46
11201 2024-03-01 437.04
11207 2023-10-17 101.10
11211 2023-05-10 288.24
11215 2022-09-13 3154.19
11221 2021-06-17 1262.66
11227 2025-05-26 1178.73
11231 2022-04-10 44.81
11259 2023-09-22 456.25
11265 2024-09-01 83.89
11268 2026-06-02 352.45
11279 2025-04-14 1073.71
11300 2022-09-11 87.07
11301 2025-11-27 886.08
11303 2024-04-27 48.01
11304 2025-12-12 116.56
11309 2025-11-06 51.09
11319 2023-10-03 2836.26
11326 2025-12-22 256.95
11353 2024-12-18 1147.95
11354 2026-04-29 82.52
11357 2024-08-20 116.17
11361 2025-03-15 290.98
11363 2021-07-02 1702.54
11364 2022-12-18 223.14
11376 2022-11-29 160.25
11393 2026-01-23 69.68
11401 2021-05-19 81.96
11403 2026-04-07 84.66
11409 2025-02-12 91.89
11431 2023-12-22 66.00
11436 2021-09-27 816.99
11442 2022-04-23 1702.20
11445 2024-08-04 2522.73
11453 2024-02-05 283.11
11458 2025-06-29 710.62
11467 2023-08-12 1345.06
11476 2026-04-17 241.48
11477 2022-01-10 269.55
11488 2024-01-18 1380.48
11505 2022-07-03 510.11
11513 2026-05-23 87.10
11514 2026-02-17 165.80
11517 2024-11-02 59.59
11522 2023-09-18 205.07
11531 2024-03-04 784.55
11532 2024-02-04 472.43
11535 2023-04-02 317.88
11542 2024-01-01 429.64
11545 2026-03-22 125.59
11547 2025-12-23 622.98
11550 2021-09-27 758.12
11553 2026-01-28 823.96
11555 2025-10-26 104.48
11558 2021-01-14 211.25
11559 2022-07-29 53.40
11563 2023-06-09 90.71
11570 2025-10-02 238.66
11571 2021-09-26 94.31
11578 2025-05-13 98.70
11582 2023-04-11 104.52
11592 2024-08-07 564.84
11594 2021-05-23 370.76
11606 2023-02-23 1665.77
11612 2026-03-13 800.10
11614 2023-06-10 106.51
11615 2023-05-30 922.69
11623 2023-03-14 1851.95
11628 2023-06-30 165.42
11634 2026-03-21 591.96
11639 2024-08-25 917.20
11640 2024-11-02 225.05
11643 2022-05-21 107.43
11651 2024-03-23 51.11
11654 2024-04-26 702.14
11657 2026-05-02 292.20
11658 2024-06-23 788.26
11663 2025-03-27 882.80
11669 2026-06-22 483.46
11683 2025-10-23 85.81
11684 2022-05-17 321.54
11700 2023-09-14 352.02
11707 2024-03-24 132.84
11708 2022-05-19 908.96
11711 2023-07-18 185.68
11714 2026-04-21 99.86
11715 2021-07-13 1324.30
11722 2022-08-22 159.86
11738 2025-02-08 128.28
11739 2024-04-29 69.18
11742 2025-05-07 442.99
11747 2025-11-28 91.36
11770 2023-12-22 1309.77
11777 2024-09-26 335.90
11785 2021-06-27 948.27
11792 2024-04-18 559.92
11805 2025-02-21 209.33
11811 2025-03-12 1088.30
11817 2024-11-24 325.95
11819 2026-03-23 90.44
11827 2021-07-10 492.88
11834 2022-07-01 66.04
11846 2023-04-20 477.23
11848 2023-03-09 52.25
11854 2026-04-01 344.63
11872 2022-04-12 543.59
11876 2026-03-05 265.69
11879 2022-02-26 148.11
11904 2025-08-09 1864.66
11909 2026-01-15 172.58
11911 2025-07-09 840.65
11913 2026-03-06 1191.74
11919 2025-08-24 79.36
11926 2025-09-11 1674.95
11938 2025-02-15 2578.95
11953 2025-09-05 216.33
11957 2021-03-15 184.38
11970 2026-01-27 164.00
11972 2023-09-17 45.58
11978 2024-09-01 165.51
11983 2022-03-05 1354.39
11997 2026-04-14 313.25
12000 2026-02-07 243.13
12005 2024-04-09 146.81
12009 2024-01-10 197.74
12013 2023-04-24 164.69
12021 2025-07-28 131.97
12026 2022-07-22 836.09
12032 2022-08-27 42.07
12037 2021-06-02 656.10
12044 2024-11-05 152.12
12064 2021-02-01 328.07
12069 2022-12-03 246.50
12071 2022-12-23 136.55
12073 2022-11-24 1956.46
12075 2023-12-17 68.04
12076 2025-07-08 209.51
12092 2025-05-29 278.55
12103 2021-08-12 231.21
12106 2024-07-02 113.65
12107 2025-04-24 70.55
12115 2021-06-23 1120.61
12118 2026-03-13 141.53
12119 2021-07-23 327.34
12135 2026-03-19 122.92
12139 2025-03-01 231.99
12141 2023-05-03 1941.20
12145 2025-05-02 1326.85
12148 2021-12-11 95.32
12156 2021-07-21 235.27
12166 2025-09-18 144.21
12168 2023-10-28 359.16
12169 2021-01-16 1349.88
12170 2022-05-21 804.32
12178 2021-08-31 2033.55
12185 2023-05-22 54.00
12189 2024-03-04 65.05
12208 2023-08-21 239.49
12220 2022-09-08 862.84
12229 2023-09-17 79.83
12236 2025-10-28 203.75
12247 2025-03-12 212.97
12258 2022-05-19 149.71
12263 2021-10-10 539.98
12272 2026-01-16 330.17
12276 2026-01-30 1073.61
12283 2024-08-31 304.07
12285 2026-04-13 117.43
12288 2026-02-09 114.94
12293 2026-01-16 330.92
12295 2024-10-20 64.12
12302 2026-02-09 2154.81
12314 2024-03-23 129.58
12316 2024-12-11 280.25
12317 2026-01-21 240.10
12319 2022-11-01 110.83
12323 2025-10-18 478.95
12324 2026-04-29 95.43
12331 2021-09-01 455.37
12332 2023-12-17 292.55
12334 2026-04-24 525.45
12336 2021-02-01 266.92
12340 2022-05-20 612.43
12344 2021-03-08 62.19
12353 2022-01-10 459.63
12354 2022-09-26 158.70
12358 2022-09-05 205.70
12378 2024-10-19 89.24
12385 2026-04-01 64.89
12393 2022-12-01 235.08
12396 2026-01-27 455.89
12400 2022-12-07 339.83
12410 2024-08-22 1097.32
12415 2026-01-20 1036.15
12421 2024-04-05 1472.86
12424 2022-12-18 180.90
12426 2026-03-08 2189.26
12427 2026-06-13 736.80
12435 2025-12-31 98.19
12440 2026-07-01 107.77
12449 2025-10-03 2165.03
12452 2024-08-29 1339.29
12457 2021-02-09 2641.18
12466 2024-11-21 1613.31
12468 2023-03-05 317.81
12480 2021-05-04 281.75
12484 2025-02-10 1923.88
12486 2025-03-04 658.65
12490 2026-01-29 511.45
12500 2024-01-19 194.69
12504 2024-02-26 266.30
12510 2023-10-27 69.78
12518 2026-01-26 184.42
12522 2025-12-24 340.24
12525 2026-03-29 174.29
12529 2022-10-08 179.62
12533 2026-05-21 156.45
12539 2021-04-17 404.41
12546 2025-07-25 180.46
12559 2026-04-14 789.22
12561 2025-02-22 2334.13
12580 2024-01-24 487.90
12589 2021-10-02 2504.72
12594 2026-02-06 479.83
12600 2025-11-10 347.85
12602 2026-01-23 2599.75
12604 2021-10-20 471.47
12613 2022-03-20 185.40
12618 2022-03-24 687.45
12642 2022-08-26 691.25
12651 2022-12-26 153.58
12652 2021-09-12 115.63
12653 2025-10-30 477.40
12674 2026-02-10 1617.19
12676 2026-01-24 518.56
12678 2025-03-10 164.41
12680 2026-01-20 219.07
12684 2023-06-21 1195.32
12685 2021-11-13 282.00
12686 2021-02-25 50.47
12700 2025-12-24 281.93
12716 2021-11-16 260.27
12728 2021-06-22 91.22
12729 2024-08-24 826.33
12748 2025-04-03 1132.76
12756 2025-04-21 191.12
12757 2025-07-30 241.44
12761 2022-12-17 139.24
12766 2025-01-17 444.83
12776 2023-08-21 183.13
12789 2022-06-20 1721.75
12793 2023-08-13 586.62
12795 2024-10-20 1596.33
12817 2024-05-01 308.19
12846 2021-12-26 64.59
12852 2024-04-24 53.16
12855 2026-04-20 543.29
12857 2022-04-07 212.49
12859 2025-01-30 53.30
12862 2024-11-14 197.18
12880 2024-07-14 1119.24
12882 2025-04-22 427.18
12885 2025-01-16 61.59
12905 2024-11-08 51.22
12925 2024-03-05 267.51
12941 2022-10-13 1640.04
12946 2026-06-21 324.47
12950 2025-05-23 58.97
12956 2026-06-24 183.80
12958 2024-07-26 272.71
12968 2025-01-01 246.94
12983 2022-09-28 854.54
12991 2023-10-27 98.24
12995 2021-08-06 285.13
13001 2023-08-15 1040.57
13006 2023-05-04 62.25
13019 2024-06-10 2275.43
13020 2026-06-29 181.80
13028 2026-05-09 188.12
13030 2022-08-25 1300.17
13037 2026-02-04 117.38
13049 2026-02-27 1300.19
13071 2025-09-01 199.16
13073 2026-04-15 160.24
13081 2023-03-30 114.77
13082 2023-11-06 518.12
13087 2025-04-27 1105.83
13093 2025-11-10 405.78
13095 2022-10-08 403.07
13101 2021-09-28 207.45
13106 2026-02-08 1127.21
13125 2026-02-21 159.12
13131 2026-01-11 405.04
13132 2021-09-09 932.99
13133 2022-09-16 49.25
13140 2026-04-15 132.53
13150 2026-05-15 1278.31
13157 2026-05-31 2705.55
13159 2023-05-01 1106.95
13160 2024-08-14 179.00
13171 2021-08-20 832.23
13182 2026-05-10 157.17
13215 2026-03-09 1582.49
13226 2024-10-10 751.50
13227 2022-12-14 307.66
13235 2022-05-18 904.25
13239 2025-04-05 177.75
13244 2024-08-14 161.44
13246 2024-01-13 66.58
13249 2026-05-11 149.40
13260 2023-04-25 282.88
13262 2023-05-12 598.00
13268 2021-11-13 1271.80
13281 2024-05-12 185.16
13284 2023-05-23 922.73
13289 2024-11-10 265.88
13293 2026-03-24 2591.98
13303 2021-01-18 62.90
13306 2026-03-14 211.09
13333 2026-06-27 2500.99
13360 2021-09-24 1101.89
13367 2024-12-08 152.64
13378 2023-02-24 745.14
13380 2021-08-26 159.76
13382 2026-04-13 136.90
13402 2024-07-03 2900.54
13405 2024-01-29 916.96
13411 2026-04-27 411.88
13427 2021-06-02 2378.07
13430 2022-01-04 269.03
13436 2023-04-19 1429.75
13438 2025-03-10 840.27
13452 2026-02-12 488.57
13454 2023-10-31 138.24
13466 2023-07-07 508.79
13473 2021-07-25 530.22
13487 2026-05-09 1351.58
13494 2025-10-24 1359.51
13513 2023-03-22 330.30
13515 2023-02-22 393.95
13529 2025-09-06 252.69
13543 2026-05-06 633.61
13550 2024-06-14 1817.97
13553 2026-02-23 1200.72
13562 2023-08-10 1409.31
13566 2025-10-28 286.39
13569 2021-07-22 90.61
13578 2024-10-01 1676.81
13584 2022-02-16 100.52
13588 2021-08-26 2528.58
13597 2025-08-29 55.36
13599 2022-03-14 1084.24
13608 2021-05-22 1036.30
13612 2024-05-15 1488.82
13620 2024-12-06 334.15
13627 2025-10-22 77.94
13645 2021-03-06 2047.16
13651 2021-03-11 58.02
13655 2024-11-19 295.56
13661 2026-01-10 2020.45
13663 2026-04-23 700.06
13667 2021-05-12 277.15
13675 2023-07-02 196.84
13686 2023-12-16 974.44
13687 2026-01-15 2042.94
13690 2024-01-28 1153.53
13692 2021-11-21 334.58
13698 2021-12-15 2485.87
13701 2026-06-20 696.64
13705 2022-05-23 177.20
13706 2023-01-06 176.81
13713 2024-09-17 750.25
13720 2025-04-25 521.92
13729 2022-12-10 81.35
13733 2023-05-07 81.19
13736 2022-08-23 261.55
13741 2025-01-28 221.87
13751 2023-10-19 527.37
13752 2026-03-04 456.59
13755 2024-01-21 285.72
13760 2024-09-30 2502.00
13765 2021-07-19 1763.99
13766 2023-07-13 1379.28
13768 2021-11-18 1633.21
13773 2023-08-10 596.70
13775 2026-03-06 91.80
13784 2026-02-13 120.74
13789 2023-04-03 1401.27
13792 2026-06-22 2524.50
13833 2026-02-03 198.84
13840 2026-04-14 2975.27
13843 2025-06-24 1602.26
13845 2024-02-26 162.06
13850 2022-08-02 567.29
13854 2025-03-12 457.68
13861 2025-07-20 98.55
13870 2023-09-28 66.96
13897 2023-01-01 193.05
13898 2022-11-12 155.67
13899 2022-12-24 835.45
13901 2021-03-02 55.31
13906 2025-08-25 90.63
13912 2025-04-08 832.56
13914 2022-01-28 583.25
13918 2026-06-15 1780.84
13923 2026-03-09 102.45
13939 2021-09-18 1798.74
13942 2024-11-29 1145.36
13943 2026-03-06 55.48
13945 2023-08-13 3144.79
13956 2022-06-22 973.54
13960 2025-12-28 83.59
13963 2024-11-30 292.16
13969 2025-12-31 306.00
13971 2021-04-01 46.53
13974 2025-01-14 105.85
13977 2023-04-25 112.32
13980 2023-11-21 339.60
13986 2025-07-09 1617.21
13991 2026-05-19 338.76
14019 2026-06-17 71.12
14021 2024-05-16 449.99
14025 2025-07-31 54.84
14033 2026-03-01 1311.54
14034 2021-08-09 838.62
14070 2024-09-16 2388.65
14072 2026-03-19 129.09
14097 2023-08-26 842.30
14116 2026-04-16 638.13
14120 2022-05-12 206.43
14121 2025-11-02 108.39
14131 2024-10-28 438.88
14132 2021-05-10 792.19
14135 2023-11-30 158.98
14145 2026-02-21 55.54
14149 2022-11-01 71.38
14154 2023-08-03 80.22
14159 2021-09-23 742.78
14171 2026-03-11 1306.23
14177 2023-04-29 1393.46
14181 2026-03-28 249.87
14183 2025-09-09 2360.27
14184 2023-10-01 1450.63
14189 2021-09-04 78.29
14206 2022-07-06 104.73
14209 2023-09-06 205.60
14220 2021-06-04 99.23
14232 2025-10-25 446.25
14247 2024-02-06 62.78
14277 2025-09-26 1223.64
14283 2023-05-13 1208.27
14289 2022-07-05 458.13
14295 2024-07-04 1214.08
14309 2025-10-10 58.18
14318 2022-06-28 769.47
14333 2025-04-25 82.17
14335 2026-02-12 512.73
14340 2023-05-26 1364.78
14345 2025-03-08 83.40
14354 2025-11-05 88.41
14372 2026-01-04 46.48
14388 2024-07-28 984.32
14391 2022-07-19 381.65
14404 2022-03-22 99.65
14421 2021-08-15 61.89
14426 2023-03-10 93.63
14430 2026-06-27 65.46
14432 2021-08-18 142.69
14435 2023-03-18 243.80
14436 2026-05-02 911.52
14451 2026-01-21 880.75
14452 2025-04-27 110.94
14459 2026-04-28 532.83
14461 2025-04-14 525.52
14467 2026-06-14 3086.11
14470 2022-07-06 904.33
14474 2026-02-28 178.27
14479 2023-01-01 1364.95
14481 2023-10-19 65.82
14483 2023-08-21 1073.24
14485 2023-03-08 184.24
14491 2022-03-29 89.15
14520 2026-06-08 62.57
14525 2026-01-04 183.31
14540 2021-09-09 74.28
14542 2021-04-04 1678.09
14544 2025-09-01 176.09
14551 2023-11-10 42.88
14554 2025-05-07 59.36
14557 2025-11-23 195.92
14560 2021-06-16 804.71
14570 2021-12-31 965.87
14584 2026-01-14 99.98
14592 2024-02-05 53.14
14594 2026-02-22 50.47
14605 2026-05-24 65.41
14613 2024-07-16 2103.15
14623 2024-07-01 831.74
14624 2024-02-27 799.91
14634 2025-06-06 1385.28
14638 2023-09-01 91.12
14661 2022-12-31 274.97
14682 2025-08-15 53.20
14684 2022-12-27 122.66
14692 2021-09-07 204.97
14707 2025-11-24 409.69
14708 2022-04-14 129.93
14716 2023-12-08 48.69
14719 2023-07-08 1569.91
14720 2023-10-02 44.91
14722 2026-02-17 127.19
14725 2026-05-20 56.77
14728 2024-09-27 500.78
14736 2024-03-08 663.58
14753 2026-07-01 547.14
14759 2026-05-16 82.98
14767 2024-07-10 485.32
14788 2023-04-25 1531.21
14792 2023-11-03 193.00
14802 2024-02-23 264.64
14803 2022-09-26 765.90
14806 2022-11-17 187.22
14812 2024-04-03 998.96
14825 2025-07-08 130.95
14829 2022-07-27 1577.61
14841 2021-04-03 1780.28
14846 2021-05-27 179.78
14858 2023-04-03 237.43
14861 2026-04-12 280.44
14870 2024-02-06 1103.27
14871 2024-10-14 145.84
14873 2021-05-19 583.95
14882 2024-11-04 140.10
14892 2023-10-30 349.13
14913 2021-11-30 950.69
14918 2024-07-11 258.52
14945 2025-01-29 1174.62
14951 2021-07-29 234.87
14952 2023-03-09 150.59
14968 2025-02-10 657.24
14971 2024-08-23 113.64
14990 2024-05-02 606.29
14992 2022-01-22 103.91
14993 2026-01-28 149.90
14997 2026-05-26 65.40
14998 2024-04-28 145.79
15004 2021-10-19 80.72
15005 2025-09-08 353.01
15010 2024-06-28 128.63
15011 2025-03-12 361.62
15013 2023-01-31 119.23
15024 2022-06-28 156.18
15026 2024-09-08 291.46
15034 2021-01-19 1404.87
15048 2024-03-12 93.92
15069 2023-02-11 258.61
15073 2026-02-04 63.43
15086 2022-09-05 277.51
15091 2022-09-02 479.76
15095 2025-01-22 680.25
15106 2026-03-18 198.47
15114 2023-02-11 351.99
15115 2024-04-27 746.06
15122 2026-01-18 249.42
15161 2025-05-08 1152.16
15171 2022-08-21 77.96
15173 2024-12-30 177.38
15178 2024-11-01 160.69
15183 2026-06-28 66.53
15185 2024-09-26 286.93
15186 2021-05-13 253.14
15189 2026-05-03 111.76
15194 2023-07-17 116.69
15204 2026-06-30 189.23
15209 2024-02-18 192.12
15214 2024-02-23 248.99
15215 2024-02-10 241.17
15227 2021-09-27 876.68
15235 2022-03-23 134.72
15237 2026-05-05 190.85
15239 2026-04-17 59.45
15242 2025-04-26 1404.55
15259 2024-06-30 548.63
15272 2026-02-28 553.79
15285 2023-01-10 169.43
15291 2023-05-24 594.11
15295 2025-04-12 832.96
15305 2021-06-25 1001.24
15318 2021-11-11 639.08
15322 2026-04-20 189.24
15333 2023-04-26 357.01
15340 2026-06-04 1045.73
15343 2026-04-09 2480.13
15365 2022-06-21 122.94
15368 2025-01-14 85.85
15373 2025-08-20 1171.38
15374 2025-06-05 81.09
15377 2026-01-08 137.20
15385 2022-01-17 869.80
15396 2021-06-07 1646.75
15401 2021-07-07 92.27
15406 2026-06-20 882.66
15414 2023-07-20 621.99
15430 2025-04-10 262.27
15440 2024-03-09 48.30
15460 2026-02-01 54.16
15461 2021-04-19 1100.55
15470 2021-06-24 182.61
15504 2023-02-15 112.23
15512 2021-03-02 1044.66
15513 2023-10-03 162.10
15514 2026-06-02 239.81
15516 2023-08-02 658.43
15532 2023-12-10 203.30
15533 2025-06-19 788.96
15538 2026-02-13 302.56
15546 2025-11-05 83.05
15555 2022-03-29 325.19
15582 2022-10-19 354.05
15583 2026-05-04 891.64
15584 2024-11-25 194.27
15585 2026-06-04 575.80
15591 2026-06-28 1346.00
15592 2023-06-05 63.19
15596 2021-04-01 931.89
15597 2024-01-01 202.76
15611 2021-08-09 650.32
15628 2026-04-14 1224.42
15654 2025-11-04 773.19
15656 2024-04-15 449.28
15658 2022-02-10 715.90
15660 2024-10-11 737.12
15669 2022-11-08 742.78
15677 2026-04-21 957.15
15678 2025-10-15 1474.42
15690 2025-02-07 164.36
15692 2021-02-02 1048.69
15694 2023-08-04 657.94
15696 2026-06-28 55.41
15712 2024-05-18 70.80
15722 2026-04-17 169.18
15733 2022-03-19 93.17
15741 2023-04-27 167.08
15744 2024-09-11 316.66
15747 2022-08-22 655.06
15774 2026-03-06 127.69
15780 2026-03-03 553.47
15789 2026-04-10 491.51
15794 2025-07-07 149.37
15798 2025-10-30 1134.57
15834 2021-09-03 406.25
15837 2023-07-19 112.99
15842 2022-01-28 1498.59
15851 2023-04-02 146.87
15863 2024-03-02 334.97
15875 2025-11-27 357.90
15878 2025-05-23 91.39
15882 2024-09-16 1093.79
15891 2026-06-27 452.23
15893 2022-07-08 99.92
15908 2025-10-17 244.77
15912 2024-05-28 1579.25
15913 2023-02-20 81.87
15916 2023-03-25 138.35
15927 2025-08-17 1424.39
15936 2025-08-19 893.88
15938 2025-10-27 172.46
15941 2024-06-21 58.05
15945 2025-12-19 432.93
15960 2025-08-05 927.87
15961 2025-12-10 69.67
15964 2025-03-31 709.69
15968 2024-09-26 532.30
15977 2025-06-29 475.56
15979 2023-05-30 512.34
15988 2026-03-04 1203.41
15991 2023-04-09 151.20
15997 2026-03-08 353.08
16010 2021-12-20 2455.90
16030 2022-09-28 503.13
16038 2022-01-19 237.38
16057 2024-07-25 161.54
16058 2021-09-09 426.80
16062 2021-02-11 354.75
16066 2026-01-06 185.44
16067 2025-04-30 113.79
16069 2025-11-28 570.50
16103 2026-04-24 326.34
16115 2022-01-12 56.36
16124 2022-07-26 2062.23
16126 2023-07-13 69.10
16153 2024-03-22 2775.16
16172 2025-02-05 62.46
16188 2021-12-07 200.16
16206 2023-07-15 147.02
16225 2026-05-08 552.47
16228 2026-05-21 75.57
16238 2026-04-04 289.88
16243 2022-12-03 1600.84
16263 2023-03-20 572.74
16274 2024-12-28 408.79
16278 2021-03-12 766.48
16281 2024-06-15 55.63
16287 2021-06-05 587.48
16289 2025-06-04 171.11
16292 2025-05-10 2026.01
16293 2022-03-31 602.35
16314 2024-10-05 339.50
16329 2021-02-12 72.57
16337 2026-06-28 176.82
16346 2025-10-26 834.46
16353 2024-09-28 122.52
16361 2026-03-11 1173.15
16375 2025-12-19 207.05
16379 2021-03-17 604.16
16381 2026-05-26 1514.20
16385 2024-07-27 1061.14
16387 2024-01-09 874.16
16389 2025-03-20 134.17
16402 2026-05-22 272.66
16411 2026-03-04 287.40
16430 2026-06-11 1452.06
16432 2021-11-15 125.44
16455 2024-03-04 965.51
16457 2023-09-08 255.18
16459 2025-04-04 362.00
16473 2024-04-04 333.57
16474 2024-04-14 1096.39
16489 2023-06-15 177.58
16496 2025-03-25 1127.20
16498 2023-04-25 3171.51
16508 2026-04-01 174.24
16509 2026-01-07 329.48
16511 2023-02-24 175.65
16514 2025-06-14 130.38
16522 2021-12-26 77.41
16532 2026-04-08 411.16
16534 2026-04-18 1712.45
16536 2021-10-18 67.33
16540 2024-05-25 89.59
16542 2022-09-27 284.86
16544 2025-12-13 733.55
16546 2021-02-18 141.06
16549 2021-11-21 91.84
16558 2023-04-22 691.28
16561 2025-07-24 54.73
16567 2026-02-18 180.76
16568 2024-06-24 97.71
16580 2024-01-14 81.88
16585 2022-07-20 329.33
16594 2025-11-09 68.34
16597 2025-01-07 79.90
16600 2026-01-23 450.84
16604 2024-09-29 178.76
16605 2021-01-17 52.63
16610 2026-04-16 327.00
16611 2021-03-30 61.77
16614 2023-09-18 214.18
16624 2022-01-17 70.63
16630 2023-01-23 1813.89
16643 2026-04-30 120.17
16648 2024-09-09 641.69
16649 2025-05-22 842.66
16656 2025-07-07 1007.82
16664 2024-10-18 134.50
16665 2023-09-10 989.83
16673 2023-09-11 232.78
16685 2024-02-14 194.15
16689 2026-05-19 327.06
16699 2023-04-08 102.02
16703 2023-10-16 1077.92
16710 2022-11-08 156.24
16717 2022-10-27 46.70
16720 2026-05-13 58.79
16721 2022-07-15 703.51
16722 2026-05-27 1714.44
16723 2021-08-06 73.17
16724 2022-04-10 759.13
16729 2026-06-02 694.34
16731 2023-12-24 1755.35
16733 2021-07-07 247.79
16735 2025-07-05 171.01
16742 2022-04-17 1968.69
16755 2025-11-03 378.42
16764 2024-11-19 2106.19
16775 2024-04-14 178.62
16776 2023-01-23 138.69
16777 2025-08-09 210.36
16785 2025-05-03 145.48
16788 2024-02-18 179.91
16789 2023-05-18 3038.35
16796 2021-04-15 481.62
16819 2025-07-16 563.87
16826 2025-01-29 3049.44
16837 2022-01-25 181.59
16863 2021-06-05 349.70
16867 2022-07-01 65.81
16874 2023-01-02 577.30
16875 2021-12-20 1039.76
16881 2024-09-23 58.45
16887 2023-09-14 1434.72
16890 2021-03-29 74.89
16899 2023-06-12 142.07
16904 2023-02-15 1598.01
16916 2026-06-15 80.31
16917 2022-04-11 567.67
16923 2026-04-24 160.11
16932 2026-01-08 1135.08
16936 2025-09-21 2478.13
16937 2025-12-19 1166.64
16940 2026-03-19 1120.67
16960 2024-03-17 666.44
16978 2024-09-04 281.75
16994 2026-04-20 124.40
16996 2021-01-11 137.82
17001 2023-02-10 270.89
17007 2026-04-27 798.97
17008 2026-04-07 387.81
17011 2023-05-05 158.02
17016 2026-02-13 122.09
17021 2023-09-02 66.96
17026 2026-04-20 935.23
17037 2026-01-26 69.98
17049 2025-04-13 230.43
17067 2026-01-09 721.77
17073 2024-12-29 563.18
17078 2024-06-03 120.25
17083 2025-02-03 89.90
17085 2025-11-16 373.61
17087 2026-04-13 272.74
17089 2024-10-01 135.18
17090 2025-08-31 1863.88
17099 2026-04-21 2853.33
17112 2022-10-13 354.13
17119 2021-09-18 237.64
17121 2024-11-07 473.13
17126 2024-12-22 1106.77
17134 2025-10-06 62.84
17140 2023-09-05 787.05
17141 2025-01-30 652.64
17154 2026-05-17 454.95
17157 2023-04-15 1285.85
17159 2022-05-01 60.62
17160 2025-10-11 1187.50
17170 2021-10-20 495.00
17176 2025-01-06 89.40
17185 2026-05-08 409.76
17199 2026-05-01 103.83
17202 2025-11-10 75.60
17210 2026-05-09 291.09
17217 2023-01-21 363.39
17218 2025-12-06 191.38
17219 2026-03-22 224.76
17237 2021-12-01 1379.23
17242 2025-11-05 648.72
17263 2026-07-01 536.03
17284 2025-08-31 245.96
17289 2024-03-30 358.54
17318 2026-06-01 2007.80
17320 2024-11-03 844.93
17325 2022-06-24 126.27
17344 2024-05-17 693.77
17349 2025-07-09 1017.04
17362 2026-01-09 1792.23
17373 2021-11-23 647.91
17381 2023-05-16 200.38
17382 2025-11-13 275.57
17388 2025-09-09 936.51
17391 2024-09-16 378.90
17402 2025-05-06 182.21
17421 2026-06-05 1596.60
17431 2021-08-07 204.63
17432 2021-08-30 119.64
17443 2024-12-01 45.93
17447 2026-03-01 95.53
17449 2023-12-17 798.00
17460 2023-08-26 137.77
17467 2023-12-11 1786.21
17475 2024-07-26 224.89
17478 2024-06-26 244.56
17490 2024-03-25 693.41
17500 2024-04-05 2691.52
17511 2021-09-17 125.97
17512 2022-09-03 1443.02
17518 2026-01-21 150.04
17533 2025-07-17 90.17
17536 2026-03-27 2287.71
17547 2024-06-13 648.95
17548 2021-08-01 1254.83
17553 2021-10-24 244.88
17557 2026-04-04 91.11
17564 2025-03-04 946.01
17573 2026-02-26 218.47
17580 2021-12-22 1070.94
17583 2023-03-31 1385.14
17603 2025-04-13 746.44
17604 2023-09-28 79.87
17607 2025-11-26 2199.71
17610 2025-11-05 795.73
17621 2025-06-24 295.35
17668 2024-11-26 254.30
17676 2026-06-06 141.80
17677 2024-10-24 391.98
17679 2022-10-04 81.88
17680 2026-04-28 1660.34
17691 2021-05-14 101.98
17696 2025-11-22 588.06
17714 2025-11-10 665.17
17715 2025-01-29 1247.85
17724 2022-07-16 136.82
17739 2021-01-21 776.53
17740 2023-03-26 54.67
17780 2025-05-19 359.37
17781 2021-03-31 161.56
17788 2025-06-03 278.53
17804 2024-12-02 976.56
17805 2026-06-12 173.96
17816 2026-02-23 1271.66
17821 2022-10-10 198.59
17829 2026-01-22 91.36
17831 2025-05-31 209.65
17834 2026-02-17 56.14
17845 2023-12-18 1259.66
17872 2022-10-18 409.65
17875 2025-05-26 401.63
17880 2023-11-26 166.52
17896 2025-01-12 384.76
17916 2026-01-18 78.05
17917 2026-04-07 1363.86
17921 2025-04-22 85.93
17934 2022-08-25 3055.49
17947 2026-05-23 204.00
17950 2024-08-02 2550.56
17953 2022-06-18 188.31
17954 2023-09-30 2130.65
17957 2024-08-16 62.99
17961 2021-05-12 50.75
17963 2022-02-24 610.65
17969 2022-03-19 240.64
17988 2024-09-27 917.27
18006 2021-12-09 1003.38
18023 2023-09-26 80.20
18024 2026-06-07 146.79
18035 2026-04-22 482.47
18039 2025-09-08 1772.71
18050 2023-10-14 108.78
18051 2025-08-07 346.81
18054 2023-10-21 152.41
18060 2025-07-31 172.56
18064 2025-10-03 204.36
18087 2024-11-05 64.78
18090 2024-05-02 1547.26
18095 2021-10-22 1049.02
18097 2024-12-05 608.27
18101 2023-10-23 62.22
18105 2026-01-01 94.90
18108 2025-02-26 553.16
18114 2023-10-25 467.10
18125 2026-06-30 441.83
18132 2025-01-30 110.28
18133 2023-08-31 2267.87
18134 2026-02-19 1827.12
18143 2026-01-04 665.99
18145 2025-05-24 261.40
18157 2026-02-21 1239.13
18161 2025-10-16 290.23
18165 2024-11-27 783.17
18173 2025-03-15 3213.42
18184 2026-06-16 178.54
18185 2023-12-29 1141.99
18188 2022-11-25 790.53
18190 2022-10-28 66.87
18192 2024-09-08 817.96
18193 2025-05-30 2152.36
18204 2026-06-17 112.49
18224 2026-02-11 161.85
18232 2025-05-06 503.02
18241 2024-04-29 121.20
18254 2026-02-18 1111.80
18255 2024-07-30 214.41
18259 2024-07-25 181.12
18263 2024-04-12 375.50
18269 2022-01-28 127.05
18285 2022-12-30 94.54
18289 2021-04-01 45.24
18291 2024-07-11 133.46
18299 2025-12-31 2047.79
18301 2022-11-25 1710.29
18302 2023-05-03 80.46
18310 2025-03-31 230.01
18316 2023-02-25 673.64
18342 2024-09-09 399.00
18343 2021-03-04 159.96
18347 2026-04-19 533.11
18348 2026-01-05 836.68
18353 2021-10-23 977.81
18369 2025-09-18 385.71
18378 2025-04-30 195.43
18410 2021-08-20 767.89
18414 2025-11-19 525.67
18419 2025-06-05 1737.39
18423 2026-04-09 180.98
18426 2021-04-15 770.81
18438 2026-03-24 206.53
18441 2022-10-13 616.86
18443 2022-07-13 215.64
18459 2023-10-27 506.77
18464 2023-10-07 154.93
18466 2023-07-28 49.30
18469 2022-03-08 243.52
18470 2021-03-24 71.89
18477 2022-04-22 493.03
18498 2025-11-28 78.50
18499 2022-01-12 725.19
18503 2022-11-29 229.51
18524 2026-02-16 1101.82
18526 2026-04-29 161.82
18539 2026-03-20 1308.59
18541 2021-12-30 273.07
18551 2022-07-31 427.64
18556 2021-06-10 412.85
18557 2024-06-15 152.20
18558 2023-08-12 202.77
18572 2021-07-16 1576.15
18599 2021-05-31 874.36
18600 2025-08-02 65.45
18605 2022-03-21 57.71
18614 2024-08-25 432.38
18629 2022-06-23 953.56
18632 2022-07-21 1115.87
18634 2021-03-15 1511.57
18649 2024-02-20 2065.53
18657 2024-08-11 69.34
18667 2021-01-05 3217.22
18675 2026-01-09 199.31
18678 2024-11-11 644.10
18687 2026-03-11 1936.84
18691 2024-10-05 90.78
18692 2026-05-11 129.08
18693 2026-03-24 1260.90
18694 2023-10-29 543.58
18711 2022-11-06 1279.42
18713 2022-08-02 100.90
18719 2024-04-05 1177.03
18723 2026-05-05 849.80
18741 2024-06-27 1472.41
18742 2023-10-25 743.52
18751 2025-06-05 791.57
18758 2024-01-20 260.78
18774 2026-02-27 729.02
18786 2025-03-20 294.68
18791 2023-09-26 81.78
18793 2026-01-11 1506.99
18796 2024-11-30 200.30
18799 2024-03-27 121.09
18802 2026-02-17 113.30
18814 2022-08-15 71.39
18864 2022-02-22 163.45
18865 2026-04-26 52.45
18869 2022-03-10 287.04
18872 2023-06-05 108.21
18878 2023-01-09 113.05
18879 2026-05-05 276.07
18885 2023-12-02 1709.66
18886 2024-02-10 219.88
18887 2024-07-02 82.05
18891 2026-06-03 65.43
18910 2024-05-22 159.54
18914 2026-01-31 815.15
18916 2025-09-08 90.96
18930 2026-05-12 346.87
18934 2021-09-12 333.86
18944 2025-05-03 130.37
18946 2021-08-25 905.69
18954 2026-02-25 70.56
18955 2025-11-08 65.78
18961 2022-06-07 204.77
18962 2026-04-09 131.01
18967 2021-03-24 1140.84
18977 2026-06-14 206.91
18981 2022-05-27 519.62
18985 2021-05-26 580.67
18986 2021-09-18 134.84
18996 2023-01-18 149.20
18998 2024-09-03 666.83
19000 2025-10-29 1411.78
19009 2024-06-04 781.95
19011 2025-04-03 539.61
19012 2023-02-03 1698.05
19013 2024-06-26 117.63
19015 2023-03-28 756.35
19019 2021-10-08 95.13
19021 2025-08-26 392.03
19036 2025-11-27 917.95
19044 2023-11-26 153.17
19052 2026-06-22 848.17
19074 2021-09-23 150.97
19081 2023-09-09 72.47
19087 2021-11-30 3107.31
19090 2023-12-31 649.96
19100 2026-03-23 71.34
19105 2022-02-07 65.79
19106 2022-09-29 168.12
19108 2025-07-03 113.60
19112 2026-03-16 832.39
19119 2026-02-12 1135.48
19121 2025-12-13 52.96
19122 2024-12-27 157.58
19129 2021-02-15 1251.72
19134 2025-01-12 235.34
19137 2024-05-25 1315.38
19156 2025-05-30 1236.46
19158 2026-01-29 157.57
19163 2025-05-24 147.15
19164 2025-06-22 2006.38
19177 2025-01-11 1814.11
19178 2023-02-14 69.83
19192 2026-03-24 813.08
19210 2026-04-17 67.88
19227 2025-12-29 390.05
19248 2026-01-16 751.06
19274 2021-05-29 548.54
19280 2025-12-13 336.50
19283 2024-02-03 126.54
19289 2026-05-27 114.18
19299 2021-07-22 119.80
19300 2024-08-25 858.29
19308 2022-07-16 85.42
19316 2023-06-07 70.53
19327 2024-10-04 1319.78
19328 2021-11-08 96.02
19332 2026-04-30 724.55
19359 2022-05-14 131.78
19363 2021-03-24 115.71
19365 2025-01-07 284.09
19379 2024-02-08 183.22
19386 2025-12-31 1292.10
19390 2021-06-08 1132.44
19393 2025-10-09 52.13
19394 2025-07-05 512.49
19408 2023-12-26 643.71
19409 2025-03-05 659.27
19411 2022-03-25 88.02
19413 2025-06-12 271.85
19418 2021-09-11 155.03
19422 2025-06-21 623.66
19423 2025-05-12 1062.21
19428 2023-11-23 1058.33
19431 2025-11-04 1079.84
19432 2021-08-12 958.70
19434 2023-05-16 425.46
19435 2026-03-15 1095.26
19447 2021-12-24 1216.93
19455 2025-05-19 878.31
19456 2025-06-15 650.10
19466 2023-02-11 1874.63
19479 2022-12-23 2075.77
19481 2021-01-03 65.61
19508 2025-11-30 1381.43
19510 2026-05-12 846.48
19517 2023-05-29 95.80
19518 2022-10-08 1139.85
19519 2022-10-09 1227.14
19521 2024-08-05 1083.38
19525 2021-12-06 106.53
19533 2024-09-02 721.24
19542 2023-07-04 661.97
19548 2023-12-19 274.72
19550 2026-04-07 325.67
19557 2021-02-02 287.57
19582 2024-11-04 749.91
19587 2026-02-23 412.24
19588 2024-11-17 109.55
19592 2026-01-26 1099.73
19593 2024-08-28 170.89
19595 2026-03-21 270.85
19601 2026-01-01 57.05
19603 2024-10-10 1022.57
19605 2024-11-28 99.06
19609 2022-11-28 1095.46
19616 2022-03-14 1912.17
19617 2024-10-28 1049.62
19621 2025-05-23 2034.85
19622 2026-04-19 196.05
19624 2022-12-08 417.01
19625 2023-09-16 619.12
19645 2025-03-12 556.07
19646 2021-06-13 944.96
19650 2024-07-31 69.73
19656 2026-05-29 60.12
19663 2026-03-14 718.30
19664 2023-02-16 147.62
19666 2026-02-21 2195.98
19670 2023-03-27 739.20
19707 2022-08-09 159.76
19712 2022-03-17 171.60
19713 2026-04-28 831.95
19723 2025-02-07 278.40
19731 2025-11-19 894.72
19733 2022-11-22 181.79
19735 2022-09-19 61.64
19736 2021-11-28 624.84
19745 2023-01-07 94.94
19746 2025-09-28 1625.16
19760 2026-02-02 156.08
19764 2026-02-05 49.85
19777 2023-04-19 834.68
19788 2022-06-21 779.42
19818 2024-02-02 509.10
19821 2021-09-14 563.20
19823 2023-01-19 174.51
19830 2023-12-09 889.46
19832 2025-11-18 1200.96
19834 2023-06-17 100.26
19840 2021-05-04 1177.00
19846 2023-12-08 484.59
19850 2026-03-24 588.61
19852 2025-12-01 182.34
19858 2022-08-19 445.32
19859 2026-04-20 123.25
19860 2023-08-02 86.92
19865 2025-05-09 430.38
19867 2021-02-07 383.60
19869 2026-02-13 125.62
19888 2025-02-14 128.18
19889 2024-02-26 192.49
19890 2023-07-03 119.65
19891 2021-03-17 127.90
19895 2026-01-30 237.12
19920 2021-09-30 1838.71
19923 2023-08-31 86.11
19929 2023-05-12 46.11
19931 2024-09-13 341.72
19954 2025-11-15 216.72
19956 2026-02-07 154.08
19970 2025-11-23 351.20
19979 2026-06-18 101.99
19987 2024-07-03 61.75
19991 2025-07-31 66.18
19995 2025-02-02 967.47
19999 2024-05-06 2293.94
20016 2023-07-06 145.04
20034 2024-09-13 1292.72
20037 2024-12-31 191.41
20038 2026-05-09 97.68
20044 2025-03-11 100.18
20053 2026-01-23 101.69
20055 2025-05-02 323.39
20056 2021-10-11 2171.19
20060 2021-05-22 330.44
20068 2026-05-12 54.38
20080 2022-05-11 49.63
20081 2022-01-09 243.26
20085 2025-12-15 1679.28
20093 2025-10-30 326.45
20103 2024-01-14 53.07
20104 2026-03-30 42.56
20105 2025-04-01 846.96
20117 2026-02-06 70.67
20121 2026-01-03 107.35
20129 2026-04-20 513.38
20134 2026-04-26 82.36
20145 2021-01-02 1873.92
20150 2026-01-07 209.44
20167 2024-07-04 532.64
20181 2023-01-27 1652.93
20200 2026-02-17 729.43
20214 2026-01-27 1056.50
20229 2023-07-12 498.20
20239 2024-01-08 2279.93
20242 2024-10-25 894.04
20244 2021-03-19 550.78
20247 2025-05-07 593.50
20270 2022-02-27 207.40
20271 2025-02-18 1941.56
20276 2026-04-19 197.68
20281 2021-05-25 102.83
20283 2026-02-16 191.71
20285 2025-11-09 1437.67
20288 2026-03-06 299.52
20296 2021-01-22 190.04
20300 2026-06-25 502.49
20302 2026-02-16 126.21
20310 2023-02-02 206.92
20344 2023-01-18 228.18
20349 2024-08-30 345.46
20352 2025-09-21 95.22
20356 2025-09-20 55.80
20358 2025-10-16 395.59
20370 2023-08-10 136.05
20371 2026-05-28 281.23
20375 2021-05-11 300.24
20383 2024-06-09 501.65
20388 2023-05-17 864.94
20391 2026-04-30 105.56
20396 2025-08-06 404.65
20397 2022-05-05 770.46
20398 2024-10-24 65.77
20403 2025-07-29 47.86
20415 2026-01-25 1002.44
20422 2024-04-03 526.38
20437 2026-03-05 1571.31
20444 2021-11-24 262.33
20455 2025-01-16 72.87
20467 2025-02-18 621.13
20468 2022-02-11 2033.55
20473 2026-04-25 81.84
20474 2025-05-04 54.91
20476 2026-03-19 73.09
20502 2022-10-13 421.95
20511 2024-01-23 259.86
20514 2022-04-21 241.94
20521 2023-08-09 237.57
20529 2022-03-25 78.95
20534 2021-04-23 203.89
20535 2024-04-18 213.04
20541 2025-09-08 90.16
20553 2025-06-20 174.61
20558 2021-08-13 606.68
20567 2025-07-18 3144.51
20576 2024-11-16 141.68
20580 2023-03-25 2235.22
20586 2026-06-11 95.55
20587 2024-07-17 1087.18
20592 2023-08-24 1068.20
20612 2021-10-24 1191.80
20618 2026-03-04 143.35
20626 2022-01-30 600.56
20632 2024-09-08 340.49
20636 2023-08-29 111.14
20638 2021-01-19 148.30
20653 2023-10-18 322.95
20657 2025-02-28 901.13
20687 2024-04-17 160.42
20689 2025-12-26 47.94
20692 2022-10-15 2204.18
20694 2025-04-12 191.50
20698 2026-05-16 153.05
20699 2025-11-18 653.70
20729 2025-08-13 216.16
20732 2024-11-10 2290.54
20736 2021-10-09 65.41
20744 2022-08-19 148.50
20749 2024-12-15 1054.30
20753 2025-04-16 156.58
20757 2025-01-10 85.45
20758 2022-01-12 126.52
20774 2025-07-04 1218.39
20781 2025-10-24 193.17
20782 2024-05-15 235.13
20798 2025-12-12 70.30
20801 2022-07-08 2553.70
20802 2023-08-09 968.20
20813 2026-01-08 262.50
20822 2022-05-14 203.94
20844 2023-09-09 95.71
20857 2026-01-25 188.54
20858 2024-03-28 83.59
20871 2023-01-31 100.25
20883 2026-02-01 82.74
20889 2021-02-09 1177.26
20903 2026-03-28 373.43
20909 2024-05-17 169.93
20915 2026-06-17 68.58
20918 2026-05-22 227.46
20924 2021-11-08 147.88
20941 2023-03-28 78.43
20953 2025-12-15 485.61
20964 2026-04-24 169.21
20986 2024-09-30 561.53
20992 2026-04-03 578.41
20996 2026-02-26 260.41
21004 2026-02-11 146.48
21011 2024-05-29 1539.52
21012 2025-03-16 199.01
21023 2023-03-22 69.63
21028 2024-06-19 1016.26
21029 2021-04-30 118.01
21031 2026-02-20 72.00
21042 2022-06-10 785.61
21051 2022-12-16 839.09
21061 2025-12-28 60.42
21068 2022-06-28 71.26
21087 2026-02-16 1764.00
21089 2024-05-31 66.40
21090 2026-04-04 59.58
21095 2024-10-20 170.16
21117 2022-07-18 97.19
21128 2023-12-05 94.76
21131 2025-04-21 53.53
21150 2022-05-31 170.89
21154 2024-04-21 843.47
21157 2025-05-07 97.08
21159 2024-01-12 89.39
21172 2021-02-17 76.16
21180 2024-06-22 2943.96
21184 2026-03-01 2714.62
21191 2024-03-19 649.31
21198 2024-06-07 796.47
21199 2026-01-20 328.38
21206 2021-08-14 956.01
21217 2026-01-20 734.86
21219 2026-03-30 70.31
21227 2024-01-24 173.30
21228 2026-01-07 100.16
21230 2023-08-30 1260.98
21233 2025-11-06 131.79
21235 2021-10-28 2171.02
21239 2024-12-15 1646.27
21247 2026-04-01 134.39
21252 2023-08-25 1315.45
21253 2025-04-28 203.80
21271 2021-06-09 393.72
21279 2025-09-04 73.81
21284 2021-12-02 755.87
21289 2021-10-19 191.88
21291 2025-09-27 74.32
21292 2022-09-30 84.27
21296 2026-06-28 923.87
21332 2026-04-27 333.43
21334 2022-02-10 68.29
21335 2021-05-06 928.54
21337 2024-01-07 61.97
21338 2022-02-20 678.13
21342 2026-01-05 80.42
21349 2021-03-27 423.00
21355 2026-02-27 128.13
21356 2022-11-14 1479.19
21359 2025-11-23 126.10
21367 2026-04-18 218.57
21370 2024-09-30 44.25
21379 2021-10-31 981.45
21387 2025-01-30 72.76
21398 2021-06-28 570.98
21404 2025-10-02 181.14
21408 2023-06-15 59.43
21420 2024-03-27 64.89
21424 2025-12-24 634.28
21425 2022-08-07 68.26
21441 2025-01-06 2046.53
21446 2023-03-11 415.36
21448 2026-01-14 1199.34
21458 2022-09-18 133.94
21463 2026-03-30 1907.53
21470 2025-11-04 99.03
21473 2025-06-12 1595.72
21477 2026-06-14 1326.67
21493 2025-06-23 151.14
21508 2025-04-24 1875.77
21509 2021-05-31 121.77
21522 2022-11-01 193.23
21528 2024-08-29 1041.68
21529 2022-12-01 126.92
21533 2023-04-12 229.11
21544 2024-11-06 80.00
21550 2025-03-30 384.61
21563 2024-03-19 316.36
21581 2022-11-23 854.97
21586 2024-10-14 118.69
21599 2022-11-11 722.24
21604 2023-03-06 743.79
21611 2022-12-31 1093.87
21620 2024-03-11 185.20
21624 2023-10-28 59.35
21636 2021-08-07 342.70
21639 2025-07-05 245.53
21645 2023-03-12 643.02
21658 2026-03-22 204.01
21668 2024-11-07 1139.70
21671 2022-10-22 73.06
21678 2026-06-27 101.00
21686 2024-08-07 80.85
21709 2026-04-12 146.86
21728 2026-02-08 44.49
21735 2022-01-31 340.90
21736 2023-04-29 60.51
21757 2024-03-06 229.93
21759 2023-02-17 1294.17
21761 2026-01-26 73.39
21764 2022-06-18 1016.92
21773 2022-08-09 169.22
21774 2024-07-10 338.24
21794 2022-01-11 228.74
21806 2022-09-22 1235.58
21830 2023-06-16 230.39
21842 2023-01-01 107.21
21849 2024-10-04 62.29
21860 2026-03-28 538.24
21878 2024-07-15 101.62
21903 2021-09-11 2739.08
21917 2022-07-23 912.68
21918 2024-02-22 1384.99
21923 2024-03-30 2779.39
21927 2026-03-15 229.04
21929 2023-06-25 749.42
21939 2023-12-13 532.79
21942 2021-11-03 81.38
21953 2025-03-31 599.99
21959 2021-11-22 663.45
21972 2026-03-26 261.37
21974 2026-05-01 63.24
21987 2024-10-04 118.37
21997 2024-08-07 1385.31
22007 2026-01-13 2155.50
22010 2024-03-11 2392.13
22011 2022-03-13 128.10
22015 2026-03-21 179.41
22019 2024-07-18 253.40
22020 2022-06-08 111.46
22021 2025-12-21 180.62
22023 2024-05-23 125.98
22037 2026-01-22 766.26
22040 2024-09-11 1165.65
22044 2021-06-23 167.16
22046 2026-06-07 71.64
22050 2026-05-31 2445.82
22059 2022-12-28 1377.98
22074 2023-05-28 1624.50
22075 2021-10-21 2203.51
22077 2024-09-28 1186.39
22082 2026-05-27 310.24
22083 2025-08-14 293.75
22085 2026-01-07 1739.26
22086 2026-03-18 1854.18
22094 2024-12-16 189.42
22096 2021-03-14 576.57
22108 2024-10-08 802.12
22109 2022-02-16 1757.73
22112 2026-05-14 134.29
22116 2022-04-16 862.04
22136 2025-06-23 259.08
22139 2024-07-27 608.80
22140 2026-05-13 859.25
22143 2026-06-27 1999.61
22148 2025-01-18 1075.87
22171 2025-05-22 537.21
22177 2021-12-21 43.02
22179 2025-02-18 102.03
22181 2022-01-02 95.94
22182 2021-12-04 258.57
22184 2026-04-18 531.52
22204 2026-05-28 1128.57
22205 2022-08-19 582.19
22215 2026-04-23 169.30
22218 2025-12-06 2316.28
22220 2025-02-06 170.91
22230 2024-11-23 159.37
22241 2022-06-03 218.70
22260 2025-03-02 123.33
22271 2023-01-22 152.59
22272 2022-11-10 754.60
22277 2023-11-26 132.65
22284 2022-03-20 139.91
22295 2024-03-24 1885.77
22305 2021-11-24 841.34
22312 2023-03-20 212.31
22332 2024-12-19 1532.42
22349 2025-05-25 775.49
22363 2021-08-03 1778.89
22371 2022-06-14 130.41
22380 2026-02-08 208.27
22381 2026-03-08 805.01
22405 2026-04-04 1039.78
22406 2021-02-22 228.75
22408 2026-03-13 332.29
22417 2023-05-10 1746.01
22432 2026-02-10 1992.41
22436 2022-11-09 173.51
22439 2026-05-25 76.00
22458 2026-06-12 2096.51
22473 2025-10-01 63.78
22486 2025-12-27 1585.75
22505 2026-04-30 732.94
22513 2026-06-17 90.04
22519 2024-07-02 507.05
22530 2021-11-04 714.54
22536 2022-09-10 415.64
22543 2026-03-10 158.13
22545 2021-04-15 66.92
22552 2021-11-19 269.84
22557 2022-04-26 534.49
22558 2024-09-04 585.29
22561 2024-09-09 1559.42
22562 2025-02-04 95.68
22567 2021-02-13 747.16
22577 2023-10-18 2399.94
22581 2025-07-28 158.18
22585 2021-06-15 1872.36
22586 2024-06-30 174.13
22590 2026-07-01 98.81
22602 2025-04-02 106.13
22605 2025-01-01 116.17
22627 2021-01-01 1201.51
22631 2023-11-29 86.44
22632 2024-08-20 102.49
22634 2026-01-10 1629.54
22650 2024-12-07 551.22
22674 2025-01-15 602.03
22688 2024-05-29 80.79
22712 2022-03-24 85.13
22713 2021-02-24 59.00
22722 2023-09-27 2062.06
22723 2024-06-21 76.52
22730 2021-04-03 248.09
22733 2025-07-14 280.83
22748 2024-03-07 207.11
22754 2025-06-13 1127.03
22798 2024-01-27 661.55
22805 2025-05-15 1144.57
22813 2023-11-24 369.78
22828 2024-02-25 213.53
22835 2024-10-08 438.32
22843 2023-01-08 67.95
22857 2024-08-19 1162.83
22870 2025-06-16 81.10
22872 2024-11-07 1567.46
22876 2024-03-14 184.14
22883 2024-04-25 529.87
22889 2021-01-19 333.20
22894 2026-04-30 331.66
22901 2022-05-08 1418.49
22906 2025-12-04 518.53
22908 2025-04-07 67.43
22922 2022-06-06 349.76
22924 2024-04-23 76.38
22953 2025-10-28 345.68
22977 2021-06-12 145.91
22990 2026-03-26 441.48
23027 2022-04-06 179.80
23030 2023-12-10 537.51
23039 2023-12-14 303.98
23057 2021-03-19 1384.61
23058 2025-06-07 1390.08
23072 2023-11-04 695.46
23082 2021-08-29 2411.96
23088 2024-03-21 198.23
23093 2025-01-11 1477.63
23096 2022-10-04 1231.36
23100 2021-12-10 1458.96
23102 2024-03-08 2031.84
23106 2021-12-19 562.23
23109 2024-07-04 285.61
23110 2023-09-22 41.48
23124 2024-06-09 53.56
23146 2024-11-21 291.31
23161 2023-03-10 1292.38
23163 2026-05-29 1711.37
23193 2026-06-04 523.92
23201 2025-09-30 110.05
23214 2024-11-11 85.43
23216 2023-05-01 2565.70
23235 2021-02-28 97.70
23260 2022-09-03 244.80
23265 2022-10-07 91.18
23272 2026-05-02 1688.60
23281 2021-03-02 329.58
23287 2024-04-07 2081.62
23301 2026-04-17 1171.02
23302 2026-06-03 184.06
23307 2024-03-07 1941.67
23315 2024-12-23 1099.30
23317 2024-06-01 1390.05
23327 2025-03-24 143.58
23338 2026-05-31 123.99
23339 2023-11-01 209.83
23340 2025-04-08 207.25
23343 2026-04-24 137.05
23357 2024-02-03 371.96
23363 2026-06-22 501.66
23378 2026-02-23 44.15
23383 2025-02-09 1884.69
23386 2022-08-12 388.74
23388 2023-01-29 218.60
23407 2021-06-15 2072.06
23414 2024-10-16 192.03
23424 2026-05-23 617.45
23430 2021-01-21 176.43
23440 2022-11-19 1436.50
23441 2025-03-27 1075.35
23452 2022-03-12 644.17
23461 2024-02-23 763.84
23462 2024-04-11 183.01
23469 2026-01-22 61.48
23473 2026-05-23 151.74
23484 2023-11-16 411.53
23492 2023-01-06 42.94
23495 2026-05-19 960.18
23514 2022-09-22 442.97
23519 2022-02-11 275.02
23541 2024-05-15 1264.06
23554 2024-06-29 282.41
23570 2021-04-03 191.37
23579 2025-07-24 177.89
23586 2022-08-20 60.01
23594 2026-06-01 813.90
23596 2026-01-27 62.50
23600 2024-10-29 1598.07
23605 2025-04-12 215.50
23612 2026-06-06 65.00
23631 2026-05-20 206.13
23644 2025-10-13 73.24
23646 2023-09-02 1064.42
23651 2025-04-19 192.16
23653 2025-10-06 859.90
23655 2025-04-16 77.99
23665 2025-12-19 838.73
23667 2021-10-15 70.02
23676 2024-08-17 522.15
23684 2026-02-26 273.27
23685 2023-05-12 65.33
23688 2025-05-02 1321.47
23704 2026-04-29 713.72
23708 2024-06-13 1345.67
23709 2022-07-13 711.97
23714 2026-05-29 272.42
23715 2023-09-18 1648.74
23721 2024-03-21 742.83
23723 2025-01-08 578.70
23738 2021-03-25 215.76
23740 2025-07-31 69.77
23747 2023-01-25 81.68
23748 2022-01-21 1121.66
23752 2026-01-20 229.88
23753 2026-02-18 157.46
23754 2021-09-22 632.09
23761 2025-06-10 67.65
23762 2024-06-25 495.27
23796 2024-05-23 817.70
23802 2022-07-29 762.36
23805 2025-11-29 165.23
23808 2023-11-15 880.16
23822 2026-06-20 401.76
23826 2022-08-16 602.92
23851 2024-06-23 170.66
23854 2025-02-18 647.66
23874 2024-07-27 161.59
23879 2024-09-16 3094.55
23883 2022-04-28 148.12
23896 2024-10-11 48.27
23900 2021-01-23 75.28
23901 2022-04-29 61.30
23903 2023-08-02 1089.98
23927 2022-04-04 342.94
23928 2023-10-22 319.48
23936 2025-11-09 397.64
23942 2022-12-25 66.37
23953 2021-02-25 625.65
23954 2026-04-09 1423.07
23959 2026-04-16 143.63
23962 2021-07-26 268.40
23964 2023-08-03 331.98
23966 2021-05-23 1418.15
23980 2026-01-18 77.86
23989 2023-09-14 534.83
23994 2024-08-29 90.71
23995 2023-12-15 1109.03
24002 2022-06-25 144.50
24007 2024-06-23 355.37
24009 2021-03-08 137.62
24014 2023-03-15 1182.12
24023 2022-06-16 848.27
24025 2026-04-06 526.18
24040 2025-06-20 54.90
24042 2026-03-15 205.93
24046 2025-02-16 147.52
24054 2021-08-04 95.17
24065 2024-01-17 143.16
24082 2026-04-09 608.79
24093 2023-04-09 71.66
24101 2021-07-27 257.63
24103 2025-07-29 1791.70
24107 2023-12-24 65.75
24110 2025-08-21 1763.76
24114 2025-09-28 185.92
24126 2024-09-14 135.06
24134 2024-12-22 268.32
24143 2025-02-05 57.69
24145 2024-10-24 54.34
24147 2023-06-01 2468.80
24152 2025-04-06 737.80
24171 2024-08-19 2349.45
24189 2023-08-11 356.44
24193 2026-06-15 70.31
24201 2024-10-10 1232.17
24204 2026-04-24 1501.30
24210 2022-06-27 63.77
24213 2025-08-26 102.42
24214 2025-12-16 137.99
24216 2024-07-24 491.68
24217 2025-05-24 903.64
24235 2025-05-12 350.54
24241 2024-07-11 1584.85
24244 2024-02-03 658.61
24248 2024-04-02 95.70
24252 2024-06-04 1577.65
24288 2022-11-12 339.23
24297 2026-05-03 603.05
24302 2021-04-25 619.59
24310 2022-12-02 42.06
24312 2024-07-04 176.87
24317 2025-06-27 281.57
24322 2026-04-20 124.18
24324 2025-08-23 363.00
24326 2026-04-04 551.05
24351 2024-07-15 932.22
24358 2023-12-22 216.52
24361 2025-03-03 1314.12
24385 2024-11-24 563.67
24388 2024-01-07 181.97
24392 2022-12-06 513.16
24393 2023-07-19 1155.77
24397 2021-06-29 107.31
24437 2023-11-29 289.33
24471 2025-06-07 343.85
24474 2023-11-29 1201.94
24484 2021-01-03 278.77
24492 2021-04-11 78.50
24510 2024-12-22 86.21
24511 2026-04-17 383.03
24517 2021-02-18 738.75
24521 2023-02-07 345.57
24525 2021-09-09 543.83
24528 2026-03-01 76.57
24529 2024-09-14 57.19
24531 2025-02-28 217.37
24547 2026-01-12 161.25
24563 2022-09-28 1055.16
24579 2024-09-06 56.69
24592 2026-03-21 1772.40
24598 2025-06-07 67.43
24600 2023-11-18 787.01
24601 2024-04-21 68.53
24615 2021-11-25 89.71
24620 2024-01-06 303.65
24631 2023-01-03 196.24
24632 2023-12-18 181.37
24634 2025-04-10 102.39
24643 2026-01-27 311.90
24652 2025-08-28 102.88
24658 2025-12-21 119.41
24661 2025-12-26 761.49
24664 2021-05-22 179.13
24675 2025-05-24 119.37
24680 2023-02-18 316.67
24681 2022-08-10 228.24
24690 2024-05-15 68.49
24695 2024-05-24 80.82
24699 2022-11-11 292.79
24702 2024-12-03 1123.21
24704 2024-03-08 1090.05
24705 2021-11-29 91.31
24711 2022-10-08 1327.10
24713 2022-12-21 1338.06
24715 2022-12-03 2685.50
24731 2026-04-02 45.94
24732 2024-01-03 101.90
24733 2022-09-07 1445.93
24777 2026-06-29 170.66
24780 2023-10-24 2703.56
24796 2025-04-28 1323.20
24797 2025-01-26 169.28
24799 2024-10-19 206.44
24814 2024-06-22 69.44
24819 2022-04-27 505.91
24833 2024-03-15 198.25
24836 2024-11-20 1135.92
24841 2022-11-08 619.01
24850 2023-09-14 2267.59
24853 2022-10-08 65.54
24864 2025-08-12 766.26
24880 2025-10-09 228.76
24889 2024-06-09 1310.33
24908 2026-04-20 193.12
24909 2023-12-07 66.67
24912 2025-03-29 113.34
24918 2023-01-12 186.25
24921 2026-01-16 131.34
24943 2022-02-27 85.85
24954 2024-12-14 2217.33
24955 2024-10-03 2005.84
24956 2026-06-05 660.49
24958 2024-04-05 87.97
24967 2025-02-14 207.82
24971 2025-04-30 437.36
24973 2025-06-19 563.07
24979 2024-11-04 182.20
24995 2024-04-07 80.28
24996 2025-09-16 78.25
25004 2025-08-30 525.48
25006 2026-01-25 266.64
25010 2023-05-13 1124.29
25021 2026-01-03 270.22
25023 2021-08-20 221.12
25029 2021-01-21 505.49
25036 2023-08-10 1422.15
25037 2023-03-23 68.99
25052 2022-12-09 381.94
25060 2026-04-26 87.70
25063 2026-02-28 717.71
25064 2023-08-23 978.53
25066 2025-06-22 90.42
25083 2023-07-25 215.23
25089 2024-12-14 72.86
25095 2025-04-22 52.35
25106 2025-03-19 283.08
25128 2026-03-05 227.94
25152 2026-01-15 1782.98
25156 2026-02-26 193.29
25158 2023-11-18 97.29
25166 2022-04-01 84.66
25181 2024-11-28 1156.41
25183 2025-11-21 1241.86
25198 2025-04-22 215.42
25204 2024-09-12 231.29
25211 2021-11-09 213.66
25218 2024-10-09 490.55
25257 2025-04-20 107.71
25261 2025-02-08 536.57
25262 2026-05-19 166.45
25263 2024-12-12 434.31
25273 2025-01-20 78.37
25276 2025-03-20 1094.32
25283 2025-03-28 679.67
25291 2026-06-07 672.75
25293 2024-04-02 1091.45
25295 2021-02-22 502.10
25298 2026-04-14 627.52
25324 2023-03-19 243.82
25326 2024-09-02 274.98
25342 2021-01-06 229.20
25347 2025-06-19 250.79
25356 2024-05-31 141.83
25368 2025-06-14 270.26
25375 2023-04-05 204.04
25389 2022-05-02 628.46
25390 2026-02-28 327.26
25405 2025-07-03 86.97
25413 2024-05-28 97.19
25429 2025-03-24 61.64
25437 2025-05-28 255.03
25438 2022-10-07 914.14
25444 2026-01-11 684.42
25461 2024-05-08 180.31
25467 2021-04-16 69.49
25474 2026-01-20 959.57
25491 2021-04-11 1813.61
25497 2021-07-26 210.40
25502 2025-12-21 69.97
25511 2025-10-19 1037.58
25526 2025-02-05 154.82
25533 2022-06-04 91.97
25539 2026-04-05 123.60
25554 2026-02-22 684.00
25555 2024-08-31 75.78
25562 2023-09-10 69.78
25564 2022-09-15 313.41
25567 2025-03-02 1061.29
25589 2026-01-16 248.46
25592 2022-12-19 444.94
25596 2023-03-25 1467.54
25597 2023-07-11 90.42
25609 2026-01-10 993.37
25623 2024-11-22 192.22
25648 2022-10-31 190.15
25650 2024-01-24 2888.17
25666 2026-04-28 62.69
25679 2025-11-24 288.30
25696 2025-09-13 80.46
25697 2023-12-04 417.27
25698 2021-02-08 2019.23
25699 2021-03-09 1481.87
25715 2023-11-20 1295.48
25719 2021-01-18 1115.94
25724 2025-08-19 195.99
25737 2023-03-05 178.55
25740 2025-01-16 101.46
25745 2025-03-02 175.16
25761 2023-03-28 104.12
25763 2021-01-18 629.17
25774 2023-06-28 125.93
25777 2024-05-10 545.37
25778 2023-02-17 1156.56
25790 2025-07-30 236.18
25795 2025-10-30 69.16
25798 2024-03-07 284.79
25822 2025-12-14 46.28
25823 2024-07-10 1577.32
25829 2024-06-14 803.82
25831 2026-06-09 240.53
25834 2022-11-07 542.06
25840 2026-04-07 327.87
25847 2021-07-16 1277.21
25853 2021-05-10 218.79
25857 2024-09-30 869.47
25864 2023-08-01 364.59
25876 2025-04-20 204.08
25882 2021-10-11 1918.56
25889 2024-12-19 195.82
25909 2023-03-23 686.08
25912 2024-01-06 485.34
25915 2025-01-03 260.69
25926 2026-04-24 298.30
25940 2025-04-08 1254.29
25944 2022-09-07 1377.47
25959 2024-06-23 548.07
25966 2023-04-27 133.74
25974 2024-03-04 742.26
25982 2026-03-29 70.98
25987 2024-03-03 2187.64
25991 2022-01-25 596.33
26005 2025-06-13 170.13
26008 2021-05-22 1349.56
26011 2024-08-02 433.84
26013 2023-01-29 506.51
26020 2026-01-19 2230.44
26023 2026-02-02 900.77
26030 2024-02-05 160.73
26032 2026-03-11 63.89
26051 2023-03-28 590.20
26055 2024-04-03 829.87
26064 2026-05-31 146.17
26066 2026-02-18 207.93
26072 2026-05-11 206.97
26074 2022-06-16 833.97
26084 2023-03-30 680.65
26087 2022-10-12 319.81
26096 2023-10-01 517.36
26100 2022-06-07 166.58
26107 2023-05-08 88.51
26109 2022-02-16 122.79
26110 2026-03-04 655.31
26119 2024-06-01 248.07
26123 2022-03-14 179.73
26124 2024-04-16 274.09
26126 2026-06-16 112.71
26136 2021-07-25 68.88
26141 2021-03-12 51.90
26147 2024-04-02 88.26
26149 2022-05-31 477.43
26151 2026-02-11 140.63
26153 2026-04-23 1306.54
26160 2024-04-30 96.17
26161 2021-01-19 172.87
26166 2025-06-28 62.15
26170 2021-12-12 331.31
26179 2025-03-26 124.04
26188 2022-11-21 159.10
26190 2021-04-28 188.93
26200 2026-01-12 2240.59
26220 2025-06-09 208.58
26228 2024-08-30 240.52
26231 2021-07-14 59.17
26233 2026-02-03 268.59
26234 2021-02-22 42.42
26237 2023-06-05 70.39
26239 2022-10-04 62.19
26245 2023-03-27 648.42
26246 2021-12-04 906.37
26273 2024-01-08 256.53
26281 2025-09-13 1535.58
26283 2022-03-31 828.20
26285 2024-07-03 939.36
26294 2024-08-31 1008.43
26304 2021-11-15 64.11
26309 2023-10-04 70.73
26336 2025-04-14 77.45
26343 2026-04-15 65.59
26347 2022-10-01 107.55
26363 2021-12-07 578.71
26375 2021-04-12 133.34
26380 2026-02-05 559.93
26385 2023-08-22 279.77
26390 2022-09-26 395.72
26392 2026-05-11 1987.35
26395 2025-04-19 143.50
26398 2024-06-16 1337.90
26409 2026-06-20 155.98
26427 2025-12-15 359.54
26439 2024-07-28 220.59
26443 2026-02-10 95.96
26453 2022-12-18 2572.80
26457 2026-01-07 621.06
26460 2023-12-07 70.98
26464 2024-11-30 545.73
26467 2025-03-29 1092.28
26483 2023-12-21 161.72
26498 2021-08-30 1738.24
26501 2026-03-03 1746.41
26507 2023-02-07 527.59
26514 2025-08-11 1794.74
26538 2025-05-20 189.88
26545 2026-04-08 605.85
26549 2021-07-19 492.87
26552 2021-11-07 576.93
26556 2025-07-01 542.96
26571 2026-06-10 57.34
26575 2025-03-19 1616.54
26580 2024-01-21 104.25
26581 2026-01-02 183.25
26582 2021-12-09 746.94
26586 2023-07-07 1329.32
26587 2023-10-24 1377.20
26602 2024-08-31 84.83
26605 2022-04-30 715.93
26608 2023-11-11 151.32
26610 2024-03-01 323.68
26611 2025-08-25 83.91
26613 2023-02-25 351.43
26618 2025-03-04 1982.48
26625 2021-05-31 52.64
26626 2021-03-13 130.54
26627 2024-08-10 89.93
26670 2025-01-21 330.81
26671 2026-04-29 213.39
26676 2025-10-29 64.35
26686 2022-05-06 2239.66
26692 2025-12-04 165.81
26694 2022-08-14 284.00
26714 2026-06-06 59.91
26735 2024-02-21 94.48
26750 2025-02-04 1106.54
26764 2025-09-01 210.95
26766 2023-11-01 300.49
26770 2023-11-10 2640.07
26772 2026-02-24 86.50
26773 2026-04-05 71.21
26776 2024-09-18 2046.29
26778 2024-12-06 751.19
26803 2025-01-23 80.32
26806 2021-05-01 115.22
26816 2026-05-03 1285.28
26823 2025-01-07 53.37
26825 2023-06-11 79.08
26827 2023-04-09 1981.29
26834 2026-01-02 238.52
26841 2026-05-21 522.69
26844 2025-11-03 68.33
26858 2024-04-13 344.70
26863 2024-10-06 146.47
26876 2022-05-31 865.53
26886 2023-10-05 665.46
26894 2021-11-04 413.50
26900 2023-04-13 208.13
26908 2026-04-14 2064.02
26913 2025-06-20 1272.58
26921 2021-06-24 215.03
26925 2024-04-17 89.41
26937 2026-04-29 241.59
26979 2024-08-26 490.40
26983 2021-02-26 345.09
26990 2022-07-05 288.34
27019 2025-10-07 118.71
27034 2025-05-14 2465.23
27047 2025-03-05 891.44
27055 2025-09-29 116.51
27056 2021-12-20 225.42
27068 2025-11-02 91.90
27072 2025-08-01 2198.74
27087 2026-05-20 2171.22
27089 2023-01-23 356.10
27090 2026-06-16 288.01
27092 2026-04-03 179.77
27095 2026-02-03 2409.35
27096 2025-05-07 210.39
27098 2024-03-06 253.36
27100 2021-02-17 384.39
27103 2021-08-15 2702.48
27112 2023-06-11 75.58
27113 2021-09-25 573.82
27115 2025-08-07 1100.73
27119 2023-05-07 263.12
27122 2022-07-26 211.30
27123 2023-01-04 2760.01
27126 2025-05-28 116.27
27130 2024-02-11 703.49
27131 2025-07-10 99.28
27145 2025-03-17 131.06
27147 2022-11-03 155.64
27148 2021-07-03 60.33
27150 2024-08-21 909.01
27154 2022-03-30 644.74
27166 2021-08-03 575.56
27167 2025-11-04 964.10
27173 2025-10-03 155.83
27184 2022-09-27 739.70
27190 2024-05-01 1648.14
27193 2025-12-28 1373.72
27194 2025-05-16 2248.15
27199 2026-06-17 506.85
27204 2021-10-30 575.42
27208 2022-05-17 64.44
27227 2026-05-07 641.98
27228 2025-02-13 313.12
27234 2025-04-06 108.05
27237 2024-10-05 445.86
27246 2025-09-28 285.22
27253 2024-02-24 89.89
27257 2026-06-04 1163.10
27261 2022-07-19 1748.20
27266 2023-05-01 354.63
27267 2026-02-13 89.13
27278 2021-08-09 2659.36
27280 2022-01-29 1382.54
27287 2021-05-11 378.91
27298 2024-11-17 1748.49
27302 2026-01-18 294.18
27304 2026-02-26 391.96
27324 2023-08-15 691.45
27325 2022-07-29 119.68
27326 2025-08-12 802.90
27342 2021-01-31 44.10
27362 2021-01-01 745.21
27370 2023-06-21 75.62
27383 2026-02-13 1508.08
27415 2022-04-28 62.45
27417 2025-08-09 1972.72
27419 2026-01-07 141.12
27423 2021-05-31 89.28
27424 2022-08-17 305.49
27425 2024-11-03 73.42
27428 2022-10-05 278.97
27431 2024-07-23 530.96
27433 2025-03-24 338.00
27441 2021-04-18 318.95
27450 2024-04-18 145.68
27453 2023-11-03 290.94
27454 2023-07-06 201.89
27462 2024-11-18 141.63
27467 2022-10-11 335.84
27469 2025-05-04 606.47
27473 2025-07-17 890.01
27485 2026-01-09 62.59
27491 2021-02-02 245.95
27496 2025-02-23 128.62
27499 2025-11-07 1794.89
27507 2024-09-12 163.82
27514 2023-06-23 1382.73
27527 2026-06-20 62.68
27530 2026-01-28 262.88
27553 2024-03-26 169.55
27558 2022-09-18 176.38
27559 2025-05-16 132.27
27560 2026-01-10 172.40
27576 2024-12-21 748.24
27605 2025-08-01 68.94
27611 2026-05-06 67.91
27618 2026-04-22 1287.49
27626 2026-01-24 218.21
27630 2021-05-04 1214.05
27632 2023-10-01 2444.29
27635 2025-02-15 2453.51
27641 2023-12-02 64.98
27646 2024-11-12 150.64
27647 2026-06-24 1932.73
27656 2022-04-07 1434.81
27660 2023-10-27 98.53
27662 2026-01-07 1022.99
27665 2025-07-19 77.88
27666 2025-05-17 96.87
27687 2025-05-30 1260.27
27691 2024-01-22 309.46
27693 2026-04-30 161.06
27697 2026-05-08 770.30
27711 2023-10-07 76.27
27722 2026-05-29 1602.55
27732 2022-04-24 127.61
27734 2025-05-02 1429.47
27750 2024-01-31 199.77
27752 2022-06-18 1669.27
27753 2025-11-07 272.59
27754 2022-09-30 171.43
27756 2026-04-09 140.51
27762 2026-04-24 1181.16
27770 2022-04-23 137.98
27774 2025-02-07 95.77
27775 2025-08-17 1956.76
27780 2022-03-26 309.27
27782 2023-03-03 561.21
27793 2022-09-10 106.00
27797 2022-08-23 686.22
27813 2025-10-25 68.67
27828 2026-05-15 143.26
27839 2026-02-06 76.32
27842 2022-08-30 140.05
27843 2024-08-07 79.32
27846 2021-05-20 716.04
27850 2024-08-16 910.76
27854 2025-07-05 1619.43
27857 2024-08-17 813.29
27860 2025-03-14 450.95
27877 2026-05-08 702.86
27881 2025-07-14 109.89
27882 2024-05-10 681.66
27884 2021-01-26 709.28
27887 2025-10-11 648.16
27901 2025-01-07 70.58
27927 2023-09-22 140.11
27937 2026-01-25 255.12
27938 2023-10-16 280.75
27943 2026-06-04 108.77
27945 2024-03-15 1307.11
27946 2026-01-13 583.11
27947 2024-09-20 234.79
27960 2023-10-15 122.12
27965 2022-05-17 67.29
27969 2021-08-10 100.25
27976 2026-04-07 184.73
27977 2022-06-02 2230.30
27981 2022-11-15 61.16
27984 2026-05-15 266.67
27993 2024-01-03 209.55
27998 2024-08-14 516.10
28003 2026-03-14 334.63
28010 2024-12-31 116.36
28015 2026-01-02 449.39
28036 2024-05-14 1496.44
28045 2026-06-06 88.90
28048 2025-09-07 146.55
28066 2023-02-25 726.77
28083 2026-01-31 535.22
28093 2025-01-04 67.66
28103 2021-09-13 79.58
28111 2023-02-26 544.17
28125 2021-05-19 336.11
28127 2026-02-19 255.11
28128 2022-04-09 621.48
28134 2025-09-01 84.70
28152 2026-02-19 70.06
28161 2025-07-29 1128.07
28167 2021-12-11 826.47
28170 2023-08-18 828.49
28172 2022-07-06 525.23
28175 2024-12-23 138.50
28178 2021-12-28 51.64
28183 2024-12-14 1998.25
28184 2023-01-28 232.89
28185 2022-07-22 77.78
28186 2022-05-29 313.01
28190 2021-07-31 470.32
28192 2022-07-28 267.10
28194 2024-02-23 1775.42
28209 2025-12-04 653.11
28214 2026-05-22 89.29
28216 2024-09-19 151.93
28225 2025-02-08 204.12
28226 2025-02-21 1284.49
28227 2023-01-04 96.93
28229 2023-02-07 844.93
28230 2024-05-10 252.10
28251 2026-05-11 2312.67
28252 2025-10-11 169.61
28253 2026-05-11 263.06
28255 2021-07-10 754.12
28257 2026-02-13 1673.46
28277 2023-06-01 302.29
28278 2025-06-30 1228.78
28279 2023-03-04 85.00
28282 2025-10-21 633.45
28284 2024-06-03 53.66
28287 2024-11-25 1278.04
28299 2024-03-25 71.61
28301 2026-04-04 645.62
28316 2024-03-12 1446.67
28317 2026-07-01 70.09
28318 2022-09-21 97.72
28350 2025-07-28 209.99
28362 2025-09-12 906.57
28373 2025-09-20 528.19
28378 2024-04-19 216.79
28390 2023-02-12 405.47
28401 2023-08-10 987.74
28417 2023-02-16 2062.62
28427 2026-04-13 2185.62
28430 2022-11-22 113.91
28434 2023-02-27 2396.53
28458 2025-12-30 83.20
28463 2026-01-04 266.41
28464 2021-10-04 151.19
28466 2025-06-23 206.41
28473 2024-06-17 1319.70
28474 2022-01-20 348.94
28476 2024-07-08 156.56
28477 2024-10-05 1281.97
28480 2024-03-02 168.90
28486 2021-05-22 858.13
28487 2022-11-19 95.04
28498 2022-02-28 900.45
28502 2026-01-01 1500.33
28528 2021-11-05 295.38
28532 2022-02-28 1412.26
28537 2026-04-19 795.99
28559 2024-08-07 2546.21
28567 2026-01-16 267.43
28573 2025-08-05 161.20
28575 2026-03-15 82.54
28586 2022-09-19 93.11
28603 2024-08-05 380.25
28616 2023-03-13 2424.17
28631 2021-05-02 365.53
28640 2021-10-13 182.42
28642 2024-01-07 1180.07
28643 2024-05-17 62.59
28649 2026-05-05 201.20
28651 2023-07-28 284.47
28653 2021-09-17 65.37
28660 2026-04-14 59.98
28675 2022-05-04 98.27
28679 2023-04-01 85.40
28694 2023-12-09 71.20
28696 2025-04-07 958.43
28697 2021-05-11 751.70
28712 2021-02-23 121.57
28715 2025-10-23 270.38
28718 2025-05-13 341.95
28720 2021-03-07 277.29
28721 2025-07-08 127.78
28726 2023-11-12 228.40
28732 2026-03-09 551.47
28738 2021-08-06 612.72
28747 2023-09-02 222.75
28752 2024-08-02 510.67
28753 2025-04-26 63.20
28763 2025-03-16 957.17
28777 2024-08-04 58.63
28781 2023-12-03 263.21
28786 2021-10-23 591.81
28793 2026-05-30 940.46
28819 2025-04-21 83.23
28833 2025-12-03 980.36
28840 2021-02-27 216.15
28844 2024-12-24 86.92
28845 2026-06-20 747.04
28847 2021-02-06 121.37
28854 2023-07-10 176.22
28859 2025-12-20 227.64
28860 2021-03-31 193.17
28865 2024-02-08 494.16
28868 2024-04-22 199.22
28884 2026-01-25 518.54
28891 2026-04-21 200.73
28892 2023-04-25 1383.76
28906 2025-01-30 382.90
28911 2026-02-05 487.87
28925 2021-11-09 195.72
28931 2025-09-05 77.34
28934 2022-03-20 634.38
28936 2026-05-17 1789.57
28938 2022-12-15 74.92
28948 2024-08-02 47.72
28949 2023-12-06 351.48
28952 2022-10-23 295.53
28953 2024-08-26 322.64
28955 2022-07-15 2257.13
28956 2025-04-29 806.38
28958 2025-11-04 1097.43
28968 2022-07-21 51.13
28975 2026-03-05 353.84
28978 2026-04-06 1154.62
28981 2021-11-05 69.22
28983 2026-05-30 1267.23
28986 2021-07-05 183.42
28995 2025-08-04 541.99
28997 2024-10-20 750.17
28999 2021-05-03 659.13
29002 2025-03-12 214.73
29010 2025-03-08 133.93
29018 2023-02-03 420.40
29020 2021-11-06 2438.34
29025 2023-01-25 69.01
29026 2025-08-13 265.09
29027 2024-02-05 656.61
29030 2023-07-09 2248.53
29044 2025-02-12 1052.62
29046 2024-05-18 71.14
29054 2024-02-25 184.71
29057 2024-01-18 1094.70
29059 2025-09-08 64.32
29069 2025-11-14 489.34
29078 2024-03-07 126.58
29086 2022-10-19 419.15
29100 2025-03-24 313.33
29124 2024-09-08 59.02
29131 2022-12-05 43.32
29139 2022-07-14 1299.00
29140 2025-01-31 675.86
29146 2026-05-13 967.06
29149 2026-02-11 74.10
29150 2022-03-08 367.30
29151 2023-06-09 1373.81
29158 2026-05-04 200.99
29159 2025-04-13 55.03
29161 2024-03-01 2016.02
29167 2022-11-17 188.89
29179 2023-03-10 321.43
29196 2022-08-06 70.78
29208 2026-01-26 79.60
29212 2022-12-17 86.21
29255 2025-06-05 149.04
29256 2022-04-10 192.41
29261 2024-08-02 446.67
29275 2026-04-02 133.83
29277 2025-07-31 1808.01
29279 2022-08-19 161.77
29280 2023-12-23 274.18
29284 2025-03-13 461.22
29288 2026-07-01 161.61
29296 2023-03-05 2002.87
29299 2025-02-20 1440.04
29303 2022-01-23 276.96
29317 2021-03-21 273.16
29318 2023-04-22 1838.76
29334 2024-12-17 78.14
29335 2026-06-22 648.12
29340 2025-12-14 308.98
29348 2021-06-02 85.03
29363 2025-04-29 71.52
29364 2024-02-18 98.01
29372 2024-12-21 188.09
29373 2022-09-20 389.99
29382 2023-04-13 1483.26
29385 2025-06-22 49.52
29396 2023-11-08 88.52
29408 2021-12-07 406.32
29410 2026-06-10 1117.62
29443 2021-12-14 211.50
29450 2023-07-04 95.59
29453 2025-08-15 1261.85
29459 2022-03-11 1633.48
29466 2025-01-22 1980.38
29472 2026-04-13 513.52
29473 2021-09-03 77.78
29478 2024-11-19 617.77
29486 2025-10-14 64.38
29503 2023-04-09 346.19
29504 2026-05-18 2237.18
29507 2022-03-08 112.18
29514 2024-03-09 185.19
29521 2026-04-06 1356.03
29523 2026-01-25 154.71
29534 2021-05-21 412.14
29540 2024-03-15 2519.31
29543 2022-01-28 171.31
29552 2022-05-12 504.87
29555 2023-07-01 207.43
29582 2024-02-01 3081.78
29584 2026-03-11 192.90
29588 2026-05-07 390.62
29591 2026-02-03 503.58
29596 2024-09-20 599.17
29597 2025-02-22 770.93
29598 2024-03-29 91.11
29600 2025-02-20 556.38
29602 2024-02-20 101.67
29615 2024-11-14 1163.33
29616 2025-10-02 2584.83
29617 2024-06-07 180.44
29618 2024-03-29 286.81
29629 2024-02-03 1282.72
29632 2024-02-19 183.03
29633 2026-05-04 2127.41
29646 2026-05-17 2156.54
29648 2025-10-15 999.83
29650 2026-03-09 393.42
29657 2021-06-19 496.09
29660 2026-04-22 54.62
29663 2023-03-08 314.72
29665 2024-03-10 51.35
29687 2022-04-17 418.88
29691 2026-04-12 2604.14
29695 2024-08-15 1776.30
29696 2025-12-23 155.82
29701 2023-05-30 206.16
29715 2023-11-22 210.59
29718 2022-01-31 94.50
29728 2026-01-03 1798.36
29731 2023-12-01 374.02
29734 2025-06-02 2195.20
29740 2024-11-10 538.19
29748 2023-11-13 635.90
29754 2026-04-13 647.24
29758 2026-06-12 80.91
29761 2026-03-17 43.07
29763 2026-01-04 2264.34
29786 2025-08-17 80.81
29812 2024-07-19 671.56
29816 2024-03-01 788.09
29819 2026-06-23 251.58
29820 2024-02-02 1120.28
29828 2024-09-14 186.20
29842 2024-05-18 96.44
29844 2025-01-15 70.78
29846 2026-04-02 326.88
29848 2023-01-26 1103.59
29851 2022-03-22 334.69
29857 2026-04-08 169.81
29860 2025-10-23 48.73
29869 2023-04-20 170.55
29870 2024-04-27 511.88
29877 2025-04-29 375.82
29878 2025-05-30 81.13
29885 2026-02-08 787.21
29888 2026-05-19 144.68
29895 2023-08-04 237.67
29905 2026-05-06 62.93
29913 2024-07-27 236.39
29915 2023-11-08 180.69
29917 2026-02-13 277.87
29918 2026-05-20 376.72
29919 2022-02-06 225.31
29920 2021-10-02 49.04
29924 2026-05-07 621.96
29929 2026-01-18 3094.50
29935 2025-07-21 49.49
29937 2026-03-28 1127.68
29939 2022-02-19 109.31
29953 2024-06-08 612.92
29955 2022-11-25 313.30
29981 2026-04-04 180.89
29985 2021-03-08 190.51
29995 2025-11-17 209.02
29998 2026-04-28 134.73
30001 2025-02-26 1506.86
30004 2023-11-13 41.17
30012 2026-02-26 44.66
30027 2024-04-15 440.18
30028 2022-10-16 138.05
30037 2024-03-28 308.05
30038 2021-08-05 2449.34
30043 2021-07-15 258.58
30070 2025-05-28 190.06
30071 2024-02-14 833.80
30075 2026-05-09 45.45
30081 2025-04-29 124.74
30088 2021-01-25 749.31
30102 2026-01-13 172.97
30119 2026-02-11 2811.70
30121 2021-05-16 183.89
30133 2024-04-12 83.85
30146 2024-02-07 501.66
30154 2024-01-13 115.64
30159 2022-11-04 915.92
30171 2026-04-05 1878.06
30176 2022-07-19 1122.56
30181 2026-03-06 176.09
30185 2022-08-26 80.02
30187 2023-09-16 1442.36
30191 2023-06-02 48.68
30203 2023-08-27 951.00
30205 2024-12-02 140.95
30211 2023-06-25 340.95
30216 2026-04-02 516.36
30218 2025-01-01 1899.34
30236 2024-10-29 63.93
30242 2023-12-19 966.14
30246 2025-07-19 254.20
30249 2026-01-03 2998.34
30251 2024-11-04 81.22
30252 2025-04-30 350.25
30253 2024-03-18 1792.73
30262 2024-12-12 70.61
30269 2025-05-04 53.50
30277 2024-03-07 658.26
30280 2025-06-20 544.14
30281 2024-07-16 2149.13
30288 2023-10-23 1852.72
30291 2022-09-15 150.94
30297 2021-08-01 59.06
30301 2026-03-29 146.72
30304 2021-12-28 803.28
30305 2023-12-02 523.85
30307 2024-01-13 1061.87
30309 2026-05-27 2411.91
30319 2021-12-04 273.34
30332 2026-01-15 68.98
30339 2022-09-17 232.76
30349 2022-02-13 1902.04
30350 2021-11-14 792.31
30354 2025-04-20 1231.30
30358 2024-11-02 1882.13
30371 2023-04-12 1114.80
30384 2024-11-18 64.84
30387 2022-07-26 172.72
30389 2025-01-25 56.83
30399 2023-07-20 82.03
30401 2024-03-31 200.03
30409 2023-11-23 977.14
30410 2026-04-27 1385.61
30416 2023-01-21 183.20
30421 2024-03-27 182.59
30422 2026-01-14 1077.71
30425 2021-02-16 356.51
30447 2024-10-03 79.82
30460 2022-09-19 329.53
30467 2026-03-18 524.17
30472 2021-09-05 1614.00
30483 2025-05-23 315.67
30490 2026-01-27 2184.30
30497 2026-04-06 1249.58
30500 2026-02-12 72.60
30501 2026-04-07 1181.90
30505 2026-03-02 2377.95
30512 2023-03-18 564.51
30517 2026-06-14 115.37
30525 2025-04-02 54.77
30534 2026-04-18 649.92
30536 2026-03-06 78.78
30540 2023-07-10 151.11
30547 2021-07-14 165.53
30553 2023-03-04 65.73
30557 2025-10-28 665.18
30558 2025-07-02 132.11
30563 2022-11-17 352.67
30564 2024-07-27 263.33
30567 2022-09-15 194.76
30579 2022-03-21 1777.97
30581 2022-06-19 81.22
30582 2025-11-10 92.68
30585 2022-03-31 177.19
30587 2023-12-05 51.15
30612 2023-05-06 205.95
30625 2025-07-17 226.04
30634 2024-05-06 2350.87
30640 2025-11-30 1168.54
30646 2025-10-02 92.42
30649 2023-04-29 848.00
30667 2023-06-23 204.78
30677 2025-05-17 1267.94
30680 2022-08-18 318.44
30681 2022-06-23 154.40
30693 2023-01-13 747.29
30707 2026-02-19 1032.36
30710 2026-02-15 249.95
30711 2024-01-17 53.55
30744 2025-04-20 519.51
30752 2021-03-09 237.14
30763 2022-02-22 285.59
30764 2026-05-04 1182.46
30777 2023-09-15 256.30
30779 2025-05-17 90.22
30791 2021-12-09 124.79
30798 2022-08-23 337.37
30808 2021-05-01 319.73
30809 2026-04-25 98.73
30810 2025-12-01 1537.01
30811 2023-09-01 419.56
30814 2023-06-29 368.91
30816 2021-08-31 332.25
30820 2023-05-02 1959.00
30828 2026-03-21 235.50
30830 2021-09-26 63.71
30840 2026-05-15 1139.57
30842 2021-11-26 849.87
30844 2023-10-20 73.19
30846 2022-11-19 115.62
30850 2026-06-24 276.32
30861 2025-08-16 112.59
30870 2022-07-03 271.98
30877 2025-05-13 177.50
30887 2024-02-09 462.87
30900 2026-06-10 803.66
30903 2023-02-22 71.84
30906 2025-07-23 77.06
30922 2022-10-05 128.99
30934 2026-06-27 1380.30
30940 2025-02-23 263.17
30952 2026-02-19 1528.49
30955 2025-05-17 218.48
30957 2025-11-06 134.13
30958 2025-07-20 1310.80
30960 2023-12-07 438.08
30972 2021-05-10 2600.27
30976 2022-05-28 167.78
30979 2022-07-09 1227.48
30987 2022-03-30 2561.06
30992 2024-07-08 102.51
30995 2022-07-10 137.07
30997 2023-01-08 146.80
31001 2025-07-14 109.10
31010 2022-10-26 67.78
31015 2026-02-25 1906.21
31017 2026-06-15 592.41
31024 2023-09-28 683.67
31026 2026-05-30 858.22
31035 2023-10-15 528.12
31036 2026-05-26 736.27
31040 2024-06-17 179.30
31052 2026-02-23 149.57
31055 2025-04-10 836.16
31059 2022-04-28 271.86
31066 2022-12-30 252.71
31068 2026-03-02 292.06
31072 2021-05-08 890.48
31076 2023-03-03 104.83
31077 2025-09-09 451.62
31104 2024-03-03 116.65
31106 2026-03-10 417.94
31107 2021-09-28 446.19
31112 2023-01-08 210.98
31113 2026-05-21 97.45
31120 2023-08-12 2535.50
31129 2024-02-05 125.57
31130 2021-08-22 104.78
31134 2025-03-26 298.96
31142 2022-07-15 113.07
31156 2022-06-06 208.47
31159 2024-01-09 46.41
31189 2025-11-01 235.16
31190 2023-10-19 266.39
31206 2026-04-08 190.93
31211 2022-09-11 1642.22
31219 2024-12-09 2173.50
31222 2025-06-20 575.28
31223 2024-05-23 151.77
31225 2025-07-03 1268.91
31227 2023-12-25 153.63
31233 2025-06-16 1653.96
31235 2024-01-19 800.39
31237 2022-07-25 180.75
31252 2021-01-22 328.84
31253 2022-04-11 188.97
31254 2021-01-03 663.03
31258 2024-09-28 2578.63
31263 2022-10-19 80.43
31269 2024-02-22 1654.59
31274 2025-12-27 63.07
31277 2021-07-12 939.40
31282 2024-07-22 650.15
31301 2024-08-17 315.19
31303 2023-09-12 117.44
31306 2026-01-03 65.19
31325 2023-07-26 225.11
31332 2026-06-07 372.40
31336 2022-09-25 453.97
31343 2026-05-14 357.53
31350 2026-02-14 74.87
31352 2026-06-08 2235.76
31353 2022-12-03 685.30
31370 2026-05-22 1182.58
31380 2026-04-06 1275.54
31387 2025-12-24 117.12
31413 2024-01-16 1508.21
31417 2024-10-16 295.18
31418 2022-06-28 790.10
31437 2021-08-03 147.16
31442 2026-02-10 192.96
31453 2022-09-24 640.00
31466 2021-04-10 285.92
31479 2024-02-24 293.74
31483 2024-06-26 1561.79
31493 2021-11-20 94.80
31494 2025-12-28 83.25
31503 2025-03-23 261.65
31505 2025-04-15 1385.04
31516 2024-09-22 997.71
31518 2026-01-06 1998.21
31535 2026-05-17 409.85
31542 2024-12-31 133.02
31553 2024-02-25 260.76
31554 2026-03-18 997.79
31572 2025-09-01 228.23
31574 2026-03-06 350.20
31581 2021-10-24 123.29
31591 2025-10-28 2316.99
31595 2024-10-10 1480.16
31598 2023-01-28 164.57
31605 2023-05-13 1457.31
31622 2026-04-16 59.95
31638 2025-02-18 1622.76
31651 2022-10-16 1074.12
31656 2024-02-24 89.52
31663 2024-10-22 2063.23
31664 2023-05-17 491.42
31682 2024-08-16 1313.89
31686 2024-10-14 2114.86
31688 2024-12-09 597.63
31694 2026-06-24 98.95
31696 2023-03-31 220.80
31702 2026-01-21 1418.92
31707 2025-11-26 133.86
31715 2024-09-28 737.68
31720 2026-05-31 126.96
31725 2024-07-28 116.89
31727 2026-02-09 896.57
31740 2025-02-11 253.83
31748 2023-07-01 1290.32
31753 2024-10-29 70.78
31766 2021-11-22 141.90
31772 2023-06-19 77.99
31776 2023-09-11 1109.35
31788 2025-08-26 164.84
31792 2023-11-03 525.62
31794 2024-10-10 1061.89
31808 2022-02-04 176.03
31820 2026-05-02 144.46
31821 2024-06-24 143.72
31823 2026-01-20 454.07
31834 2022-02-07 278.69
31843 2023-02-09 113.85
31847 2025-05-14 55.72
31848 2024-03-22 250.54
31852 2023-11-11 203.33
31872 2026-01-20 560.08
31882 2023-04-15 317.65
31883 2024-12-19 264.32
31899 2026-02-25 217.19
31904 2022-08-17 548.01
31910 2021-03-21 125.87
31914 2021-02-12 428.57
31919 2026-01-12 99.90
31925 2023-09-15 79.77
31931 2021-06-27 341.49
31943 2025-12-13 106.68
31946 2022-03-03 1575.10
31951 2023-06-09 1767.90
31954 2022-07-27 117.60
31970 2021-04-28 264.78
31972 2024-05-09 270.85
31988 2026-02-18 206.09
31989 2024-06-29 176.79
31991 2024-01-21 2249.78
32017 2023-05-08 191.16
32028 2023-06-16 60.30
32031 2026-05-05 61.73
32040 2026-02-04 350.50
32054 2026-06-19 2198.97
32068 2022-07-05 121.98
32073 2021-05-25 132.00
32076 2024-09-23 203.93
32089 2021-10-27 263.96
32092 2026-03-25 183.39
32093 2023-07-29 3014.96
32094 2024-04-03 424.34
32099 2024-12-14 58.39
32101 2022-09-18 88.75
32113 2024-01-12 721.47
32120 2023-02-01 48.15
32125 2021-08-31 525.96
32128 2022-06-26 347.90
32133 2026-01-31 571.32
32136 2024-01-29 1153.99
32140 2026-06-27 81.83
32147 2026-03-22 1122.08
32153 2025-04-14 107.01
32155 2024-08-04 1322.64
32164 2026-04-09 634.75
32166 2021-08-25 323.83
32171 2023-02-21 201.23
32182 2025-05-07 88.98
32194 2025-06-24 773.60
32198 2025-12-14 133.60
32199 2021-02-26 545.38
32203 2023-03-10 76.84
32206 2024-02-13 68.07
32207 2022-03-07 597.35
32211 2025-10-18 70.55
32214 2025-01-02 170.16
32227 2025-07-21 223.16
32229 2025-04-22 162.67
32231 2025-05-25 792.76
32240 2026-05-23 1761.02
32245 2021-12-08 468.83
32246 2022-04-08 944.76
32268 2021-06-18 118.98
32269 2024-02-17 464.15
32286 2021-12-24 632.90
32293 2025-04-11 169.66
32297 2026-01-01 244.26
32299 2022-06-17 56.14
32304 2024-08-31 218.95
32305 2026-03-17 683.58
32322 2022-01-19 80.28
32323 2026-01-03 485.48
32328 2021-12-30 282.82
32331 2024-12-11 186.69
32334 2024-04-04 199.78
32335 2023-02-06 69.66
32343 2021-07-13 1052.47
32345 2024-01-04 83.74
32363 2022-02-07 134.43
32387 2025-11-02 542.71
32389 2021-12-01 42.14
32391 2024-05-08 270.90
32395 2021-03-23 287.10
32398 2023-06-09 567.58
32411 2025-12-16 1097.18
32413 2022-02-08 65.22
32414 2026-06-29 1051.01
32415 2026-06-24 252.80
32443 2025-09-21 104.57
32459 2025-05-15 44.44
32465 2022-11-24 1349.48
32472 2025-08-26 69.14
32479 2021-09-05 218.60
32481 2024-10-02 671.22
32492 2025-07-03 990.17
32505 2025-03-15 130.67
32515 2023-10-09 423.45
32526 2021-05-16 336.41
32528 2021-12-01 55.81
32529 2026-04-30 53.98
32548 2026-01-03 1934.77
32552 2026-03-05 95.58
32554 2023-09-09 245.59
32564 2022-11-11 735.82
32566 2023-12-20 61.63
32568 2022-07-01 113.06
32581 2021-02-24 1648.34
32595 2026-05-18 285.88
32605 2023-04-03 770.41
32615 2026-01-11 1579.18
32617 2021-03-28 418.28
32623 2024-12-13 64.47
32630 2023-06-03 268.37
32634 2022-03-25 711.22
32635 2023-05-20 243.46
32642 2023-10-02 300.17
32663 2021-07-03 459.54
32671 2023-12-08 309.37
32673 2023-07-27 1810.43
32674 2023-11-04 255.98
32681 2022-12-18 1247.70
32688 2026-04-01 160.68
32694 2021-04-17 208.58
32700 2021-08-20 218.53
32708 2025-11-17 401.66
32738 2022-09-01 1352.47
32742 2023-07-31 151.50
32745 2024-08-30 552.61
32762 2025-05-23 235.85
32771 2023-09-18 61.20
32773 2023-03-14 104.40
32775 2026-04-23 154.85
32778 2025-12-06 106.63
32780 2026-06-23 240.82
32788 2022-02-23 1383.87
32793 2024-06-17 45.33
32810 2026-06-02 72.11
32820 2025-02-24 63.72
32839 2024-08-30 490.73
32841 2025-12-11 201.45
32853 2026-03-04 662.62
32856 2026-02-04 132.19
32859 2022-02-10 998.55
32873 2025-04-20 438.00
32888 2022-07-08 907.02
32893 2026-05-20 187.60
32907 2026-06-11 70.34
32915 2025-06-06 1366.91
32919 2021-06-17 183.96
32923 2026-03-19 136.38
32924 2025-04-08 282.37
32932 2026-03-29 63.65
32934 2025-08-06 741.38
32936 2026-01-16 1037.15
32952 2026-01-19 1338.66
32957 2025-10-15 214.08
32958 2024-09-25 279.45
32977 2026-05-17 930.48
32981 2022-07-19 604.58
32982 2023-07-06 243.77
32986 2023-08-10 2245.92
33003 2025-04-30 491.12
33005 2026-02-28 77.99
33009 2025-06-26 212.65
33019 2025-03-19 1010.77
33023 2022-04-26 73.71
33025 2021-07-02 94.58
33030 2024-05-11 700.61
33038 2021-02-23 72.83
33043 2023-07-26 106.87
33045 2022-08-19 1627.19
33050 2023-04-23 76.12
33057 2024-07-08 1086.84
33062 2021-02-28 246.66
33078 2023-02-27 76.14
33086 2021-05-09 53.57
33090 2022-06-05 1638.99
33113 2023-12-07 320.34
33129 2021-05-12 127.63
33138 2025-07-09 624.10
33141 2022-10-02 130.73
33177 2025-07-15 418.11
33180 2025-07-01 571.63
33191 2026-05-14 76.68
33193 2025-03-05 1085.42
33195 2026-01-10 61.94
33196 2023-06-14 947.48
33210 2022-04-04 170.78
33219 2022-09-04 128.11
33232 2026-01-18 433.23
33239 2026-06-28 69.90
33257 2024-07-26 69.85
33268 2022-01-27 139.94
33270 2021-07-25 70.76
33271 2024-07-10 175.81
33297 2024-10-10 2403.99
33301 2022-03-08 1138.53
33309 2026-06-27 340.68
33318 2026-01-06 1408.95
33321 2022-09-26 1357.47
33345 2022-02-04 118.85
33349 2026-04-24 1430.48
33354 2023-08-12 430.79
33357 2026-02-20 1161.33
33363 2023-10-25 2358.45
33374 2026-02-04 418.63
33379 2025-08-19 565.51
33391 2025-04-15 253.28
33399 2021-02-18 640.00
33401 2022-07-31 970.11
33415 2024-12-24 688.31
33420 2026-01-08 548.93
33421 2024-03-29 588.76
33428 2024-11-18 1977.98
33444 2026-01-14 261.42
33448 2022-06-11 1732.06
33450 2026-04-10 126.62
33454 2022-08-24 1709.89
33459 2022-12-13 1653.08
33464 2024-08-12 275.66
33471 2022-12-02 1398.61
33497 2026-05-05 57.84
33499 2026-04-22 256.44
33500 2021-05-21 847.24
33501 2026-01-23 77.06
33524 2025-12-08 146.36
33530 2021-08-12 98.57
33535 2025-08-07 557.40
33548 2025-04-07 170.47
33585 2021-10-21 751.87
33611 2024-03-23 1757.28
33618 2024-02-09 674.40
33624 2022-11-10 803.99
33632 2024-06-04 133.37
33639 2021-07-18 1965.54
33647 2023-01-17 389.64
33651 2025-06-29 190.41
33664 2023-02-16 1619.22
33682 2021-03-10 72.54
33689 2026-06-24 53.91
33697 2021-04-17 262.41
33706 2024-06-21 218.99
33714 2024-11-12 53.79
33719 2024-01-19 1499.10
33728 2024-04-11 283.86
33729 2026-06-29 202.36
33732 2025-05-15 497.90
33736 2022-08-31 100.17
33754 2022-07-14 2219.72
33770 2024-12-14 242.48
33777 2023-04-23 78.31
33778 2025-07-21 667.17
33779 2024-04-14 169.73
33798 2021-12-16 460.55
33803 2026-06-08 641.39
33811 2024-12-20 863.24
33815 2022-03-27 405.86
33818 2025-03-07 567.21
33820 2024-12-02 156.32
33825 2026-04-19 64.73
33833 2024-04-16 557.51
33836 2026-03-13 2097.88
33842 2023-03-07 271.22
33843 2026-04-26 50.96
33848 2023-03-02 1361.06
33852 2024-08-09 242.61
33861 2021-01-30 2012.31
33865 2023-06-26 217.10
33870 2022-10-09 43.72
33871 2026-02-28 184.80
33886 2022-03-31 1861.87
33901 2024-04-09 609.06
33931 2026-03-26 188.85
33938 2022-03-27 391.38
33950 2024-07-30 1669.05
33952 2023-01-02 475.91
33955 2021-07-04 1047.90
33979 2021-09-02 676.51
33980 2024-11-18 161.79
33984 2024-06-15 186.78
33985 2025-09-30 417.98
33987 2025-05-13 1554.94
33989 2026-06-21 93.25
33992 2024-04-17 170.94
33996 2021-07-09 46.68
34003 2024-03-04 1517.64
34012 2023-03-18 45.86
34014 2021-05-20 327.35
34015 2022-05-27 1776.87
34025 2025-10-26 2319.00
34029 2021-12-11 213.93
34032 2021-12-20 104.49
34034 2026-01-19 724.46
34039 2023-04-28 55.94
34053 2021-03-06 1306.96
34054 2026-06-14 153.51
34057 2026-06-30 1787.23
34060 2024-07-11 834.60
34071 2023-06-23 1206.55
34082 2022-03-10 588.13
34095 2021-03-08 393.69
34110 2022-04-18 665.19
34119 2024-07-13 166.52
34129 2023-08-18 91.69
34145 2026-06-22 41.56
34148 2026-01-03 651.90
34164 2023-04-13 202.98
34167 2024-04-15 192.36
34171 2025-10-16 137.37
34178 2025-11-05 143.07
34199 2025-05-29 990.43
34208 2026-03-26 70.44
34212 2024-06-27 167.01
34224 2021-12-07 415.40
34228 2024-07-24 97.75
34246 2025-04-20 210.61
34249 2025-05-02 291.05
34250 2023-06-10 1404.29
34256 2024-08-01 1151.42
34257 2025-05-26 548.83
34260 2026-04-10 302.30
34265 2022-04-24 137.30
34266 2026-05-06 1359.20
34268 2026-01-31 1765.16
34270 2023-08-17 103.41
34282 2025-07-30 73.07
34289 2021-03-25 153.84
34292 2026-01-02 60.30
34294 2026-04-16 232.67
34297 2022-09-07 77.94
34298 2026-04-17 62.93
34317 2025-11-20 751.06
34326 2021-05-29 584.61
34344 2023-03-08 1127.91
34347 2024-01-10 60.09
34355 2024-03-14 66.49
34358 2023-08-18 2564.38
34360 2022-01-05 586.77
34369 2024-07-06 1742.89
34371 2024-12-17 657.38
34375 2026-02-21 81.17
34379 2026-04-17 134.58
34382 2026-02-03 980.03
34388 2026-02-12 62.22
34403 2023-03-23 2280.56
34404 2025-01-02 339.86
34408 2021-02-10 896.83
34413 2021-01-30 65.14
34419 2026-04-07 110.57
34423 2022-06-10 216.84
34428 2026-03-23 498.59
34429 2021-11-09 999.56
34433 2022-12-30 156.71
34438 2023-05-13 322.65
34441 2022-12-31 114.73
34442 2024-01-16 1028.36
34465 2025-04-19 1094.80
34484 2026-02-06 87.96
34508 2024-05-26 57.23
34516 2023-09-02 228.90
34537 2021-07-26 209.46
34539 2026-05-11 183.95
34542 2022-07-25 279.34
34547 2021-08-28 215.04
34558 2026-01-04 212.91
34572 2025-06-01 87.85
34574 2026-06-10 299.89
34578 2023-12-01 2246.82
34583 2025-06-03 84.28
34589 2021-06-24 91.99
34600 2022-09-01 576.45
34602 2023-01-01 55.24
34610 2026-05-14 45.71
34616 2026-03-14 330.10
34617 2025-10-13 1258.98
34626 2026-02-23 712.51
34628 2026-01-27 781.49
34641 2025-02-17 359.43
34644 2021-01-20 78.92
34652 2024-03-28 1034.01
34660 2026-05-01 711.10
34676 2022-06-12 1043.43
34683 2025-10-29 2655.93
34694 2023-11-04 502.63
34716 2023-11-03 429.36
34727 2025-12-27 207.21
34729 2024-11-15 1286.67
34733 2021-06-08 63.61
34735 2023-06-30 1614.91
34743 2026-05-11 191.93
34747 2021-05-02 135.43
34749 2025-08-30 112.28
34758 2026-04-10 1338.13
34772 2023-07-01 299.19
34786 2022-04-23 227.81
34790 2024-02-07 349.28
34791 2026-05-01 171.04
34796 2022-03-09 382.35
34800 2026-05-10 546.46
34823 2021-09-26 207.69
34838 2021-09-07 187.36
34846 2025-11-20 817.84
34863 2023-09-25 772.85
34879 2022-09-23 2028.96
34880 2026-05-09 1341.81
34884 2026-03-21 81.01
34885 2023-05-14 1101.76
34891 2022-07-09 1394.74
34905 2026-05-21 181.89
34913 2025-03-28 1142.40
34914 2022-03-19 295.60
34932 2026-05-18 59.95
34937 2024-02-24 379.46
34944 2026-02-18 755.88
34945 2024-12-08 199.57
34964 2024-04-09 53.26
34969 2026-01-26 109.94
34982 2021-01-27 143.56
34983 2023-01-10 53.04
34994 2021-01-14 163.81
34995 2026-05-10 164.31
35000 2025-04-24 830.71
35001 2023-01-14 317.28
35018 2024-03-09 162.85
35026 2026-03-01 205.22
35037 2026-05-22 137.28
35053 2025-06-08 588.61
35059 2022-04-22 296.71
35091 2025-11-20 54.56
35093 2023-05-04 439.64
35095 2024-10-31 608.13
35099 2023-09-17 641.60
35105 2026-04-04 1401.86
35121 2025-09-23 1323.34
35142 2024-04-28 233.63
35156 2025-06-06 257.84
35158 2021-05-14 149.83
35162 2023-03-09 132.09
35184 2025-03-08 153.40
35186 2024-07-30 191.29
35198 2022-10-07 223.05
35199 2025-09-09 1172.51
35219 2025-03-29 1705.87
35226 2025-01-26 60.47
35240 2023-01-06 168.55
35246 2022-03-05 1042.70
35248 2023-03-19 352.61
35250 2024-11-24 571.78
35253 2023-01-20 2502.34
35256 2022-01-16 77.67
35264 2023-08-15 223.79
35265 2025-09-20 61.14
35267 2024-03-23 388.78
35268 2026-06-05 498.91
35272 2023-03-13 1280.84
35285 2025-08-09 198.97
35286 2025-05-26 2025.99
35306 2023-09-16 2488.51
35311 2026-04-06 1336.53
35315 2025-06-05 1547.80
35327 2026-02-15 69.92
35334 2025-10-20 927.76
35335 2022-09-23 61.75
35337 2024-11-30 2126.03
35348 2021-12-21 442.64
35354 2022-11-02 1220.99
35356 2025-06-20 200.51
35359 2026-06-06 119.13
35366 2025-12-19 54.70
35380 2024-01-07 93.62
35381 2024-08-22 102.56
35382 2026-03-03 227.51
35391 2024-09-09 392.54
35397 2026-03-07 189.82
35399 2023-03-24 286.90
35400 2024-11-29 424.15
35401 2021-11-27 471.27
35410 2025-02-20 174.19
35414 2024-01-02 438.08
35421 2021-06-29 563.43
35439 2024-03-01 181.10
35440 2024-06-22 54.44
35444 2025-12-03 130.55
35445 2024-07-18 816.20
35468 2026-05-16 1038.18
35491 2025-01-09 1464.84
35496 2021-09-13 117.06
35497 2024-06-01 209.04
35502 2024-06-18 217.14
35527 2024-01-12 70.37
35529 2025-07-07 189.96
35532 2025-03-24 218.04
35534 2026-03-12 276.79
35544 2023-12-06 1299.18
35577 2023-11-17 197.98
35586 2024-12-02 298.45
35596 2021-12-30 93.93
35597 2026-05-30 165.56
35604 2024-08-18 181.11
35610 2023-04-22 67.99
35616 2023-05-21 3116.72
35621 2026-04-13 323.83
35643 2025-10-10 65.17
35645 2022-02-15 1022.50
35646 2026-01-05 879.64
35655 2022-06-21 237.62
35659 2024-02-25 1285.42
35663 2026-05-23 414.27
35672 2025-01-03 74.89
35676 2022-08-16 128.98
35678 2026-04-22 149.54
35680 2021-12-28 260.17
35696 2025-08-08 2158.22
35697 2024-01-18 582.60
35701 2022-08-25 462.92
35707 2026-05-04 1066.02
35717 2021-10-30 1591.02
35723 2024-06-29 87.81
35730 2024-09-21 1194.13
35755 2025-01-13 1272.49
35758 2025-03-29 102.21
35764 2026-03-10 140.86
35774 2022-04-24 1018.34
35788 2021-09-16 58.00
35792 2021-10-09 265.34
35793 2024-12-15 305.52
35804 2022-03-11 1056.17
35809 2025-10-24 71.94
35810 2025-06-25 1077.97
35811 2025-04-06 227.16
35816 2024-05-06 147.86
35817 2024-06-04 220.73
35820 2023-12-11 215.06
35828 2025-06-13 55.46
35835 2023-02-01 518.25
35836 2025-05-11 2038.70
35837 2021-12-09 383.26
35851 2023-03-10 77.84
35853 2021-05-07 56.85
35857 2025-07-04 278.24
35865 2025-03-20 2028.61
35867 2023-02-25 304.37
35880 2021-11-05 234.89
35882 2026-05-14 348.65
35886 2021-09-08 1454.61
35887 2022-05-11 215.55
35888 2026-02-25 65.65
35890 2024-11-13 343.44
35898 2025-02-13 425.02
35899 2025-11-09 181.88
35902 2022-06-07 80.11
35913 2026-03-05 173.89
35936 2025-01-28 798.00
35942 2026-04-28 745.10
35944 2026-06-22 190.56
35948 2024-07-29 81.46
35951 2025-02-24 239.89
35963 2025-03-01 78.15
35972 2026-03-12 1591.51
35973 2022-06-18 1275.63
35974 2026-06-30 759.94
35996 2021-05-28 204.73
35997 2025-02-15 190.68
36006 2024-11-25 129.10
36025 2022-06-20 132.45
36033 2023-02-25 207.34
36039 2024-08-30 712.89
36045 2023-09-16 351.00
36056 2025-01-02 843.69
36076 2025-06-18 1635.37
36084 2021-08-17 856.84
36085 2026-01-29 97.99
36091 2023-09-08 610.77
36097 2024-07-20 1866.69
36106 2025-11-26 130.01
36107 2024-12-23 536.35
36119 2021-01-26 216.25
36131 2023-01-19 1004.14
36140 2021-06-13 1918.30
36141 2024-04-25 231.63
36142 2021-02-26 154.07
36145 2026-04-07 326.95
36146 2024-07-17 195.89
36149 2022-09-20 209.38
36152 2025-05-31 2157.82
36155 2021-02-04 2392.21
36160 2026-06-01 116.50
36163 2026-02-02 191.43
36165 2024-06-20 213.14
36171 2021-12-10 538.56
36175 2023-05-29 71.88
36177 2026-01-25 207.47
36184 2025-08-18 633.04
36190 2024-01-22 45.99
36191 2026-05-03 841.72
36209 2021-05-24 1226.58
36215 2025-10-20 1991.20
36241 2024-06-01 206.07
36249 2026-04-10 878.58
36250 2025-12-07 655.94
36251 2023-10-31 692.95
36258 2026-04-01 169.71
36259 2021-07-26 771.00
36280 2025-11-26 164.01
36302 2023-11-16 211.39
36303 2025-10-15 903.58
36305 2024-02-21 78.49
36307 2023-08-18 997.71
36308 2026-02-20 162.03
36309 2026-04-27 191.99
36319 2022-08-19 1969.30
36335 2024-11-25 94.79
36345 2021-06-17 1050.09
36347 2026-02-03 230.90
36352 2022-09-09 225.14
36359 2023-03-27 82.62
36372 2025-07-17 1143.97
36378 2023-09-20 252.73
36379 2024-10-13 176.25
36397 2025-08-23 95.30
36402 2025-09-10 209.89
36404 2021-04-08 78.24
36411 2023-08-05 125.58
36412 2025-10-03 1260.59
36422 2025-01-07 1147.86
36434 2023-06-21 542.70
36446 2021-01-13 211.26
36448 2025-03-26 172.40
36462 2022-04-21 556.47
36464 2023-10-25 2565.49
36472 2021-10-23 81.95
36474 2025-07-21 580.34
36480 2022-08-15 567.74
36492 2026-01-10 346.49
36499 2023-02-15 81.49
36502 2025-06-15 62.53
36529 2025-06-17 96.10
36534 2026-06-25 73.71
36543 2023-08-07 948.31
36544 2023-02-26 108.66
36547 2024-02-14 685.71
36559 2025-05-10 229.33
36560 2024-07-24 321.42
36568 2024-03-16 282.30
36574 2025-11-17 235.56
36576 2023-07-16 532.06
36578 2023-07-11 516.34
36583 2023-12-08 629.24
36586 2023-12-25 95.44
36590 2021-05-19 145.39
36607 2025-07-10 226.39
36629 2025-05-17 751.61
36630 2023-02-24 135.53
36633 2025-03-30 306.87
36636 2023-11-03 283.48
36638 2021-02-10 109.46
36644 2022-05-25 231.99
36647 2022-12-31 340.54
36654 2025-03-26 107.68
36657 2023-10-09 154.77
36658 2025-02-07 112.89
36666 2022-12-31 1803.21
36676 2025-02-16 164.15
36680 2025-11-05 1481.88
36687 2021-10-03 187.75
36699 2021-11-27 120.97
36701 2026-01-17 617.08
36709 2026-03-14 512.68
36712 2025-10-20 150.91
36715 2025-11-26 203.11
36717 2021-04-09 284.11
36719 2024-12-23 2864.21
36725 2026-01-12 1943.13
36731 2022-08-14 420.53
36736 2024-10-30 825.22
36742 2024-08-19 941.07
36756 2026-05-21 175.00
36759 2025-10-31 365.51
36762 2024-06-29 2689.66
36764 2023-11-21 362.36
36770 2025-11-07 1413.96
36772 2021-07-04 124.60
36781 2023-05-09 173.56
36782 2025-07-09 1420.69
36784 2026-01-25 927.68
36797 2022-06-03 835.90
36807 2026-03-10 91.79
36815 2022-05-11 342.29
36829 2021-07-24 279.57
36830 2025-05-02 90.77
36832 2023-11-24 204.14
36836 2023-02-22 108.84
36846 2025-07-13 1688.09
36847 2024-01-05 282.53
36851 2021-03-21 86.68
36856 2022-10-19 551.62
36858 2025-02-05 196.18
36859 2023-07-23 904.55
36864 2024-06-19 1264.41
36865 2023-05-22 324.83
36872 2021-11-21 131.68
36895 2025-05-19 303.43
36900 2022-09-25 808.98
36901 2023-03-04 110.71
36902 2024-12-01 2368.26
36912 2026-03-01 64.29
36916 2025-05-10 184.53
36921 2022-11-25 70.23
36927 2023-12-14 125.49
36936 2024-08-07 90.06
36937 2024-03-02 431.06
36952 2026-02-10 1428.26
36955 2025-02-08 499.42
36956 2026-06-02 327.87
36959 2022-02-25 1490.16
36967 2026-01-05 65.39
36973 2022-04-08 176.07
36989 2022-09-13 145.46
36990 2022-11-06 117.77
36997 2026-06-19 1124.66
37002 2025-01-03 299.45
37006 2021-07-21 1932.17
37022 2022-08-03 99.41
37023 2022-08-03 234.16
37027 2022-02-08 204.54
37034 2026-05-14 160.78
37046 2024-09-09 1745.98
37058 2026-03-26 52.67
37066 2023-04-17 207.99
37067 2022-09-04 263.80
37079 2022-09-11 1356.92
37086 2022-03-31 623.67
37093 2023-08-09 2114.44
37094 2024-09-12 152.47
37096 2022-09-08 277.04
37103 2025-01-14 2171.44
37107 2025-10-26 146.13
37116 2025-12-05 161.80
37118 2025-01-28 1986.08
37122 2024-11-05 118.99
37135 2024-12-09 386.07
37144 2023-04-03 305.28
37148 2021-02-11 1175.83
37150 2023-01-25 475.74
37152 2024-11-22 65.58
37154 2023-02-10 775.79
37158 2025-12-06 134.96
37167 2026-03-21 966.54
37175 2025-01-04 2124.51
37178 2024-11-02 242.93
37209 2023-12-02 920.35
37222 2025-07-13 209.84
37234 2026-01-17 209.04
37235 2021-11-18 83.17
37239 2023-01-14 738.23
37247 2026-01-20 1350.30
37248 2023-07-22 41.44
37253 2026-04-24 184.21
37256 2021-04-21 1067.24
37282 2026-03-10 79.33
37289 2023-01-30 187.42
37296 2024-08-18 1108.41
37297 2025-02-20 1470.56
37299 2024-12-09 96.96
37323 2021-05-28 221.39
37334 2023-03-04 179.01
37346 2024-11-30 1088.07
37349 2022-10-09 1284.04
37357 2021-08-27 588.97
37358 2025-08-22 2612.85
37364 2023-11-02 107.46
37374 2024-06-10 158.67
37377 2026-03-10 150.92
37380 2021-07-02 1615.70
37404 2021-05-14 1516.85
37412 2022-11-28 173.54
37416 2025-02-03 988.77
37423 2024-06-13 72.76
37426 2026-02-27 138.67
37427 2025-08-13 93.82
37428 2021-07-07 899.75
37432 2024-11-05 562.53
37436 2026-02-18 959.90
37439 2023-05-13 518.05
37449 2026-01-28 478.40
37456 2024-05-08 86.76
37459 2024-09-10 584.57
37461 2021-12-07 1405.02
37463 2026-04-26 560.93
37466 2023-03-26 768.66
37469 2024-07-21 687.15
37473 2023-03-30 452.75
37474 2023-02-26 1337.31
37475 2024-08-31 202.44
37485 2021-08-13 226.28
37488 2024-01-15 529.08
37495 2022-05-06 822.02
37505 2023-02-22 72.00
37533 2025-09-19 127.61
37542 2024-12-21 335.04
37546 2023-11-21 70.04
37552 2023-05-06 2115.92
37553 2026-03-08 90.48
37557 2025-07-07 1623.92
37570 2024-10-15 265.10
37575 2022-03-24 68.84
37580 2024-01-06 787.34
37595 2026-06-22 135.15
37605 2025-11-14 826.60
37614 2022-07-31 1819.54
37617 2021-08-09 174.53
37629 2021-04-14 184.28
37633 2025-11-13 344.07
37634 2024-12-22 141.34
37638 2023-09-14 265.97
37640 2026-04-17 2209.21
37641 2026-04-27 207.83
37650 2025-01-09 386.55
37656 2023-11-28 137.04
37664 2026-06-30 1429.51
37679 2021-04-04 888.59
37684 2024-09-09 696.35
37685 2025-04-08 1303.51
37688 2025-10-14 1375.07
37697 2022-10-08 51.41
37704 2024-03-22 56.16
37705 2025-02-21 752.16
37708 2021-11-24 91.90
37711 2024-03-20 101.65
37713 2026-02-25 1788.49
37716 2022-03-06 1386.81
37727 2023-06-30 164.76
37732 2021-09-25 753.82
37736 2025-03-11 1806.41
37750 2024-12-10 69.70
37753 2023-02-08 945.35
37774 2026-01-06 607.02
37783 2026-03-18 1585.79
37786 2022-04-02 706.36
37800 2023-05-10 1556.69
37801 2026-06-20 642.39
37803 2026-06-13 1146.91
37812 2023-12-10 238.37
37815 2024-02-28 170.23
37821 2025-05-02 178.48
37829 2021-09-14 307.27
37830 2025-06-02 62.08
37837 2025-02-08 1783.69
37845 2025-05-23 45.75
37852 2024-07-08 180.22
37853 2025-06-02 1858.61
37855 2022-02-28 199.80
37859 2026-02-13 1056.02
37866 2025-12-10 66.93
37870 2025-05-14 210.38
37873 2024-09-25 171.02
37890 2021-04-21 2750.85
37894 2024-06-27 126.30
37919 2023-12-09 82.94
37929 2023-05-03 208.88
37932 2024-10-06 2521.74
37934 2026-04-22 128.25
37936 2023-07-22 108.93
37938 2026-01-18 279.44
37940 2023-02-06 1070.15
37945 2024-11-09 688.80
37948 2021-05-16 369.58
37953 2022-07-13 729.02
37958 2024-02-22 201.73
37967 2025-03-29 225.52
37969 2023-04-06 1138.74
37975 2024-10-14 815.53
37982 2023-10-27 69.90
37983 2024-10-10 2125.87
37984 2025-12-29 142.98
37987 2022-03-16 998.52
37992 2025-01-07 2350.88
37994 2023-06-03 1256.23
37995 2025-06-13 255.21
38001 2026-05-12 1213.89
38004 2021-11-29 173.05
38008 2023-10-16 271.72
38023 2022-04-29 93.15
38045 2024-08-18 262.63
38061 2024-12-30 1339.85
38065 2023-01-21 1801.37
38067 2025-01-04 1450.72
38073 2026-06-11 2515.13
38077 2026-02-23 320.34
38082 2025-03-06 255.77
38088 2025-01-09 363.87
38104 2023-02-12 178.17
38105 2025-11-24 547.52
38108 2023-03-12 1054.52
38109 2025-03-11 929.04
38114 2025-12-12 484.68
38118 2021-08-12 103.16
38119 2025-04-28 42.77
38121 2022-12-17 238.03
38125 2025-02-21 231.40
38131 2026-06-17 2644.82
38132 2023-05-26 137.61
38134 2022-04-22 1203.17
38142 2024-05-07 1262.42
38147 2022-04-16 1012.48
38149 2026-05-06 76.92
38151 2022-04-11 176.43
38155 2021-04-12 1756.07
38157 2021-08-24 2762.79
38162 2023-09-13 953.09
38173 2022-04-19 325.75
38181 2021-03-17 791.10
38187 2024-06-25 747.33
38188 2025-11-24 373.14
38197 2022-02-04 67.33
38198 2026-06-22 270.77
38209 2026-04-24 544.76
38210 2023-05-20 52.61
38214 2024-09-09 804.86
38219 2025-03-28 1704.58
38223 2022-01-07 175.86
38224 2025-10-28 114.45
38226 2026-01-05 93.45
38230 2024-09-28 2020.49
38233 2021-03-02 153.15
38234 2025-12-01 347.45
38248 2025-12-28 228.28
38250 2023-02-24 125.29
38259 2023-09-29 272.18
38266 2024-01-17 772.32
38277 2025-02-11 1177.02
38280 2024-01-27 175.28
38282 2025-05-07 59.08
38320 2024-03-26 76.25
38323 2026-03-10 184.79
38324 2024-07-27 59.28
38327 2026-02-04 236.13
38338 2024-08-18 157.09
38356 2025-12-28 71.11
38370 2025-02-11 92.29
38386 2026-06-26 153.67
38388 2024-03-21 113.24
38413 2024-12-18 89.78
38416 2023-09-08 826.95
38419 2025-01-09 738.95
38420 2021-12-17 1785.66
38428 2024-07-18 772.66
38429 2024-03-04 51.15
38432 2021-02-14 1886.25
38433 2021-12-26 102.28
38437 2023-09-30 1353.62
38440 2025-04-08 684.43
38443 2026-04-16 726.74
38446 2023-04-05 495.98
38450 2022-01-27 209.16
38474 2021-06-23 544.92
38478 2022-05-21 179.19
38483 2022-08-05 571.40
38489 2024-01-12 731.95
38491 2022-07-06 981.65
38496 2022-05-09 188.88
38506 2026-06-02 140.58
38509 2024-08-05 2144.29
38511 2026-03-21 422.39
38514 2023-04-28 541.82
38515 2025-08-20 614.67
38520 2023-07-04 428.89
38552 2026-05-18 243.29
38555 2024-12-04 758.17
38564 2021-05-28 554.85
38572 2021-08-17 95.67
38598 2025-04-20 148.25
38604 2026-06-17 587.76
38606 2024-01-04 132.94
38609 2021-04-24 346.49
38610 2022-01-08 74.25
38617 2022-07-15 165.97
38628 2023-12-10 135.88
38629 2021-12-10 181.77
38640 2023-12-14 276.88
38646 2023-09-25 205.70
38655 2021-05-26 275.01
38659 2026-04-10 62.57
38661 2025-05-23 82.55
38667 2026-04-16 150.15
38668 2024-02-28 56.80
38673 2026-05-20 997.77
38676 2023-10-26 157.35
38690 2021-04-26 1006.16
38696 2024-09-10 1394.46
38713 2021-08-20 251.38
38724 2021-02-14 2124.76
38726 2021-03-07 160.21
38729 2026-06-06 69.19
38731 2025-01-12 1487.97
38738 2024-10-20 1126.65
38748 2023-06-05 131.71
38756 2023-07-23 47.37
38758 2021-05-09 205.69
38760 2025-11-27 106.77
38765 2022-10-16 51.05
38769 2025-08-22 115.84
38772 2024-12-11 105.62
38774 2023-08-05 930.00
38782 2025-03-15 173.76
38786 2022-05-23 642.07
38806 2026-01-03 90.19
38807 2024-11-03 1969.68
38808 2022-04-23 100.12
38816 2024-05-21 212.20
38824 2022-02-15 601.37
38844 2022-02-09 219.67
38854 2026-04-14 1684.74
38861 2024-03-15 131.84
38862 2026-01-12 2077.20
38873 2024-06-06 91.32
38876 2022-08-19 422.73
38879 2025-11-22 1144.95
38884 2025-11-23 133.40
38903 2021-10-10 114.41
38906 2023-09-27 939.22
38908 2025-06-22 2806.71
38910 2021-02-14 53.58
38912 2023-10-13 65.72
38913 2022-01-14 288.52
38915 2025-02-27 1073.42
38920 2024-06-26 144.66
38939 2024-08-14 50.47
38941 2026-02-25 2205.07
38945 2023-05-20 154.21
38950 2022-09-12 142.87
38954 2024-09-29 336.09
38970 2021-07-30 232.68
38971 2022-07-05 126.34
38973 2026-02-10 169.08
38994 2021-06-26 64.15
38997 2021-09-21 455.84
38999 2025-04-22 71.43
39012 2024-04-08 308.54
39015 2026-05-11 1671.94
39019 2024-09-30 306.73
39021 2022-12-19 2957.64
39023 2021-06-03 277.04
39037 2024-04-28 179.26
39043 2026-02-08 190.74
39046 2025-09-18 80.75
39065 2026-06-04 171.70
39073 2022-07-11 150.82
39083 2022-12-07 2581.21
39088 2023-02-11 1050.39
39094 2024-04-08 48.49
39100 2023-11-28 214.60
39108 2024-05-01 1390.34
39109 2024-08-04 2703.06
39111 2022-10-02 215.72
39123 2025-11-20 263.00
39125 2021-12-12 1156.10
39130 2022-04-16 823.51
39160 2026-01-06 215.70
39161 2026-01-25 46.41
39162 2024-04-14 330.35
39164 2022-03-23 107.64
39171 2024-10-07 70.33
39176 2024-07-21 967.81
39184 2023-06-08 106.20
39186 2023-05-05 227.36
39189 2023-06-13 753.06
39190 2024-07-21 238.99
39199 2023-01-31 819.04
39206 2026-06-23 1361.76
39216 2022-03-23 664.16
39218 2023-12-25 2417.49
39231 2024-07-28 1126.08
39233 2021-03-10 716.78
39235 2023-10-25 140.41
39236 2025-06-16 124.59
39240 2025-12-14 101.42
39244 2023-09-23 77.59
39248 2022-06-16 258.11
39251 2023-01-28 65.52
39255 2022-08-10 101.46
39258 2021-08-09 201.17
39261 2025-04-05 584.66
39275 2023-10-28 162.31
39284 2021-08-01 1501.60
39303 2021-08-04 269.67
39325 2024-10-30 482.74
39364 2022-04-19 168.83
39374 2022-09-08 77.22
39375 2024-12-29 170.44
39378 2025-06-15 285.84
39387 2026-02-14 715.58
39397 2021-04-06 234.18
39402 2022-01-18 227.06
39407 2025-11-23 651.38
39412 2024-08-31 2358.94
39416 2024-02-21 326.92
39420 2021-01-23 652.44
39422 2022-04-12 1972.44
39423 2026-03-06 166.30
39433 2024-11-28 1238.23
39443 2026-06-24 662.11
39446 2021-05-05 802.07
39447 2023-10-21 1489.70
39448 2021-09-11 136.84
39454 2021-09-24 783.12
39479 2021-07-29 114.59
39482 2024-08-16 101.85
39486 2026-03-26 2339.51
39510 2025-03-21 2137.05
39513 2021-05-25 127.30
39515 2021-06-02 710.92
39517 2021-10-13 630.45
39518 2022-12-28 323.06
39530 2023-01-25 1253.03
39537 2024-05-31 387.28
39541 2026-03-24 345.68
39544 2025-04-29 414.01
39550 2023-06-22 1782.08
39551 2022-01-26 327.01
39582 2023-09-02 230.18
39584 2026-04-14 53.04
39585 2023-11-06 326.04
39588 2021-02-23 199.11
39590 2023-08-01 182.72
39591 2026-04-02 1410.81
39593 2026-01-17 297.76
39594 2026-05-18 1415.07
39597 2026-04-16 1922.25
39606 2021-11-21 360.47
39649 2022-03-07 258.07
39656 2026-02-01 1362.57
39679 2023-10-23 343.61
39680 2024-07-18 263.21
39681 2023-03-25 387.75
39686 2026-06-26 105.73
39691 2025-09-27 187.60
39699 2021-08-11 85.70
39707 2025-07-14 712.98
39742 2022-03-15 1370.21
39744 2025-07-01 2206.94
39745 2026-05-14 791.76
39755 2024-05-19 150.13
39757 2025-02-22 297.37
39768 2022-08-05 785.99
39769 2021-08-14 251.11
39771 2022-05-19 753.54
39773 2025-06-26 155.02
39788 2026-06-12 2313.31
39789 2026-02-20 208.72
39802 2025-08-20 599.85
39804 2023-10-30 1331.71
39806 2026-03-24 121.96
39809 2021-02-05 835.49
39811 2024-11-14 1826.02
39830 2026-06-02 52.04
39838 2021-12-09 1545.24
39850 2026-03-16 537.93
39855 2024-06-03 1868.71
39861 2026-04-09 1325.72
39863 2026-02-19 144.47
39867 2026-02-26 553.19
39877 2026-04-03 69.81
39883 2025-09-12 186.10
39884 2025-11-25 498.43
39885 2026-01-05 91.56
39886 2023-06-04 95.89
39893 2026-01-22 2575.83
39904 2026-03-26 620.25
39915 2024-03-05 2277.70
39922 2023-12-09 124.49
39943 2024-10-10 1156.69
39960 2022-09-07 482.43
39966 2024-11-23 1102.73
39970 2026-02-26 180.83
39974 2026-02-04 391.36
39975 2023-02-21 2328.82
39976 2022-07-18 364.28
39997 2023-06-22 243.73
40001 2023-06-12 164.25
40008 2024-09-23 736.54
40011 2026-03-30 246.99
40027 2024-12-23 147.80
40028 2025-08-18 528.15
40031 2022-07-30 54.18
40033 2025-11-10 65.69
40036 2026-01-16 56.60
40043 2022-03-13 98.93
40046 2022-02-23 1089.98
40050 2025-09-06 1280.96
40056 2023-05-05 363.29
40062 2022-11-26 1192.52
40064 2025-09-27 480.86
40066 2022-07-31 591.22
40069 2023-06-22 709.97
40085 2026-01-26 500.45
40088 2024-12-26 184.27
40089 2025-05-10 70.02
40104 2026-01-24 102.27
40105 2025-09-01 271.52
40107 2024-06-24 343.09
40116 2021-02-07 2543.70
40117 2021-12-09 1335.46
40125 2026-04-13 55.51
40128 2021-05-29 1331.34
40133 2025-10-16 285.45
40134 2023-06-13 99.26
40139 2026-04-20 924.93
40146 2024-06-23 2577.00
40148 2021-07-10 650.65
40149 2024-12-22 190.35
40153 2024-08-01 112.63
40155 2025-04-14 203.14
40156 2025-07-27 71.40
40160 2023-10-22 119.48
40162 2025-02-25 179.88
40164 2023-07-12 137.12
40165 2025-02-09 49.04
40181 2024-01-08 194.68
40208 2022-10-20 845.30
40218 2026-01-16 87.12
40219 2023-04-23 310.84
40226 2025-05-14 126.60
40227 2023-06-04 138.29
40232 2024-02-05 231.62
40236 2026-01-10 202.61
40242 2022-11-24 174.58
40244 2025-09-04 1403.28
40250 2023-03-10 188.27
40251 2021-04-11 164.70
40260 2025-08-23 487.54
40261 2024-06-22 344.61
40271 2026-06-09 283.26
40277 2026-05-05 932.15
40279 2022-02-04 99.07
40282 2025-10-26 207.63
40283 2022-09-02 677.38
40294 2025-06-02 630.97
40305 2025-10-06 879.65
40307 2026-05-28 202.59
40315 2026-01-13 139.62
40328 2025-06-30 138.97
40332 2025-12-11 1383.43
40343 2026-02-27 222.40
40357 2024-01-17 154.31
40379 2026-03-16 417.43
40380 2026-02-15 1798.89
40382 2026-04-04 343.87
40383 2021-05-02 83.14
40387 2021-11-13 191.96
40390 2026-06-07 126.72
40399 2026-02-07 701.28
40401 2024-01-29 1173.07
40411 2022-11-20 63.05
40416 2021-11-20 2724.70
40425 2022-01-27 68.14
40426 2025-10-29 505.61
40433 2023-06-14 226.05
40439 2024-05-08 180.24
40457 2025-12-31 345.64
40459 2026-05-19 738.59
40461 2022-09-06 175.38
40464 2022-07-05 131.07
40472 2025-08-22 66.57
40484 2026-01-24 225.65
40485 2025-09-15 106.22
40491 2022-01-21 114.79
40498 2021-01-07 147.98
40499 2024-04-20 854.80
40520 2023-02-18 1217.32
40521 2025-02-26 202.30
40555 2025-01-12 130.44
40578 2024-02-15 190.15
40588 2023-06-16 1659.88
40589 2021-07-28 98.55
40600 2026-04-16 108.19
40603 2026-01-28 85.73
40613 2021-12-20 94.02
40616 2026-06-01 1377.30
40619 2025-10-23 164.59
40629 2024-09-26 67.52
40641 2023-05-13 296.00
40651 2025-12-23 241.69
40659 2022-08-24 77.69
40663 2024-09-06 589.07
40664 2022-01-17 210.10
40671 2021-03-08 228.85
40673 2026-03-10 220.38
40680 2024-12-07 74.07
40681 2025-06-16 2205.21
40687 2026-06-29 1127.73
40689 2024-05-01 331.89
40705 2026-01-15 213.95
40710 2024-03-27 206.71
40711 2025-08-11 1601.85
40718 2025-08-26 1229.69
40727 2023-11-01 562.04
40751 2025-01-09 614.95
40761 2021-04-23 189.09
40762 2023-01-14 61.80
40768 2023-11-12 117.78
40780 2026-01-17 102.28
40783 2021-09-07 3200.29
40788 2024-08-28 572.05
40790 2026-02-04 81.61
40793 2022-10-05 89.04
40811 2023-05-27 1381.03
40817 2023-07-19 688.83
40818 2026-01-16 112.05
40823 2025-12-13 160.05
40826 2025-04-17 1072.22
40835 2021-06-25 1531.07
40839 2022-09-18 251.96
40841 2022-01-04 270.80
40847 2024-02-08 487.84
40852 2021-04-10 117.69
40863 2024-05-14 142.48
40872 2023-07-14 997.75
40877 2024-07-25 2237.24
40884 2023-06-03 63.90
40889 2025-04-01 823.61
40896 2022-03-12 179.49
40902 2023-08-06 1147.45
40905 2021-05-14 534.98
40921 2024-02-13 697.96
40925 2022-04-23 2333.63
40926 2024-01-28 87.64
40936 2025-03-05 61.82
40939 2021-02-22 73.92
40943 2021-12-14 435.14
40946 2021-01-18 169.53
40955 2023-09-05 1436.39
40959 2026-03-22 43.45
40961 2026-04-21 55.95
40974 2022-02-13 78.56
40977 2026-01-05 87.14
41001 2022-01-04 268.82
41013 2022-11-29 891.63
41027 2025-11-17 821.69
41032 2026-02-06 866.98
41038 2025-01-23 72.77
41039 2021-09-23 716.86
41042 2026-01-26 729.94
41047 2025-04-02 1849.89
41051 2023-10-04 227.95
41058 2026-01-08 344.83
41074 2026-02-03 275.33
41080 2025-06-21 799.09
41086 2023-05-27 696.23
41124 2026-04-24 92.90
41126 2024-05-28 94.66
41129 2021-01-24 220.29
41134 2026-01-31 164.11
41142 2026-02-05 163.64
41151 2022-08-13 129.95
41153 2026-02-14 1036.43
41175 2021-06-07 976.82
41178 2021-10-27 202.85
41181 2025-04-20 55.90
41207 2026-03-05 209.60
41217 2024-08-21 54.62
41222 2023-01-25 113.70
41225 2021-01-01 105.05
41241 2021-06-02 699.30
41266 2023-01-13 267.28
41270 2024-04-27 203.69
41276 2023-07-16 2931.50
41282 2023-11-13 293.39
41283 2021-09-28 800.66
41292 2025-05-18 62.81
41296 2021-03-31 1376.73
41300 2024-04-26 129.90
41304 2022-03-03 225.63
41305 2025-10-12 71.99
41307 2021-06-11 1678.20
41330 2022-11-17 705.18
41352 2022-05-31 925.64
41382 2023-02-18 124.80
41383 2024-04-09 494.16
41396 2023-09-20 128.04
41410 2025-11-20 360.39
41421 2026-05-12 735.71
41423 2023-03-16 1162.88
41424 2026-03-21 1659.05
41426 2025-02-14 761.41
41428 2024-04-15 359.94
41431 2021-04-14 514.84
41432 2025-12-05 72.12
41453 2025-07-02 631.11
41455 2021-11-16 68.13
41467 2024-08-02 518.52
41483 2026-01-22 1588.39
41501 2023-01-13 985.16
41507 2026-05-25 997.48
41510 2023-02-12 177.82
41513 2022-12-28 535.27
41516 2024-02-25 64.00
41523 2026-02-22 456.96
41528 2021-01-07 66.16
41537 2025-05-29 153.80
41544 2025-01-01 83.41
41552 2024-07-31 2514.11
41561 2024-12-11 371.13
41562 2021-07-15 219.70
41566 2022-02-21 173.06
41567 2026-06-26 220.50
41568 2023-02-17 678.01
41570 2026-02-23 88.00
41573 2023-09-20 675.65
41575 2022-08-13 209.81
41576 2025-02-18 59.24
41579 2024-07-25 83.23
41593 2021-03-29 272.77
41597 2026-06-30 204.52
41598 2025-02-09 174.55
41600 2026-06-03 207.77
41610 2026-01-29 220.67
41615 2023-01-04 57.79
41621 2022-02-20 287.25
41627 2024-02-21 2148.23
41628 2025-07-12 719.11
41635 2025-07-06 1888.57
41644 2026-03-24 92.04
41654 2023-03-26 1232.61
41655 2021-02-25 116.22
41661 2022-01-07 352.90
41662 2024-06-23 462.79
41663 2022-10-16 79.48
41667 2022-07-02 239.92
41670 2026-03-02 359.09
41680 2021-03-28 763.40
41683 2022-06-08 1909.36
41684 2024-02-06 1814.37
41685 2024-04-08 3191.13
41691 2023-12-30 620.85
41695 2026-04-24 75.62
41704 2024-05-28 180.97
41709 2025-02-05 2010.13
41714 2022-11-07 2877.32
41729 2026-01-01 1974.03
41730 2023-05-02 66.13
41736 2023-05-26 180.97
41748 2023-11-17 587.44
41756 2024-01-11 1370.96
41759 2026-02-06 134.12
41761 2026-05-09 187.14
41774 2021-02-01 345.21
41786 2026-03-10 2837.63
41794 2026-04-11 127.82
41797 2023-10-28 207.22
41804 2026-04-29 777.49
41811 2021-10-06 2078.06
41812 2022-04-06 1470.64
41817 2025-06-09 925.87
41820 2025-06-23 1137.41
41844 2024-02-05 2165.22
41860 2026-03-10 184.84
41870 2021-07-02 1159.52
41878 2024-05-01 791.24
41882 2023-12-03 124.19
41910 2024-08-09 714.10
41915 2023-03-25 646.62
41932 2025-02-13 984.15
41938 2023-02-18 640.15
41942 2021-02-21 505.64
41946 2026-02-14 167.38
41950 2024-06-30 230.84
41951 2025-12-24 1139.46
41963 2026-02-12 249.68
41972 2026-06-20 739.96
41973 2024-06-17 67.34
41977 2024-12-04 395.48
41981 2022-08-27 591.64
41983 2025-07-19 117.90
41984 2024-11-20 115.97
41998 2025-12-04 1396.87
42016 2025-08-23 2252.28
42027 2021-06-17 1907.89
42028 2025-06-12 1011.39
42040 2025-10-29 47.06
42043 2025-04-06 1339.08
42045 2023-11-26 1251.79
42054 2024-10-07 138.47
42055 2024-05-10 207.19
42062 2024-04-08 151.12
42066 2023-01-13 248.97
42082 2026-02-09 1667.08
42095 2026-05-14 78.91
42099 2024-09-02 181.83
42119 2022-07-06 215.50
42140 2024-08-16 218.51
42142 2024-12-12 53.49
42161 2026-02-28 307.88
42164 2022-06-22 921.54
42167 2026-05-09 142.31
42168 2023-04-07 1753.45
42178 2021-12-28 93.19
42188 2023-09-23 87.34
42190 2024-01-02 1699.68
42192 2022-02-01 203.89
42201 2023-11-07 162.45
42209 2021-01-10 58.60
42212 2025-05-27 130.92
42217 2026-05-01 55.36
42230 2026-05-09 298.02
42235 2024-11-05 1093.96
42241 2022-03-26 69.09
42244 2023-02-16 1141.40
42250 2023-10-07 330.05
42255 2026-02-26 966.03
42260 2022-12-07 190.35
42267 2022-06-13 77.94
42268 2023-06-16 499.08
42269 2026-01-05 545.63
42272 2026-05-21 1290.41
42286 2024-04-11 177.98
42290 2026-03-03 1809.24
42305 2025-01-21 205.25
42318 2023-03-16 1689.53
42332 2024-05-09 479.74
42339 2026-06-20 202.14
42343 2023-07-17 265.51
42344 2023-01-25 66.42
42365 2023-12-15 2290.20
42371 2024-04-15 74.63
42381 2024-06-17 173.04
42388 2023-06-12 114.89
42403 2026-06-16 236.51
42426 2026-06-17 1583.30
42428 2023-07-07 1876.18
42429 2026-06-10 452.93
42430 2023-09-15 1088.31
42436 2024-07-06 70.23
42443 2026-01-04 113.17
42444 2023-12-25 441.67
42447 2023-12-31 1180.32
42453 2025-06-09 206.38
42456 2023-07-16 405.27
42458 2025-12-06 179.65
42459 2023-03-17 413.37
42464 2023-07-22 660.03
42465 2026-04-20 2241.10
42467 2022-07-27 180.66
42475 2024-04-25 1354.53
42476 2024-07-30 1795.51
42480 2024-07-13 195.81
42487 2026-02-12 851.25
42502 2026-05-23 356.13
42504 2024-07-12 772.72
42510 2024-02-03 63.59
42514 2025-12-29 1375.39
42525 2025-10-02 1173.61
42539 2026-02-05 78.78
42570 2023-08-20 277.35
42573 2022-06-02 449.21
42578 2023-09-06 605.48
42581 2022-12-27 347.19
42592 2026-06-05 296.77
42596 2024-07-09 410.68
42601 2023-07-25 47.90
42615 2024-08-17 290.63
42618 2026-06-23 285.19
42626 2026-05-28 116.37
42636 2026-05-02 2906.43
42648 2025-02-26 202.40
42649 2022-03-19 184.49
42652 2022-01-06 1757.92
42665 2023-07-27 327.32
42675 2021-11-24 518.57
42678 2023-06-22 1281.17
42711 2025-05-06 1052.58
42724 2023-03-29 86.08
42725 2024-06-07 1256.25
42729 2021-01-06 81.55
42738 2022-02-16 135.40
42751 2022-09-30 63.97
42756 2021-05-21 277.13
42762 2025-05-06 54.02
42771 2025-12-19 85.12
42775 2023-09-23 674.60
42784 2022-07-15 70.06
42821 2023-12-23 1380.66
42834 2021-06-18 105.54
42836 2025-08-14 2110.59
42848 2026-01-25 1773.13
42849 2024-06-27 1112.97
42851 2025-09-26 62.58
42856 2026-02-01 193.20
42863 2026-06-15 261.28
42871 2024-10-16 218.24
42873 2023-05-07 404.68
42875 2026-07-01 221.74
42881 2024-10-20 126.64
42904 2022-05-03 1421.60
42910 2025-03-22 499.94
42931 2025-09-02 204.44
42932 2026-06-20 515.56
42933 2026-06-07 996.36
42938 2025-03-18 52.87
42939 2025-03-21 263.71
42942 2024-10-18 196.45
42948 2025-02-10 772.43
42958 2026-05-05 231.88
42965 2022-07-01 72.30
42968 2022-06-04 176.43
42972 2023-10-24 735.62
42992 2022-04-03 540.56
42993 2025-03-09 99.40
42996 2023-03-22 69.27
43003 2021-09-19 359.86
43004 2026-02-09 537.77
43009 2022-01-23 1009.38
43018 2023-04-11 903.50
43026 2021-02-21 89.26
43036 2023-08-13 192.39
43039 2024-04-16 97.34
43042 2025-01-22 607.21
43055 2026-05-03 1092.22
43057 2023-02-19 69.31
43060 2025-11-22 239.78
43066 2024-02-09 512.51
43068 2025-10-16 1622.99
43090 2021-05-12 160.32
43113 2026-01-18 2141.22
43114 2022-11-08 79.37
43115 2021-01-04 53.69
43120 2025-08-06 262.23
43126 2023-08-23 97.52
43134 2024-07-21 677.79
43139 2021-12-01 240.42
43140 2023-05-02 107.34
43156 2026-05-07 199.01
43158 2021-05-11 562.14
43162 2024-07-05 68.94
43165 2024-11-28 148.92
43177 2024-05-01 183.03
43186 2021-06-26 1656.20
43203 2024-09-07 498.51
43211 2025-10-27 142.20
43225 2024-11-09 291.96
43228 2021-03-24 1189.70
43240 2026-03-23 156.19
43247 2021-10-02 181.61
43271 2023-08-21 57.69
43295 2022-06-04 837.82
43304 2023-12-17 363.82
43311 2022-04-15 607.29
43313 2024-10-04 270.02
43328 2023-01-08 86.67
43350 2026-03-03 167.11
43359 2025-01-31 461.68
43371 2021-04-04 172.75
43377 2021-08-18 126.98
43378 2026-06-15 176.15
43384 2024-12-17 58.31
43388 2024-08-29 44.50
43389 2024-06-30 96.34
43395 2024-03-13 125.37
43404 2026-05-30 1289.96
43410 2025-01-24 141.25
43413 2024-03-10 987.22
43423 2021-05-07 2189.69
43425 2026-01-05 1368.40
43437 2025-03-14 2110.13
43448 2026-01-06 92.55
43453 2022-09-09 1750.52
43457 2023-12-08 1419.40
43458 2025-10-14 139.75
43462 2022-09-17 173.69
43464 2024-03-01 147.18
43470 2022-04-09 550.90
43472 2022-11-17 535.77
43475 2026-01-29 1676.04
43479 2023-12-27 1364.10
43481 2023-12-26 2475.25
43484 2024-03-22 1144.17
43487 2026-01-01 493.09
43488 2026-03-15 194.62
43489 2025-09-08 148.04
43504 2026-01-31 829.21
43513 2025-02-19 822.59
43514 2022-04-26 300.78
43520 2021-09-12 137.31
43521 2026-05-20 904.96
43524 2023-06-19 74.69
43531 2025-12-25 68.21
43534 2026-06-09 543.14
43542 2021-01-19 1774.26
43564 2025-02-23 109.86
43567 2026-06-20 249.25
43570 2026-05-13 2313.92
43580 2026-04-28 166.15
43590 2023-12-02 1301.15
43610 2026-04-24 392.09
43619 2026-02-03 1952.71
43626 2026-06-19 914.88
43644 2024-11-27 94.94
43660 2025-06-18 1017.25
43663 2025-06-26 80.97
43671 2023-10-19 230.53
43678 2026-03-15 134.97
43681 2022-10-13 522.50
43687 2023-05-23 1987.97
43703 2022-02-06 207.78
43710 2025-11-22 1103.24
43715 2025-11-17 504.96
43727 2026-04-09 849.36
43748 2023-09-21 200.57
43758 2022-08-31 492.49
43761 2025-08-21 267.91
43766 2025-03-15 544.53
43783 2025-10-29 1105.72
43787 2026-06-24 2233.69
43790 2024-07-13 962.11
43793 2026-01-17 1083.67
43805 2022-11-30 99.71
43809 2026-06-18 1124.60
43810 2026-05-21 230.67
43815 2024-06-25 1456.51
43817 2024-07-13 280.33
43818 2021-05-06 589.66
43820 2021-10-26 2752.46
43823 2023-10-03 83.56
43825 2025-07-27 373.57
43844 2021-06-23 606.93
43845 2024-12-05 391.33
43861 2021-08-15 136.97
43865 2023-01-21 254.30
43869 2025-10-24 232.36
43878 2023-03-26 173.46
43880 2021-02-26 733.86
43884 2025-09-22 128.05
43889 2023-06-29 54.95
43891 2023-11-12 280.28
43893 2023-03-27 64.61
43906 2022-02-15 1683.30
43908 2025-02-14 1086.40
43926 2023-04-27 1102.21
43931 2026-06-25 2069.81
43937 2026-04-13 760.25
43943 2023-04-24 263.04
43944 2026-03-30 62.84
43960 2024-04-06 145.20
43973 2024-04-15 249.33
43976 2025-05-31 972.56
43988 2022-06-20 535.77
43989 2026-04-29 329.67
43993 2023-01-30 209.61
44002 2025-09-14 644.11
44006 2024-10-26 195.77
44011 2022-08-02 2032.25
44018 2022-06-11 64.91
44020 2023-11-17 435.90
44033 2023-01-23 560.51
44035 2023-08-22 1453.80
44039 2026-05-05 155.95
44043 2025-08-18 213.54
44046 2026-05-31 51.21
44055 2024-09-05 2173.85
44056 2021-09-26 84.80
44057 2025-09-27 177.51
44069 2021-07-20 1754.80
44086 2026-03-11 771.73
44089 2021-09-17 655.67
44124 2026-01-21 192.39
44151 2021-11-16 165.72
44153 2024-10-31 1119.71
44157 2022-10-17 194.50
44163 2026-06-01 1359.01
44164 2023-05-08 72.70
44175 2026-04-06 430.84
44210 2024-09-19 2651.74
44211 2022-10-01 75.44
44227 2025-06-20 1038.83
44231 2021-08-07 761.97
44233 2023-10-09 344.34
44247 2022-11-15 1123.75
44249 2021-02-26 104.40
44253 2026-01-02 72.67
44255 2022-05-21 182.68
44281 2023-06-15 274.36
44291 2023-05-27 72.50
44318 2023-01-04 1777.02
44320 2026-06-21 1519.69
44324 2023-11-07 2286.55
44329 2023-12-03 1368.30
44330 2024-09-11 1016.18
44352 2025-07-11 83.96
44354 2022-05-25 126.34
44362 2024-05-28 77.51
44368 2026-04-02 760.30
44369 2021-12-12 117.54
44371 2024-06-24 208.21
44381 2023-02-08 81.36
44401 2022-11-18 1288.10
44405 2025-03-21 1762.42
44407 2025-09-15 295.18
44422 2023-01-05 101.60
44423 2026-06-08 77.79
44432 2026-01-19 73.47
44436 2022-07-05 928.13
44441 2021-06-20 243.50
44450 2022-12-10 106.46
44455 2021-01-02 1429.95
44456 2024-05-31 963.27
44460 2026-03-13 969.02
44471 2024-05-03 167.00
44475 2026-02-03 157.18
44479 2025-05-27 533.13
44487 2024-07-07 446.92
44488 2024-03-26 148.74
44499 2026-01-27 116.11
44501 2024-01-09 183.40
44514 2022-03-13 848.86
44535 2025-12-20 319.41
44545 2023-10-23 451.35
44576 2026-01-05 68.16
44587 2026-04-21 103.52
44598 2025-07-20 193.16
44601 2026-03-24 2104.30
44606 2026-06-11 97.16
44608 2022-02-05 78.53
44621 2026-06-25 254.54
44645 2022-07-09 804.66
44650 2022-03-20 207.75
44656 2026-02-16 1052.95
44657 2024-12-28 93.33
44676 2022-04-18 118.12
44678 2023-09-20 1064.63
44679 2024-03-22 473.89
44696 2026-06-20 2049.54
44698 2024-05-05 1397.37
44708 2024-05-28 94.06
44709 2025-04-03 225.97
44721 2024-01-24 412.05
44728 2024-01-11 165.10
44730 2024-10-31 768.16
44741 2022-11-12 256.55
44756 2026-07-01 666.93
44766 2023-02-26 675.85
44767 2022-02-14 94.98
44770 2024-08-19 2149.92
44779 2021-09-13 1573.84
44789 2025-03-02 952.20
44795 2025-07-16 498.64
44797 2025-04-15 45.86
44799 2026-03-03 2373.77
44811 2024-04-26 77.24
44829 2021-11-14 1800.11
44831 2025-07-18 676.14
44847 2024-11-10 100.28
44861 2023-11-25 641.20
44870 2026-03-06 62.47
44874 2024-01-03 837.77
44887 2024-05-14 641.95
44888 2024-04-19 210.41
44891 2021-10-04 321.42
44909 2025-12-10 340.99
44927 2023-05-17 137.02
44963 2023-06-05 125.76
44987 2026-01-09 547.17
44990 2021-01-07 783.65
44992 2025-09-12 685.93
44998 2022-11-16 133.76
45007 2026-02-05 1153.49
45008 2025-08-04 78.68
45009 2026-04-05 677.37
45011 2024-05-23 338.80
45014 2025-03-28 146.52
45020 2024-08-29 270.40
45023 2025-01-25 284.14
45028 2025-06-02 2271.59
45029 2026-06-01 1301.66
45032 2023-12-07 235.94
45034 2022-05-19 175.96
45038 2023-10-11 872.50
45039 2026-01-12 85.49
45044 2021-08-16 714.66
45052 2026-05-13 142.24
45057 2021-08-23 177.92
45064 2023-12-30 613.41
45065 2025-05-18 372.19
45080 2024-03-28 416.06
45082 2023-10-03 1138.86
45084 2023-02-11 875.59
45089 2025-06-19 720.75
45093 2026-02-20 90.75
45104 2025-08-02 999.21
45109 2025-01-29 209.75
45117 2023-04-17 112.65
45119 2021-05-16 1154.72
45128 2026-04-27 58.16
45141 2021-06-21 56.98
45160 2025-01-23 60.98
45167 2026-05-28 278.83
45171 2026-05-09 326.15
45179 2025-08-01 76.02
45189 2025-01-08 152.32
45198 2026-05-25 977.75
45219 2026-04-24 64.69
45236 2022-03-31 697.31
45238 2025-03-31 99.32
45252 2025-10-28 956.36
45253 2021-06-01 90.77
45256 2023-06-08 479.02
45266 2021-08-04 78.58
45273 2023-09-18 163.53
45283 2024-04-30 758.59
45286 2026-05-31 44.16
45298 2023-02-01 75.31
45299 2026-06-11 498.80
45307 2022-12-19 579.39
45309 2026-04-14 476.62
45315 2024-12-17 646.61
45316 2024-05-14 206.19
45322 2026-03-17 256.54
45357 2021-01-19 297.21
45373 2026-05-11 1701.42
45390 2026-01-10 867.06
45396 2026-05-27 640.48
45399 2026-02-23 301.82
45408 2022-04-18 99.48
45413 2022-09-12 2284.40
45417 2023-12-04 105.05
45420 2025-05-21 308.66
45423 2023-05-16 76.83
45426 2023-06-29 50.10
45474 2021-12-28 113.99
45485 2025-02-13 220.38
45493 2025-02-24 65.47
45498 2024-12-04 254.79
45505 2022-08-23 853.89
45509 2026-05-07 62.59
45510 2021-11-27 242.34
45518 2023-12-07 989.15
45527 2021-03-24 441.24
45532 2023-01-09 175.07
45537 2025-07-26 1519.82
45550 2024-08-05 216.28
45551 2022-02-24 258.46
45557 2022-03-26 669.63
45558 2021-05-25 1143.29
45574 2024-12-30 108.40
45578 2026-01-22 272.07
45582 2025-06-02 2064.46
45583 2023-04-05 510.84
45586 2024-02-26 529.32
45590 2026-06-20 1315.97
45613 2023-11-18 1740.61
45634 2021-08-11 127.12
45646 2023-12-06 173.83
45651 2021-04-23 1194.11
45657 2024-07-19 282.32
45664 2023-09-08 51.87
45669 2021-03-13 149.20
45672 2025-09-17 848.88
45676 2023-04-13 451.64
45687 2022-11-10 610.78
45689 2023-03-01 194.29
45697 2023-07-08 104.70
45700 2024-05-20 235.27
45704 2024-06-12 1286.12
45710 2021-02-17 204.53
45713 2023-06-02 116.11
45723 2024-07-20 1391.11
45727 2025-11-27 601.84
45732 2022-11-28 339.29
45738 2023-08-12 898.20
45739 2024-01-08 441.05
45745 2024-04-09 522.53
45748 2026-03-30 146.26
45771 2022-09-12 48.29
45794 2022-08-01 164.42
45798 2025-11-03 171.58
45807 2021-04-01 525.44
45812 2021-06-24 211.38
45821 2025-10-05 115.20
45826 2023-05-20 248.10
45831 2026-06-05 959.74
45840 2026-04-10 771.06
45844 2026-04-21 268.33
45848 2023-11-09 1182.62
45850 2026-01-10 107.32
45861 2024-08-01 220.29
45866 2025-10-11 198.33
45873 2024-08-26 961.26
45882 2024-12-03 1398.18
45884 2023-10-18 55.94
45892 2026-03-08 1049.64
45893 2021-07-24 985.62
45899 2023-11-03 1422.11
45910 2023-11-06 501.76
45919 2024-05-14 977.23
45922 2023-08-10 631.52
45924 2021-08-04 89.18
45936 2022-11-20 1777.99
45946 2022-07-02 51.39
45951 2024-08-31 186.03
45956 2023-09-22 189.64
45957 2022-10-24 559.94
45960 2021-09-27 60.47
45964 2026-04-27 132.95
45966 2024-10-02 2071.79
45968 2024-09-09 1954.85
45973 2022-07-04 452.98
45977 2023-09-20 1869.11
45981 2025-03-26 70.77
45987 2024-09-21 125.14
45997 2026-02-17 159.40
46010 2021-04-29 61.49
46015 2025-01-15 109.46
46025 2026-01-13 117.09
46037 2025-07-25 87.94
46040 2025-10-29 92.92
46044 2022-08-24 97.79
46045 2021-04-08 521.39
46055 2025-10-19 537.23
46060 2023-08-11 260.33
46061 2023-12-08 209.32
46068 2024-12-26 1711.37
46073 2024-11-25 98.79
46088 2021-06-10 89.39
46093 2025-03-18 128.51
46094 2023-07-24 197.97
46112 2026-03-16 1070.17
46129 2023-08-04 235.89
46131 2026-03-02 1366.01
46136 2026-03-19 342.11
46145 2026-01-08 125.68
46149 2025-10-22 2268.56
46155 2026-06-08 209.09
46163 2026-02-03 803.89
46172 2026-06-07 129.47
46176 2022-08-14 1195.71
46180 2025-08-20 1144.90
46188 2024-06-19 226.04
46189 2026-03-09 284.15
46197 2021-12-23 645.22
46199 2025-07-26 204.54
46200 2025-07-04 83.85
46207 2026-03-01 58.32
46210 2022-05-23 203.88
46214 2025-03-17 86.12
46225 2024-08-06 54.88
46234 2024-12-13 811.23
46239 2025-06-22 1044.45
46249 2021-09-26 146.57
46251 2023-12-12 756.54
46262 2022-08-09 646.55
46266 2025-05-07 521.10
46279 2024-02-03 261.01
46281 2026-02-19 68.60
46284 2023-10-19 262.26
46286 2026-01-22 137.33
46302 2021-07-02 373.40
46311 2024-08-06 1120.69
46313 2023-10-08 1349.96
46315 2026-02-25 258.66
46318 2026-06-15 83.61
46320 2026-01-18 188.10
46325 2022-08-09 442.45
46326 2024-11-26 99.85
46341 2026-02-27 54.77
46404 2025-02-28 558.73
46405 2025-10-05 83.47
46408 2021-10-17 1735.25
46419 2023-12-26 230.64
46423 2021-07-17 73.34
46428 2021-10-06 198.87
46430 2023-01-24 347.56
46437 2023-04-27 2059.20
46444 2025-03-16 1589.14
46447 2024-04-17 528.51
46451 2024-10-05 240.45
46456 2024-11-01 65.75
46462 2024-08-24 266.15
46463 2023-10-09 1018.81
46467 2025-11-17 52.39
46475 2026-01-07 54.87
46476 2023-06-13 368.74
46477 2022-06-21 154.23
46483 2024-08-06 2182.39
46489 2024-01-30 1006.50
46491 2025-09-12 2143.07
46497 2025-08-12 186.37
46521 2024-12-18 138.27
46522 2024-02-20 2601.50
46525 2026-05-03 1190.57
46541 2025-11-22 349.07
46542 2025-05-12 754.33
46543 2026-01-25 554.52
46553 2024-01-24 328.33
46556 2022-06-21 185.39
46558 2024-07-18 1703.55
46567 2023-09-22 554.25
46569 2022-02-08 1156.51
46572 2024-04-08 166.21
46595 2021-09-16 203.43
46601 2023-02-23 437.90
46603 2025-03-20 115.26
46608 2024-10-27 42.21
46610 2025-12-10 1354.22
46612 2021-02-18 2207.60
46614 2025-02-26 703.04
46617 2024-12-14 213.86
46620 2025-04-23 333.39
46621 2021-05-06 303.00
46623 2025-04-22 511.42
46626 2026-04-08 87.91
46642 2023-05-03 62.89
46659 2021-01-22 821.93
46663 2021-06-14 154.70
46668 2025-03-15 242.04
46669 2024-08-30 301.59
46672 2021-04-11 1219.81
46687 2026-02-09 176.81
46689 2025-05-15 522.88
46690 2021-12-19 84.07
46701 2023-02-18 131.69
46703 2022-07-05 65.04
46705 2024-11-07 3181.05
46707 2026-02-06 115.82
46729 2021-07-29 285.77
46730 2026-01-24 1037.14
46738 2023-07-02 775.97
46740 2023-02-21 113.69
46744 2021-01-31 2293.86
46751 2023-10-15 1368.10
46761 2023-12-11 61.70
46775 2026-02-08 706.38
46787 2024-03-15 134.81
46799 2025-07-11 658.29
46804 2026-03-20 238.20
46813 2023-04-02 48.68
46816 2022-12-05 656.21
46826 2026-03-13 2140.77
46852 2025-02-06 183.44
46855 2021-03-25 735.12
46877 2025-06-23 728.93
46879 2024-11-28 230.00
46881 2025-06-23 2109.71
46883 2023-02-05 71.47
46886 2022-09-22 95.11
46892 2021-10-10 268.33
46900 2023-07-10 1183.17
46907 2023-03-14 1006.72
46908 2025-05-09 2398.39
46911 2021-08-30 1429.42
46913 2022-06-13 1202.08
46920 2024-12-29 673.23
46922 2025-05-24 967.59
46924 2023-02-11 1885.25
46926 2023-03-10 1986.19
46927 2023-11-07 1197.81
46935 2026-04-28 70.65
46943 2026-02-01 1186.58
46948 2024-01-29 123.48
46957 2023-02-04 569.65
46971 2025-07-03 275.39
46980 2022-11-17 286.78
46983 2022-12-25 374.53
46986 2024-04-16 631.12
46999 2024-10-24 293.26
47012 2026-05-10 66.05
47017 2023-01-03 59.02
47049 2026-04-26 174.83
47051 2023-09-12 1760.55
47058 2021-11-15 1364.45
47059 2026-05-17 521.48
47067 2021-08-10 204.08
47068 2022-06-17 302.67
47090 2021-02-16 2268.05
47093 2025-01-29 2591.62
47100 2022-05-29 780.44
47105 2023-12-21 1435.80
47106 2025-03-23 1627.83
47118 2024-08-15 90.81
47127 2025-06-05 175.54
47153 2025-04-01 2138.48
47159 2021-04-07 130.47
47163 2022-11-15 2169.00
47166 2025-03-27 400.62
47167 2024-05-08 348.62
47175 2025-06-18 164.68
47178 2026-05-26 1512.74
47200 2025-05-21 758.05
47226 2021-11-17 1479.53
47237 2026-04-30 108.73
47264 2025-01-09 672.58
47293 2023-09-27 799.60
47306 2022-01-07 418.22
47309 2022-10-08 836.20
47315 2023-02-15 1273.25
47318 2022-10-10 65.66
47340 2026-04-13 93.64
47341 2025-10-25 839.28
47351 2024-06-18 125.43
47354 2026-03-06 149.55
47365 2026-04-08 1392.22
47369 2021-09-28 969.98
47427 2024-02-02 349.86
47438 2026-05-13 95.90
47441 2024-10-06 2681.92
47446 2022-04-27 95.07
47455 2025-01-27 71.78
47471 2026-01-03 175.50
47482 2026-06-08 370.89
47487 2026-04-17 118.45
47488 2022-04-27 250.85
47489 2021-03-22 77.29
47504 2022-04-13 145.95
47505 2024-11-07 1437.53
47512 2023-10-01 472.22
47530 2023-05-27 96.01
47531 2023-04-30 132.67
47536 2023-06-28 1979.62
47554 2026-02-05 373.42
47567 2024-09-02 123.91
47568 2026-06-27 212.42
47575 2025-03-03 108.65
47585 2026-02-25 78.93
47587 2024-02-24 297.76
47590 2026-06-09 98.66
47591 2026-04-01 925.21
47606 2026-02-26 803.37
47617 2025-06-29 732.46
47622 2026-02-13 568.20
47623 2021-03-21 1547.84
47629 2023-07-13 1806.40
47637 2024-03-19 212.81
47638 2023-09-27 276.71
47650 2025-10-26 531.43
47653 2022-02-12 268.30
47658 2025-05-04 73.80
47667 2023-02-22 1017.52
47672 2023-04-03 356.94
47677 2025-03-16 205.63
47679 2024-01-29 68.25
47685 2026-02-27 69.19
47686 2023-08-24 427.48
47692 2026-03-12 1748.69
47707 2025-07-11 543.06
47709 2024-04-06 1725.05
47713 2026-06-29 943.49
47721 2025-04-27 77.12
47740 2024-11-07 369.42
47741 2021-12-20 91.90
47743 2026-02-27 1745.39
47744 2021-03-25 252.20
47752 2024-12-20 71.05
47753 2026-03-01 1082.31
47754 2022-06-07 92.69
47764 2026-03-10 637.00
47784 2022-09-09 157.20
47786 2024-12-21 2172.72
47797 2025-01-23 442.46
47803 2025-01-13 69.07
47809 2024-02-24 862.76
47813 2026-07-01 1193.11
47815 2026-06-10 219.65
47824 2025-12-09 124.52
47835 2026-03-16 355.88
47842 2025-10-31 59.23
47866 2022-08-01 102.55
47872 2024-06-30 584.16
47896 2026-02-24 979.09
47914 2025-10-25 381.37
47916 2026-06-16 682.90
47925 2022-08-06 974.65
47940 2026-01-12 202.64
47957 2023-07-06 1185.24
47959 2022-06-06 453.00
47967 2021-03-07 518.42
47971 2024-11-08 911.37
47977 2022-01-10 1985.84
47985 2024-03-31 684.11
47986 2023-04-26 147.40
48002 2026-03-24 73.62
48005 2022-09-10 293.59
48010 2024-05-30 658.03
48011 2021-07-25 56.92
48014 2026-05-22 182.02
48015 2025-04-27 468.39
48036 2026-01-06 313.81
48037 2025-01-28 101.33
48042 2021-01-06 591.93
48043 2026-02-27 933.98
48050 2023-07-04 1899.12
48067 2025-11-09 1069.60
48070 2023-10-15 2512.44
48072 2023-05-01 218.20
48087 2023-02-12 147.39
48098 2026-01-08 189.77
48103 2021-01-30 59.22
48110 2022-09-24 178.25
48122 2024-12-06 272.05
48125 2022-06-11 516.07
48127 2025-04-26 878.40
48128 2021-10-07 198.69
48131 2023-07-14 132.58
48136 2022-04-02 109.75
48137 2026-03-13 560.16
48147 2021-11-10 334.17
48150 2025-11-11 1622.17
48165 2022-01-09 278.83
48172 2026-06-05 159.83
48174 2023-10-15 620.53
48190 2025-08-22 61.31
48192 2023-03-19 180.52
48199 2026-05-21 1126.77
48205 2025-11-06 214.88
48228 2023-06-19 230.93
48235 2022-09-29 208.28
48236 2026-03-19 1168.84
48237 2021-10-10 65.23
48238 2026-04-10 2914.30
48246 2022-07-27 1194.36
48251 2025-10-11 167.98
48268 2021-11-22 181.30
48281 2021-09-08 79.11
48286 2026-05-30 326.07
48291 2026-03-08 752.98
48310 2022-01-17 125.96
48314 2023-01-07 102.58
48316 2024-11-23 1016.75
48326 2024-07-27 275.48
48339 2025-09-13 914.55
48345 2022-02-10 110.14
48347 2022-02-02 953.41
48350 2021-03-12 1095.66
48355 2021-04-06 83.75
48392 2026-03-25 43.48
48396 2025-03-24 134.57
48408 2023-04-17 2624.39
48416 2024-01-23 75.50
48417 2026-06-18 525.21
48418 2026-04-03 54.89
48424 2021-12-15 1894.73
48432 2026-01-25 769.51
48437 2026-06-21 931.13
48443 2022-11-17 818.89
48444 2026-01-22 237.75
48458 2023-05-20 1283.73
48474 2024-04-16 1163.61
48475 2021-05-05 922.73
48477 2025-11-19 112.85
48482 2024-03-21 900.19
48496 2025-08-28 551.40
48500 2026-04-08 52.82
48513 2022-02-25 140.29
48518 2021-09-20 222.84
48527 2024-05-22 109.87
48533 2023-11-23 1264.59
48541 2023-02-12 173.57
48549 2026-06-14 774.81
48552 2021-02-07 247.41
48562 2023-10-24 349.26
48564 2024-05-08 2081.56
48570 2026-05-23 62.76
48602 2023-03-04 70.33
48606 2022-03-28 79.36
48614 2026-02-27 191.55
48617 2021-07-01 302.73
48618 2023-10-13 99.90
48623 2024-05-25 623.15
48624 2026-01-01 548.93
48626 2022-09-14 358.95
48639 2022-04-22 540.69
48640 2022-02-26 99.25
48644 2026-06-23 750.99
48659 2024-11-11 68.10
48663 2024-05-20 1454.15
48665 2026-03-01 218.91
48674 2022-06-23 224.85
48677 2024-06-10 92.97
48709 2022-06-03 1439.22
48718 2022-03-14 203.36
48719 2024-05-17 1452.94
48727 2022-02-11 54.46
48733 2024-11-20 630.09
48737 2026-05-05 97.13
48752 2022-12-04 354.02
48759 2022-01-16 180.94
48760 2022-08-14 621.54
48763 2026-06-10 1670.85
48766 2025-02-15 793.07
48774 2023-08-04 139.75
48782 2025-10-08 365.58
48788 2023-12-06 167.23
48812 2026-01-06 344.16
48824 2021-02-23 157.25
48827 2024-03-17 183.81
48828 2026-06-11 253.85
48835 2022-12-30 955.96
48839 2024-07-20 186.06
48844 2023-12-16 199.32
48848 2023-02-05 868.59
48850 2026-03-15 411.00
48861 2025-09-26 342.50
48868 2025-03-30 788.91
48871 2021-04-15 176.15
48872 2026-06-17 326.53
48880 2026-04-30 278.80
48888 2022-07-24 138.08
48890 2026-03-14 483.56
48893 2024-08-05 121.68
48895 2021-02-18 986.57
48896 2024-06-21 831.98
48913 2024-11-20 259.42
48920 2025-08-05 209.51
48934 2024-01-06 205.87
48964 2025-01-03 204.40
48972 2026-03-29 566.70
48978 2023-09-03 106.12
48981 2024-05-04 109.43
48997 2024-03-20 206.19
49012 2026-05-22 970.42
49025 2024-08-02 266.14
49029 2021-12-10 258.92
49030 2025-11-13 2080.80
49039 2025-05-22 1550.26
49041 2022-04-01 422.84
49043 2026-06-08 119.66
49057 2025-03-07 2301.29
49059 2025-10-30 1766.75
49061 2026-03-08 1529.37
49065 2025-11-09 167.66
49066 2025-07-20 915.52
49074 2023-07-14 208.59
49076 2025-05-22 1393.95
49079 2026-03-20 112.78
49094 2022-02-06 518.93
49102 2026-04-29 138.95
49112 2022-02-19 411.55
49114 2024-04-04 185.77
49119 2023-07-31 2176.65
49121 2026-05-27 564.29
49128 2023-11-10 415.65
49132 2023-12-05 122.15
49138 2022-05-28 90.20
49147 2021-06-08 113.00
49156 2021-06-19 1072.06
49174 2021-08-31 69.16
49175 2026-05-06 174.69
49185 2021-05-17 98.48
49193 2022-08-25 567.55
49203 2023-03-14 238.37
49206 2022-11-06 928.27
49219 2021-07-23 102.02
49223 2024-10-01 948.86
49224 2023-03-14 181.53
49226 2025-12-16 89.87
49229 2025-04-17 217.06
49241 2026-04-15 514.88
49259 2025-05-09 204.30
49260 2025-12-27 1092.18
49261 2022-10-12 2376.03
49267 2026-02-14 1371.33
49270 2026-02-15 619.47
49279 2024-09-18 264.78
49287 2023-01-02 224.83
49295 2023-04-11 2431.09
49299 2023-10-14 79.32
49305 2025-03-18 474.57
49306 2023-11-03 658.72
49307 2024-11-30 363.26
49315 2025-01-05 944.07
49326 2026-06-13 1573.26
49330 2026-04-17 223.46
49331 2024-11-16 59.07
49333 2023-02-13 1963.86
49336 2021-12-13 955.45
49358 2025-11-13 901.07
49367 2022-04-06 134.27
49373 2025-07-20 145.59
49384 2026-04-19 1094.45
49386 2026-03-25 208.20
49388 2026-03-13 80.22
49389 2025-12-20 621.57
49401 2025-08-06 80.54
49403 2023-08-13 1182.42
49406 2026-01-31 1059.54
49407 2022-04-28 44.51
49416 2023-07-14 48.49
49425 2024-04-16 2125.34
49437 2024-06-25 169.27
49444 2025-03-19 175.58
49446 2021-09-05 546.21
49455 2021-01-08 203.33
49459 2024-03-17 893.24
49461 2026-06-11 1908.62
49495 2021-03-30 241.34
49497 2025-01-03 770.07
49507 2022-09-07 235.93
49513 2026-04-19 1263.95
49518 2022-03-02 144.13
49521 2026-05-08 193.03
49527 2025-09-05 1410.46
49532 2026-01-12 250.71
49534 2024-08-10 83.41
49542 2023-05-19 364.39
49555 2022-05-13 247.12
49556 2023-04-05 831.45
49560 2026-02-23 387.78
49565 2026-01-03 355.67
49567 2022-01-05 106.69
49574 2026-01-16 105.62
49575 2021-12-15 2706.97
49579 2026-01-31 44.41
49597 2021-01-03 485.48
49604 2022-03-04 814.91
49613 2021-07-16 164.34
49632 2023-07-20 2647.77
49635 2021-08-30 277.97
49638 2023-12-31 451.61
49644 2026-06-16 782.16
49652 2026-05-23 1285.91
49654 2026-01-11 78.41
49662 2025-06-16 1202.49
49665 2024-04-11 817.71
49673 2026-06-24 741.43
49690 2022-04-26 673.72
49692 2021-04-25 837.62
49700 2026-05-19 200.19
49701 2024-05-02 177.68
49707 2025-03-08 73.83
49725 2022-04-27 152.20
49727 2026-06-07 782.25
49730 2022-12-21 193.41
49732 2023-08-19 1444.23
49746 2026-02-05 633.02
49750 2023-05-02 293.60
49755 2026-06-06 49.46
49767 2022-06-09 594.47
49770 2024-05-23 120.69
49773 2024-06-10 545.10
49779 2021-09-11 2579.10
49783 2025-12-21 1397.60
49784 2026-03-13 119.68
49786 2023-08-12 2113.40
49793 2022-10-31 531.59
49798 2023-03-25 238.61
49818 2023-02-18 446.72
49828 2024-02-22 955.41
49831 2024-12-25 263.71
49835 2021-06-09 53.69
49844 2026-02-14 168.36
49850 2024-07-02 152.47
49857 2023-03-20 62.10
49858 2023-05-15 71.81
49860 2022-02-14 336.50
49863 2025-01-21 357.41
49865 2024-01-31 257.94
49874 2025-07-25 504.47
49880 2024-02-26 53.04
49882 2024-01-15 86.00
49888 2022-03-07 1101.01
49889 2025-01-30 187.63
49904 2025-03-03 213.24
49919 2021-07-17 174.66
49951 2023-03-18 254.27
49955 2023-01-28 144.41
49956 2023-04-26 246.74
49960 2024-07-03 96.72
49966 2026-06-26 69.49
49969 2022-12-24 42.16
49972 2024-09-10 3001.55
49974 2022-09-07 699.80
49982 2023-10-31 57.42
49985 2025-05-23 216.47
49988 2022-12-25 78.92
50002 2021-03-06 244.23
50008 2023-11-09 66.83
50016 2026-06-27 90.73
50019 2025-04-26 125.12
50022 2026-06-25 1312.62
50041 2026-05-25 57.23
50043 2024-01-05 185.09
50045 2026-04-02 54.12
50061 2026-02-03 728.76
50064 2026-04-26 170.02
50077 2026-05-25 196.29
50079 2025-06-30 286.10
50088 2021-10-02 117.75
50094 2021-12-24 538.12
50116 2022-08-28 196.38
50154 2026-04-30 161.51
50167 2026-01-22 295.16
50176 2023-11-14 293.33
50180 2022-05-09 285.04
50181 2023-12-09 189.72
50186 2021-12-27 1300.37
50187 2024-08-17 157.46
50189 2026-05-09 1943.88
50205 2022-12-31 116.53
50209 2023-11-12 62.70
50227 2021-03-24 601.04
50228 2026-01-22 68.71
50234 2024-03-22 2571.43
50257 2024-07-02 158.09
50259 2023-10-19 238.09
50264 2021-10-11 2320.08
50268 2022-01-27 87.11
50279 2025-07-23 1218.08
50287 2022-11-02 189.23
50291 2025-06-13 559.03
50302 2023-11-17 1516.97
50309 2026-04-18 1228.51
50314 2026-02-15 761.35
50319 2025-02-17 197.97
50327 2026-02-15 170.67
50329 2025-10-13 186.82
50337 2026-06-26 180.83
50339 2026-02-20 1350.61
50344 2023-05-31 179.39
50345 2026-04-13 93.58
50352 2025-09-02 1994.75
50364 2023-06-30 51.94
50365 2024-06-03 542.27
50366 2021-07-09 111.00
50368 2026-02-01 624.98
50372 2024-07-10 1185.77
50379 2022-09-09 828.54
50380 2025-09-14 96.48
50399 2025-11-12 1464.45
50400 2025-12-13 404.15
50401 2021-05-21 41.40
50414 2024-04-09 75.02
50430 2023-01-27 207.71
50435 2021-06-07 677.79
50440 2025-10-11 98.95
50443 2022-10-10 647.45
50454 2026-06-29 186.76
50463 2022-03-16 244.54
50466 2021-11-02 2280.62
50474 2021-10-28 2738.60
50476 2026-03-08 2247.35
50479 2022-05-16 76.03
50482 2026-05-01 363.49
50491 2025-06-21 677.78
50501 2026-04-25 106.57
50509 2025-03-05 173.08
50510 2026-01-10 348.39
50511 2022-11-14 438.94
50514 2022-01-10 143.62
50521 2022-09-25 145.95
50524 2021-01-09 274.32
50533 2025-10-19 568.40
50536 2023-01-08 118.98
50539 2026-06-04 130.69
50544 2021-10-10 2092.38
50545 2026-02-02 361.06
50546 2022-03-08 740.46
50550 2025-09-21 200.85
50559 2023-07-15 147.79
50563 2022-05-24 54.68
50568 2025-04-20 81.69
50580 2024-03-04 730.28
50595 2026-03-24 57.78
50605 2025-08-05 123.00
50613 2023-05-17 1936.22
50627 2025-12-21 77.69
50652 2024-10-27 244.85
50656 2024-11-01 961.22
50675 2026-03-20 108.85
50677 2022-06-02 1479.01
50678 2025-11-09 414.12
50681 2025-05-06 974.44
50688 2024-05-02 1377.30
50702 2023-02-21 125.21
50703 2025-08-02 405.19
50705 2023-04-19 544.19
50710 2022-09-01 520.59
50719 2025-12-05 1019.29
50727 2024-08-25 1102.64
50732 2026-04-18 155.64
50736 2023-06-10 600.43
50737 2026-06-23 283.13
50744 2024-09-28 259.75
50748 2024-02-20 42.01
50752 2025-04-29 192.83
50753 2025-06-08 113.43
50759 2023-03-06 44.11
50777 2026-03-13 259.36
50799 2023-02-01 450.22
50802 2023-03-08 293.02
50805 2023-11-15 207.28
50817 2025-01-30 90.22
50821 2022-06-21 788.45
50827 2025-08-25 170.18
50833 2026-04-29 1523.27
50834 2026-01-18 1754.75
50835 2024-04-07 52.93
50846 2021-01-08 228.23
50859 2023-03-03 212.07
50861 2021-10-17 1879.85
50879 2026-05-25 147.59
50881 2025-07-20 398.35
50896 2025-05-30 467.67
50901 2026-01-23 239.21
50903 2021-10-04 366.06
50914 2022-01-24 1747.68
50917 2025-04-12 137.24
50925 2023-12-04 319.71
50935 2023-04-16 645.51
50940 2022-04-03 274.26
50944 2022-08-25 57.22
50956 2021-12-30 383.56
50957 2021-10-10 113.38
50960 2022-03-28 114.11
50965 2022-07-22 796.96
50971 2026-04-01 565.85
50979 2021-01-05 218.90
50980 2025-05-07 325.46
50984 2021-12-06 130.19
50989 2024-06-14 157.10
50994 2026-04-09 717.56
51005 2023-07-16 469.17
51007 2025-01-30 410.45
51011 2025-09-15 209.73
51013 2024-05-19 53.80
51029 2026-02-12 1259.25
51033 2025-12-19 62.16
51036 2023-01-29 80.78
51038 2025-10-09 166.78
51039 2025-12-31 203.22
51040 2022-03-21 211.37
51060 2022-05-25 1074.97
51062 2023-04-08 2226.33
51063 2025-11-10 350.03
51065 2022-07-13 175.11
51078 2025-03-12 323.69
51087 2025-11-06 754.68
51088 2023-10-03 1472.73
51090 2023-12-23 1659.85
51091 2026-06-21 72.44
51092 2025-07-05 248.31
51105 2022-12-03 94.65
51106 2026-05-06 1667.77
51109 2022-12-14 741.60
51112 2023-12-08 549.33
51128 2025-03-27 343.22
51138 2023-06-07 416.29
51140 2025-04-22 395.05
51154 2024-08-29 379.10
51169 2024-08-27 189.05
51172 2021-02-04 198.11
51177 2026-06-05 461.56
51183 2025-01-25 231.04
51214 2026-04-24 1835.33
51216 2024-11-17 693.80
51218 2024-03-19 124.77
51223 2022-04-18 2093.25
51237 2024-03-18 142.36
51238 2026-01-05 1368.58
51252 2023-07-29 3100.71
51264 2026-03-21 213.85
51271 2021-06-17 54.07
51277 2026-04-07 92.36
51295 2023-04-06 73.00
51300 2024-06-01 141.97
51306 2025-10-26 77.62
51307 2024-03-15 343.98
51338 2024-08-26 172.53
51345 2025-10-19 744.04
51361 2025-01-05 1271.95
51366 2026-03-12 127.19
51370 2025-10-28 124.17
51373 2024-06-02 196.14
51388 2024-10-17 244.12
51390 2023-07-31 137.28
51399 2026-04-10 282.20
51414 2025-01-13 788.51
51418 2026-06-01 398.14
51429 2025-03-12 2048.30
51441 2022-05-11 910.21
51445 2024-04-06 786.30
51454 2024-08-26 1265.59
51456 2024-06-14 279.59
51466 2025-12-02 1043.35
51475 2023-03-29 187.39
51480 2026-06-25 169.87
51495 2021-10-26 172.58
51506 2026-03-10 862.76
51508 2025-04-20 836.96
51516 2022-12-12 1246.88
51521 2026-03-26 401.73
51522 2021-12-08 115.65
51524 2024-03-14 80.15
51529 2026-03-02 317.94
51530 2026-03-22 2131.43
51534 2022-12-27 1241.16
51543 2024-06-03 352.51
51552 2026-03-01 115.29
51558 2026-01-23 202.50
51562 2023-05-25 111.15
51564 2021-04-24 379.79
51569 2023-06-15 1667.48
51570 2025-06-12 849.66
51572 2021-10-17 80.00
51576 2023-10-18 289.31
51589 2023-05-09 1611.94
51604 2026-06-11 726.29
51607 2024-12-05 110.85
51613 2023-06-02 135.48
51621 2024-03-06 1296.80
51631 2026-01-24 662.14
51637 2025-03-13 2457.74
51642 2026-03-20 312.73
51643 2024-10-10 1425.44
51645 2023-09-29 227.31
51648 2026-01-26 76.16
51657 2026-06-29 1657.31
51666 2023-11-04 59.99
51679 2023-05-29 2329.56
51681 2025-08-11 926.42
51686 2023-11-22 76.92
51699 2026-02-28 268.31
51709 2025-01-08 104.99
51723 2023-09-29 807.51
51725 2022-04-20 526.57
51735 2025-01-17 97.99
51758 2026-01-18 138.60
51763 2026-04-23 99.15
51764 2023-10-25 165.18
51773 2025-02-15 139.56
51796 2025-05-02 1064.05
51798 2021-01-12 719.75
51803 2024-07-16 69.82
51806 2022-04-10 77.05
51814 2026-06-02 571.07
51823 2022-10-02 85.30
51825 2022-03-25 234.96
51827 2024-08-04 296.12
51837 2022-12-28 520.77
51840 2022-12-23 1158.72
51843 2024-07-27 416.17
51845 2026-06-25 715.51
51846 2026-06-19 146.09
51847 2022-01-10 1183.73
51881 2023-08-25 2111.38
51887 2025-03-31 179.07
51895 2026-04-26 121.79
51897 2025-03-28 748.65
51899 2024-09-08 138.43
51915 2021-02-03 1669.93
51923 2024-04-05 443.71
51924 2024-11-24 3150.57
51928 2026-04-03 219.15
51939 2023-01-22 255.65
51948 2023-12-27 158.71
51950 2022-09-06 1207.72
51961 2026-06-12 68.13
51966 2021-02-07 129.89
51968 2024-07-06 450.64
51974 2023-05-09 1733.49
51988 2021-11-24 116.98
51994 2022-04-18 279.68
51997 2026-06-24 70.80
52021 2025-05-13 419.33
52024 2024-08-10 212.88
52029 2025-02-01 158.72
52035 2025-05-29 62.97
52037 2023-01-15 706.25
52039 2024-07-02 681.09
52058 2026-06-16 1809.21
52100 2022-01-14 868.84
52107 2021-10-10 63.12
52109 2025-05-19 2012.52
52110 2021-10-02 1948.48
52129 2021-11-15 1893.55
52132 2026-01-12 176.01
52153 2021-11-20 104.16
52154 2023-05-27 529.64
52170 2023-04-24 663.90
52171 2024-04-15 124.49
52175 2026-02-06 162.00
52184 2025-05-17 243.57
52188 2025-12-15 829.09
52200 2026-06-17 157.07
52202 2026-05-08 60.97
52213 2021-12-02 1833.04
52219 2023-07-12 835.32
52230 2023-11-25 1068.08
52235 2026-02-26 296.88
52239 2025-01-07 122.87
52243 2021-06-09 532.07
52275 2026-06-19 175.68
52287 2023-10-24 1799.52
52290 2024-10-27 294.13
52311 2024-03-23 1407.96
52313 2023-01-12 933.73
52335 2021-06-03 147.90
52343 2025-01-31 2112.85
52346 2026-06-03 204.97
52351 2022-02-28 130.27
52359 2024-10-15 684.26
52365 2023-08-20 1883.55
52389 2024-09-23 526.44
52397 2021-12-20 1725.18
52407 2022-06-06 70.82
52410 2025-10-25 228.79
52420 2025-01-09 367.39
52434 2026-03-02 2610.70
52435 2026-03-27 96.05
52440 2024-10-17 311.20
52449 2023-11-22 331.72
52474 2023-03-09 82.74
52476 2025-09-26 1174.18
52488 2022-10-25 199.62
52490 2026-05-09 978.46
52494 2021-12-24 1653.89
52496 2026-05-06 334.54
52510 2026-06-21 525.30
52513 2025-10-13 1201.31
52516 2024-12-07 850.02
52519 2025-05-02 1893.30
52521 2024-10-16 143.05
52522 2025-06-24 196.86
52526 2025-10-08 856.66
52533 2025-10-15 2340.88
52534 2026-02-10 110.08
52538 2025-09-22 617.49
52550 2025-01-18 88.74
52556 2026-04-06 113.10
52569 2024-12-25 187.64
52571 2023-06-17 160.47
52574 2022-05-12 168.06
52576 2023-02-05 986.89
52578 2022-12-16 619.72
52582 2024-05-18 205.66
52585 2025-12-25 247.96
52593 2021-12-20 1630.42
52601 2025-12-13 91.52
52607 2026-02-02 184.10
52613 2021-03-15 2024.50
52621 2023-09-26 814.34
52637 2026-02-16 711.90
52648 2025-09-21 686.60
52650 2024-10-02 641.68
52656 2022-11-18 1536.48
52661 2024-07-19 210.20
52676 2023-04-03 967.94
52681 2022-09-06 210.93
52691 2025-08-22 47.42
52694 2024-09-10 59.81
52700 2021-02-13 267.78
52706 2024-05-14 89.88
52707 2021-08-21 1193.42
52713 2024-06-26 355.99
52719 2025-09-24 759.93
52722 2021-02-25 64.55
52740 2026-05-01 1768.95
52742 2023-08-31 346.28
52752 2026-04-20 739.57
52759 2026-05-11 327.03
52763 2023-05-01 62.82
52774 2021-07-22 135.34
52776 2025-12-25 67.87
52790 2022-04-16 2516.51
52802 2022-05-04 87.00
52809 2023-03-12 670.64
52815 2026-01-29 466.89
52837 2026-01-03 80.02
52853 2025-09-01 45.37
52862 2025-07-11 1148.04
52865 2024-05-20 204.85
52875 2021-06-21 74.85
52886 2026-05-18 160.94
52894 2024-10-30 143.49
52912 2022-08-23 308.33
52922 2021-11-06 268.66
52937 2024-07-23 178.92
52939 2026-02-12 589.98
52941 2022-02-03 316.06
52950 2021-12-31 1484.68
52951 2022-05-05 129.98
52952 2021-10-21 2248.60
52955 2025-12-15 2258.03
52967 2026-04-17 1785.50
52983 2023-07-30 97.09
52998 2023-11-07 462.44
52999 2023-04-11 2562.11
53009 2023-07-10 41.14
53016 2025-06-05 2262.49
53017 2026-06-04 122.86
53022 2021-10-18 136.38
53029 2021-06-01 119.34
53034 2021-12-02 609.63
53036 2023-01-26 240.21
53037 2025-02-16 65.91
53051 2026-05-16 1078.24
53058 2026-03-01 515.14
53068 2026-02-05 893.24
53073 2023-02-22 139.33
53074 2025-04-16 132.37
53076 2026-06-23 238.46
53078 2026-06-26 960.59
53082 2026-01-10 338.45
53092 2023-02-22 2191.04
53096 2024-08-17 745.36
53109 2025-06-23 1715.51
53118 2024-01-25 76.68
53121 2026-06-03 1793.16
53135 2021-09-30 600.74
53138 2025-03-24 96.77
53144 2024-08-08 237.70
53157 2025-12-28 284.80
53159 2023-12-29 538.70
53175 2022-07-27 189.99
53178 2025-03-08 75.23
53184 2021-08-17 1951.61
53186 2024-07-22 2529.86
53189 2022-12-10 177.77
53193 2024-12-24 210.31
53194 2023-02-24 863.45
53199 2023-08-13 193.53
53207 2026-05-09 202.13
53211 2026-02-24 237.60
53213 2022-03-25 65.34
53220 2025-05-23 171.56
53224 2022-12-01 76.16
53226 2026-05-09 2512.58
53244 2025-12-04 605.43
53250 2023-03-26 738.84
53258 2026-04-07 313.21
53260 2023-08-21 81.06
53261 2026-02-12 2455.14
53274 2026-01-07 192.04
53275 2024-06-05 1638.78
53278 2025-03-27 2138.44
53303 2026-01-21 71.95
53310 2022-05-31 759.73
53317 2024-07-14 62.98
53319 2023-09-14 454.37
53324 2026-03-30 1598.91
53328 2023-03-04 53.29
53333 2025-08-02 1068.21
53338 2024-11-30 217.79
53342 2023-06-06 566.34
53350 2023-07-10 807.89
53353 2026-05-17 638.12
53354 2026-02-05 256.03
53372 2025-10-18 1416.36
53375 2021-12-17 2392.09
53392 2024-07-29 114.01
53395 2023-04-07 157.74
53398 2022-02-11 138.66
53401 2025-08-17 1384.09
53404 2026-05-13 1326.98
53413 2021-07-16 342.62
53425 2021-11-13 911.10
53430 2023-08-02 137.35
53443 2021-01-03 234.32
53448 2023-11-23 2654.81
53459 2022-05-16 383.33
53467 2022-05-18 194.65
53476 2026-03-12 100.72
53494 2025-02-23 219.04
53496 2021-09-21 552.01
53503 2024-08-23 1118.82
53531 2026-03-26 158.80
53545 2023-05-11 75.87
53555 2026-04-07 112.57
53557 2025-06-14 253.84
53559 2024-05-02 65.16
53560 2024-11-12 1363.13
53561 2023-01-10 578.31
53564 2026-06-28 50.58
53565 2024-07-01 719.51
53577 2021-03-22 662.58
53625 2025-03-14 44.49
53632 2023-11-14 833.86
53639 2022-06-02 48.46
53646 2021-04-24 1435.63
53656 2024-06-26 223.69
53657 2026-05-05 263.63
53658 2021-05-05 123.21
53659 2023-06-09 116.95
53660 2021-10-29 412.62
53676 2022-08-13 133.87
53682 2022-01-11 132.92
53687 2023-02-02 73.01
53688 2025-08-17 96.77
53697 2025-10-23 1208.04
53702 2026-04-11 62.30
53703 2023-06-25 177.46
53704 2022-11-08 1590.11
53715 2023-03-05 218.12
53717 2024-01-29 75.38
53718 2026-05-21 303.89
53722 2026-06-27 146.82
53724 2025-05-09 191.76
53744 2026-04-12 676.06
53766 2023-08-06 180.33
53771 2026-06-16 52.79
53782 2021-09-14 247.35
53784 2025-03-25 127.63
53795 2023-04-26 222.56
53803 2021-09-23 271.83
53812 2026-04-23 185.25
53838 2026-02-03 187.64
53839 2024-12-14 182.15
53841 2024-01-04 175.87
53854 2025-11-11 71.42
53859 2026-06-29 132.86
53860 2026-02-13 1316.81
53861 2021-08-29 398.42
53863 2025-06-23 449.41
53872 2021-06-16 289.27
53880 2022-05-22 640.18
53881 2021-05-27 2412.12
53890 2021-05-24 2137.95
53891 2022-02-26 210.23
53892 2021-11-18 196.27
53915 2026-04-01 63.14
53930 2025-09-21 74.63
53936 2025-04-15 1018.22
53937 2024-08-09 400.66
53961 2023-10-13 2044.15
53966 2022-01-30 152.81
53967 2022-12-04 1100.12
53968 2023-03-17 162.69
53975 2025-08-02 887.55
53977 2026-05-21 1380.97
53983 2026-01-13 219.99
53992 2025-04-21 198.17
53995 2022-08-23 141.26
54003 2024-08-14 1044.26
54004 2025-07-09 684.86
54030 2023-02-10 217.55
54035 2026-04-23 957.71
54038 2023-10-09 620.35
54040 2021-07-05 83.52
54047 2024-03-20 93.21
54058 2023-09-21 68.78
54065 2021-02-11 71.10
54066 2023-10-04 471.91
54072 2024-03-26 255.14
54075 2021-01-04 72.49
54078 2021-11-05 1578.75
54082 2025-12-26 512.93
54097 2025-07-05 1681.93
54104 2023-10-16 77.46
54106 2022-08-13 791.90
54119 2023-09-18 1089.94
54120 2022-03-11 777.05
54121 2023-09-27 166.15
54122 2022-12-12 577.18
54125 2025-08-03 69.94
54137 2026-01-03 229.23
54154 2026-01-02 714.72
54160 2024-06-19 67.62
54161 2026-02-02 75.81
54164 2021-10-23 388.97
54172 2025-08-27 1442.46
54173 2025-01-23 1158.84
54174 2026-04-21 160.35
54178 2025-07-16 359.47
54183 2024-02-03 773.08
54186 2026-04-24 264.45
54190 2026-06-06 144.73
54191 2023-12-11 1714.77
54193 2021-07-03 795.31
54196 2021-11-06 213.49
54200 2023-06-03 128.21
54209 2025-12-22 105.21
54215 2024-01-13 415.18
54219 2023-09-10 99.63
54220 2025-12-04 200.20
54231 2023-06-14 271.43
54232 2024-05-28 651.47
54238 2022-02-02 67.64
54243 2025-04-21 57.83
54244 2025-04-10 242.48
54247 2022-05-13 461.75
54248 2021-08-17 173.78
54249 2021-01-18 349.97
54251 2023-03-17 107.02
54254 2026-02-17 83.84
54257 2024-07-04 190.08
54258 2026-06-25 236.28
54262 2022-08-21 53.97
54278 2026-06-13 85.21
54279 2024-05-31 2180.43
54286 2025-05-14 2185.28
54298 2026-04-06 47.20
54301 2022-08-27 164.49
54314 2023-10-07 259.02
54316 2024-03-10 86.70
54325 2024-12-22 67.30
54328 2024-11-17 351.18
54337 2022-04-25 59.65
54356 2021-04-14 549.63
54358 2022-09-05 878.79
54365 2026-01-10 78.66
54367 2024-06-01 100.92
54374 2024-11-21 504.81
54380 2023-07-06 97.43
54384 2025-12-26 560.74
54390 2023-02-23 54.53
54392 2022-09-18 2134.10
54402 2022-07-11 119.33
54403 2023-01-12 238.05
54405 2024-06-13 2464.81
54412 2024-12-09 61.01
54415 2026-02-17 544.12
54420 2025-02-27 138.01
54424 2026-03-14 330.28
54425 2021-12-05 935.95
54438 2024-04-23 63.58
54441 2026-05-03 59.90
54443 2026-03-13 781.55
54446 2024-01-15 121.15
54447 2026-04-17 136.58
54467 2024-10-02 143.95
54470 2024-10-09 63.52
54482 2021-06-13 210.15
54500 2026-06-16 1342.36
54504 2021-03-28 422.78
54505 2022-03-13 814.13
54512 2025-12-20 196.50
54515 2022-10-23 778.38
54560 2026-01-08 1227.24
54562 2025-06-25 1703.18
54567 2021-11-24 1346.30
54576 2022-11-30 796.98
54595 2025-09-05 402.25
54602 2026-03-18 885.07
54613 2025-09-09 342.57
54616 2021-07-03 661.90
54619 2024-02-19 133.04
54620 2025-08-13 985.30
54624 2025-12-29 161.13
54641 2026-03-20 165.13
54664 2025-06-19 837.52
54679 2024-08-02 1332.28
54682 2024-12-11 1496.76
54683 2023-07-14 274.37
54691 2022-10-12 662.00
54694 2026-03-04 530.33
54695 2026-06-28 719.77
54698 2026-03-28 1858.96
54703 2022-05-12 45.12
54719 2025-07-24 166.51
54724 2023-07-12 461.10
54732 2024-10-01 226.09
54735 2025-11-03 98.31
54745 2024-12-19 2681.80
54749 2022-12-27 2089.34
54753 2023-09-19 79.29
54761 2023-07-25 1091.12
54775 2022-01-18 171.63
54776 2025-12-05 61.92
54784 2024-01-04 1981.73
54792 2025-08-22 688.88
54816 2021-06-22 340.79
54830 2026-01-09 104.75
54832 2026-01-24 341.91
54834 2025-10-31 601.42
54839 2026-02-13 55.30
54843 2025-03-22 113.14
54850 2022-12-15 224.70
54854 2026-04-09 234.00
54856 2024-03-19 207.20
54859 2022-03-14 608.78
54867 2023-05-31 200.34
54869 2024-09-23 81.46
54896 2023-03-22 800.15
54914 2025-07-24 965.91
54925 2021-07-26 200.91
54935 2024-06-13 160.99
54936 2024-09-07 116.57
54956 2022-09-07 187.76
54979 2025-01-16 51.43
54983 2023-11-28 872.55
54985 2022-05-22 1746.65
54990 2026-03-08 208.38
54996 2021-06-02 42.12
55002 2026-04-03 82.79
55003 2023-07-31 170.93
55004 2026-04-30 74.87
55011 2026-01-06 203.11
55018 2021-07-31 132.62
55022 2023-05-31 90.14
55024 2022-12-10 556.20
55033 2022-06-02 373.98
55048 2024-01-07 98.54
55055 2024-02-13 203.64
55094 2024-11-14 177.10
55101 2023-12-25 45.91
55117 2025-01-27 773.17
55125 2026-05-18 2121.13
55136 2023-09-02 185.75
55139 2026-06-18 51.92
55144 2025-10-01 191.03
55149 2026-06-17 269.48
55152 2024-11-04 242.14
55156 2023-11-20 2432.53
55163 2022-05-26 362.24
55181 2026-03-19 81.55
55185 2025-07-28 107.97
55187 2022-08-11 88.69
55196 2022-03-24 451.88
55198 2023-05-31 208.28
55219 2025-01-14 193.45
55222 2022-05-22 390.79
55223 2026-05-03 62.57
55247 2026-01-13 44.23
55258 2022-05-06 1830.74
55277 2022-08-24 76.98
55282 2024-08-10 166.50
55307 2025-05-11 241.67
55313 2022-04-20 70.52
55321 2025-08-28 218.45
55329 2023-07-04 258.79
55334 2022-03-02 551.05
55335 2022-12-26 130.05
55338 2025-12-01 924.81
55340 2026-02-05 222.51
55348 2022-08-03 214.93
55350 2024-02-16 90.88
55351 2026-06-01 171.54
55357 2025-12-17 1398.95
55359 2024-02-28 148.11
55364 2024-09-06 197.45
55375 2021-07-29 1422.42
55381 2021-06-16 999.76
55387 2023-10-26 163.26
55410 2022-03-28 895.26
55423 2026-01-22 99.08
55428 2024-11-26 662.38
55430 2026-02-13 769.65
55458 2021-10-09 149.00
55479 2026-02-23 324.22
55483 2024-07-13 84.77
55485 2021-05-02 287.54
55490 2022-09-08 49.87
55498 2026-02-15 194.92
55506 2024-10-19 495.04
55529 2023-05-23 840.27
55535 2022-05-25 128.76
55540 2022-04-17 1370.10
55550 2021-05-11 597.91
55561 2023-08-22 1043.71
55575 2023-11-30 92.90
55582 2025-12-14 2324.13
55587 2022-05-01 77.14
55589 2021-02-05 621.54
55594 2026-03-02 204.47
55595 2025-01-01 106.88
55610 2026-01-08 215.83
55620 2025-08-16 2219.38
55623 2022-12-24 79.11
55631 2022-06-05 785.99
55642 2021-08-24 447.42
55646 2023-07-27 537.34
55667 2022-01-31 402.47
55677 2024-02-28 202.63
55685 2025-06-01 173.79
55698 2024-12-05 130.55
55703 2024-03-07 154.82
55713 2026-05-09 1094.36
55716 2024-12-27 74.97
55726 2022-12-26 161.58
55730 2025-04-06 294.87
55731 2023-12-23 461.84
55732 2024-05-31 243.46
55733 2025-05-12 60.81
55751 2024-09-15 272.45
55754 2025-04-06 230.85
55767 2024-11-10 177.91
55770 2024-07-10 647.52
55793 2021-04-26 58.59
55802 2024-06-14 201.92
55808 2024-03-08 76.22
55813 2022-02-07 73.38
55817 2023-11-08 1132.79
55818 2021-05-30 1418.10
55841 2023-07-19 920.20
55847 2023-11-23 628.52
55864 2023-04-05 190.23
55868 2023-07-19 243.76
55875 2025-09-15 953.64
55884 2025-09-20 316.63
55886 2023-08-21 1739.78
55899 2025-01-14 117.31
55907 2026-06-26 581.77
55917 2025-01-02 402.57
55930 2026-01-06 248.61
55942 2026-02-16 92.79
55944 2025-07-05 157.26
55948 2021-12-29 279.82
55950 2026-03-03 232.80
55954 2024-01-22 1383.76
55955 2023-09-02 81.11
55956 2024-10-28 491.27
55957 2022-07-28 143.45
55958 2026-02-12 654.16
55960 2022-09-10 68.20
55966 2024-09-24 229.61
55976 2025-05-13 1603.17
55980 2021-09-24 126.37
55981 2026-02-26 53.35
55991 2026-03-27 208.41
55992 2026-06-11 3109.25
55995 2022-01-20 349.08
56013 2024-12-15 2443.70
56016 2026-06-06 2677.35
56023 2021-06-30 76.49
56038 2024-03-19 164.68
56040 2023-09-05 97.96
56041 2022-02-15 135.24
56044 2026-05-09 2104.49
56045 2024-12-14 71.29
56053 2026-02-11 67.02
56062 2025-03-12 242.05
56065 2023-05-06 121.48
56070 2023-11-29 91.00
56072 2023-11-11 1017.02
56077 2023-10-19 1719.00
56085 2025-12-23 61.30
56106 2021-07-16 61.99
56107 2023-05-20 227.90
56110 2025-06-15 1225.56
56121 2026-01-15 63.48
56122 2023-02-17 161.45
56142 2021-07-29 170.62
56145 2022-09-17 67.48
56146 2026-06-20 151.75
56149 2026-05-20 246.67
56151 2026-05-18 302.78
56156 2026-04-08 87.20
56158 2026-04-08 87.32
56177 2021-10-28 80.12
56178 2024-06-24 95.52
56190 2025-03-18 884.43
56199 2024-10-18 1048.53
56205 2025-09-29 198.05
56211 2024-02-22 57.72
56226 2025-11-01 614.87
56236 2021-01-24 57.86
56246 2025-02-06 805.04
56250 2024-11-19 215.52
56251 2023-03-10 962.34
56275 2022-06-05 171.66
56278 2026-06-20 92.11
56279 2021-01-21 67.49
56300 2025-09-08 162.82
56302 2025-05-29 55.56
56322 2025-10-27 747.41
56327 2025-08-23 595.52
56340 2021-07-23 761.84
56343 2023-12-13 120.14
56346 2021-11-27 275.41
56351 2026-05-26 227.34
56355 2023-10-17 151.51
56376 2025-07-04 78.76
56377 2023-07-16 65.37
56379 2025-07-20 699.84
56381 2026-02-11 273.35
56382 2026-05-14 1097.14
56414 2025-08-24 125.35
56436 2025-08-24 689.40
56437 2025-04-24 663.62
56440 2026-06-17 54.98
56449 2021-11-16 276.20
56450 2022-07-26 300.84
56453 2026-01-14 338.96
56455 2023-01-20 241.16
56462 2025-02-18 545.97
56464 2023-09-05 950.29
56473 2023-07-15 522.80
56482 2026-03-19 1021.14
56484 2026-04-19 579.76
56490 2026-03-07 190.70
56492 2025-12-03 1401.16
56509 2025-12-19 1132.48
56512 2023-07-18 54.87
56513 2026-06-15 414.19
56536 2021-08-26 1102.99
56540 2025-10-06 1766.67
56541 2025-05-21 68.72
56545 2025-11-19 861.56
56553 2025-09-16 587.82
56555 2023-05-30 658.91
56570 2026-04-16 1097.19
56571 2022-10-31 150.50
56577 2024-11-03 1058.39
56583 2023-02-28 1472.57
56584 2023-03-13 641.00
56590 2021-04-04 270.29
56592 2022-09-12 89.31
56600 2021-05-31 189.67
56601 2025-07-08 70.59
56605 2023-09-01 437.52
56610 2025-05-14 798.29
56611 2021-12-08 406.20
56618 2024-06-03 198.28
56620 2026-05-13 60.34
56627 2026-06-12 123.94
56632 2026-04-07 2547.50
56647 2025-01-18 118.68
56648 2022-07-30 871.80
56661 2026-03-05 111.56
56673 2026-04-07 872.92
56686 2021-01-26 839.91
56692 2025-07-13 337.95
56695 2022-05-28 142.26
56705 2025-09-06 213.56
56707 2022-02-23 498.81
56714 2022-08-19 49.31
56732 2021-05-21 233.92
56743 2024-04-01 138.33
56749 2022-02-06 108.24
56754 2021-02-25 215.84
56765 2021-04-24 163.46
56768 2024-03-26 317.00
56769 2026-03-19 1822.39
56770 2025-02-16 56.09
56784 2024-06-09 779.01
56792 2024-03-08 837.76
56801 2024-01-27 118.66
56808 2022-12-07 42.05
56821 2021-03-22 1972.02
56829 2025-10-07 66.96
56831 2024-12-12 442.10
56837 2023-03-13 614.57
56839 2023-02-17 575.35
56843 2025-11-10 205.32
56849 2025-06-27 1387.62
56852 2023-12-24 68.03
56858 2022-11-17 1036.65
56859 2024-09-18 97.68
56866 2025-06-02 757.01
56868 2024-03-20 1733.50
56881 2023-11-13 214.48
56884 2025-07-18 148.40
56888 2024-08-31 596.88
56889 2022-05-09 66.05
56905 2026-03-23 284.98
56912 2026-02-26 78.33
56913 2021-03-25 272.86
56927 2023-03-30 453.51
56932 2026-04-17 868.20
56937 2025-11-12 185.79
56938 2025-10-30 77.16
56952 2026-06-30 450.75
56971 2025-06-02 602.55
56972 2025-05-17 215.35
56984 2022-11-12 421.51
56997 2023-04-11 1881.56
57003 2024-11-18 107.69
57009 2026-05-14 291.90
57016 2023-09-07 421.66
57017 2021-12-29 189.06
57031 2024-05-16 1608.37
57033 2024-09-13 285.00
57035 2021-03-23 792.53
57038 2024-02-19 152.11
57039 2025-06-20 219.05
57041 2025-01-08 176.79
57044 2024-01-26 1165.50
57056 2026-01-28 210.08
57058 2022-06-29 561.52
57069 2025-03-17 642.71
57074 2022-05-16 83.48
57080 2022-06-23 730.70
57082 2023-03-04 227.44
57083 2023-07-29 173.94
57092 2024-01-06 143.06
57099 2021-08-11 76.79
57109 2023-01-14 1376.07
57129 2023-06-04 536.70
57139 2026-01-16 85.42
57146 2021-06-12 658.97
57147 2024-02-06 822.67
57151 2024-09-08 1484.28
57152 2023-09-23 343.92
57174 2021-11-27 461.03
57183 2021-12-02 1098.33
57189 2021-12-19 802.45
57190 2024-04-13 93.96
57193 2026-06-13 792.58
57195 2025-01-03 631.78
57196 2021-08-19 111.34
57204 2024-03-17 81.79
57206 2024-11-15 833.84
57213 2022-08-26 82.97
57224 2021-04-29 59.84
57227 2023-07-14 363.87
57232 2024-11-23 74.75
57233 2021-12-17 1072.78
57245 2022-05-13 231.92
57264 2022-04-25 63.52
57265 2021-01-20 234.08
57272 2023-01-16 913.17
57290 2025-06-15 1374.98
57297 2026-02-07 61.23
57302 2023-06-13 161.15
57305 2024-08-10 263.05
57317 2026-02-19 648.39
57327 2022-09-29 513.59
57330 2023-05-17 155.31
57344 2025-10-20 674.52
57351 2022-12-23 885.15
57358 2026-03-02 121.94
57361 2024-08-24 2763.80
57364 2025-05-15 1428.54
57367 2026-05-21 210.53
57372 2026-05-09 1511.59
57373 2023-04-07 343.47
57374 2021-12-19 145.69
57407 2022-04-23 209.50
57408 2026-02-11 62.84
57411 2023-12-04 126.26
57415 2023-01-12 385.37
57419 2021-01-24 1158.98
57420 2025-05-29 968.31
57425 2026-04-06 372.08
57440 2024-03-19 818.14
57446 2023-04-18 284.26
57453 2024-02-13 181.07
57464 2025-12-28 639.68
57476 2025-06-20 580.75
57478 2022-12-28 364.67
57492 2026-03-26 2317.60
57499 2025-12-15 2316.96
57501 2026-05-17 243.93
57524 2022-05-11 71.84
57531 2026-06-20 452.34
57539 2026-06-24 86.67
57541 2026-01-06 167.50
57561 2024-10-01 1789.06
57564 2022-11-04 312.05
57568 2023-05-29 52.63
57589 2021-01-01 1251.32
57590 2025-10-27 245.28
57595 2026-01-01 363.74
57596 2023-03-06 816.42
57598 2022-02-15 1537.85
57604 2025-06-17 229.55
57613 2024-04-06 1108.19
57622 2021-03-11 613.45
57633 2022-05-19 474.69
57637 2026-05-23 825.10
57639 2024-09-27 1974.73
57659 2026-05-22 1106.68
57666 2022-04-06 1059.27
57667 2024-12-10 290.16
57669 2023-10-11 1669.50
57671 2026-05-01 580.64
57677 2021-09-10 656.03
57690 2026-06-14 246.30
57699 2026-04-16 1184.39
57710 2024-04-03 216.41
57711 2024-02-02 1510.31
57714 2025-02-26 67.75
57721 2024-05-14 94.65
57725 2024-01-26 502.00
57745 2023-03-14 45.76
57754 2026-01-28 244.21
57773 2023-09-15 437.40
57782 2026-04-14 143.01
57783 2025-03-09 569.72
57784 2022-05-25 711.34
57791 2024-07-25 203.54
57793 2026-02-02 153.30
57795 2022-10-18 2403.78
57804 2025-04-06 46.98
57806 2022-11-13 1351.36
57818 2026-06-18 566.73
57828 2022-01-23 3072.02
57834 2026-02-21 222.38
57838 2023-10-22 187.29
57846 2025-10-03 65.00
57855 2024-06-14 188.95
57858 2025-08-09 1458.11
57867 2025-01-02 155.32
57868 2023-01-16 314.65
57880 2021-10-27 190.09
57881 2024-10-10 292.10
57891 2024-11-21 273.12
57893 2024-07-15 1160.55
57894 2024-12-04 1185.72
57905 2025-04-16 299.67
57927 2022-05-05 143.33
57929 2024-05-15 1163.71
57933 2026-04-16 164.78
57934 2024-05-10 97.60
57944 2022-05-26 1356.10
57947 2025-03-20 77.58
57960 2024-07-04 875.98
57973 2024-12-16 150.16
57976 2024-07-02 643.36
57983 2026-01-22 1041.79
57986 2026-04-27 388.49
57987 2025-10-21 1155.30
57989 2021-09-16 1621.06
57996 2024-08-03 706.26
58015 2026-04-25 215.57
58021 2023-10-17 1608.14
58029 2024-10-30 799.61
58038 2022-12-26 227.97
58039 2021-09-21 80.98
58042 2026-05-12 403.57
58043 2023-12-01 75.77
58048 2026-05-05 271.85
58050 2023-11-03 699.37
58053 2025-09-22 514.88
58057 2022-04-23 185.23
58095 2026-04-08 1049.26
58131 2024-05-16 213.58
58134 2023-09-24 57.80
58137 2026-06-08 445.20
58157 2025-05-06 87.03
58201 2021-08-24 373.83
58203 2021-04-05 147.77
58210 2024-06-22 2180.82
58211 2024-02-27 208.13
58216 2026-04-08 485.20
58226 2022-12-26 175.01
58227 2025-12-13 125.37
58228 2021-09-21 1203.05
58233 2023-06-22 119.07
58237 2023-08-15 524.54
58278 2023-10-17 2052.72
58292 2024-10-06 201.73
58294 2021-11-25 236.15
58296 2022-04-05 2577.34
58307 2024-11-20 165.77
58328 2022-04-27 2252.16
58336 2023-10-09 391.54
58337 2025-02-08 766.75
58351 2024-01-15 429.34
58354 2025-02-23 51.55
58358 2025-11-15 1253.41
58360 2026-06-24 286.44
58365 2026-06-10 798.56
58366 2022-01-29 280.58
58383 2026-07-01 1029.15
58391 2021-08-27 205.26
58411 2025-08-05 63.42
58422 2026-04-13 481.58
58427 2022-03-17 693.63
58430 2024-03-10 783.85
58447 2024-09-12 1668.01
58448 2024-04-02 109.56
58453 2026-05-02 1010.51
58459 2024-07-06 265.57
58470 2021-02-03 367.63
58475 2022-11-29 2589.74
58480 2026-05-02 76.66
58486 2023-07-23 177.50
58492 2024-07-07 123.69
58503 2024-06-02 62.12
58504 2023-11-09 142.22
58510 2022-08-19 188.02
58524 2022-12-17 201.07
58527 2022-07-27 2620.04
58531 2026-04-12 68.56
58536 2023-02-06 1497.40
58541 2026-06-18 627.18
58551 2021-12-04 145.73
58560 2025-07-23 2581.75
58562 2022-02-04 319.36
58568 2024-06-08 394.89
58581 2026-01-29 140.70
58589 2026-01-08 88.87
58599 2026-01-20 140.31
58601 2026-06-01 196.26
58625 2024-07-11 541.23
58630 2023-01-15 914.58
58646 2026-03-07 1476.43
58655 2025-07-16 210.10
58674 2025-06-05 84.38
58676 2024-01-04 353.51
58699 2024-08-29 1347.74
58703 2024-09-28 221.09
58705 2023-09-09 419.57
58712 2025-02-08 599.96
58717 2026-02-02 933.87
58728 2023-10-24 1786.69
58730 2025-02-04 210.90
58736 2023-07-26 191.11
58740 2023-01-28 216.78
58751 2024-08-09 1120.73
58772 2025-12-30 2721.74
58781 2024-01-27 1491.11
58783 2026-04-22 272.94
58788 2025-03-13 60.87
58801 2024-04-22 2246.15
58805 2022-05-23 295.31
58807 2024-03-31 287.33
58812 2024-06-27 241.28
58818 2026-05-07 206.32
58832 2023-06-12 908.95
58833 2026-06-29 180.69
58841 2024-09-16 164.99
58851 2026-01-19 48.51
58864 2022-01-05 131.63
58886 2023-05-04 520.81
58891 2021-12-01 1039.21
58898 2023-04-22 200.39
58901 2023-03-13 220.10
58920 2024-01-30 679.94
58921 2026-02-04 1132.17
58933 2022-02-05 161.30
58940 2023-08-16 131.48
58947 2026-03-20 161.78
58949 2025-07-11 798.05
58953 2021-12-15 236.23
58963 2024-03-26 2399.46
58976 2022-04-29 1436.10
58985 2024-05-22 64.99
58994 2026-04-26 69.63
59001 2025-04-17 2050.62
59002 2022-03-28 169.16
59007 2025-08-25 186.45
59013 2026-06-15 349.21
59022 2023-11-14 2213.21
59023 2025-08-23 1642.06
59034 2021-01-19 1394.35
59035 2026-03-28 2133.85
59045 2021-08-02 1178.01
59054 2021-04-08 1119.47
59055 2025-12-18 52.94
59057 2025-10-30 256.58
59069 2021-11-03 43.93
59070 2024-05-13 85.40
59073 2024-04-02 355.98
59078 2024-01-04 454.46
59083 2023-08-26 146.77
59097 2024-03-08 45.35
59104 2026-02-08 130.06
59105 2021-12-31 1422.29
59108 2023-04-30 96.22
59111 2022-10-13 658.88
59117 2025-06-26 1282.72
59121 2025-04-26 161.08
59128 2023-12-31 82.36
59140 2026-01-18 1639.73
59150 2024-10-05 155.92
59163 2024-09-30 1091.81
59172 2024-05-06 1387.96
59192 2022-11-14 2296.33
59200 2026-06-24 678.17
59206 2026-04-28 549.07
59212 2021-04-16 138.29
59222 2023-05-17 111.07
59226 2026-04-14 290.40
59233 2026-02-28 184.04
59255 2024-06-23 241.31
59260 2026-05-25 1391.70
59271 2026-06-15 94.31
59281 2025-11-29 117.70
59284 2025-01-05 182.65
59303 2026-01-20 74.66
59320 2021-01-23 412.30
59321 2022-09-19 70.04
59353 2021-02-04 65.38
59355 2025-10-11 118.35
59360 2025-09-28 537.86
59366 2024-02-22 127.99
59375 2026-03-17 62.97
59380 2026-02-15 761.73
59395 2023-11-15 228.96
59404 2024-09-25 974.69
59419 2026-01-02 183.95
59427 2022-05-11 416.01
59429 2025-08-10 1264.40
59439 2021-02-03 892.49
59450 2024-08-24 166.04
59459 2022-04-21 278.00
59462 2023-08-30 107.16
59464 2026-04-26 1593.65
59468 2023-12-10 640.23
59476 2025-10-27 75.42
59477 2025-05-16 66.50
59481 2023-06-13 1812.43
59490 2024-06-23 218.32
59496 2025-08-21 41.70
59498 2026-04-11 225.12
59558 2025-12-27 1525.93
59562 2025-11-04 112.69
59564 2026-06-23 287.52
59565 2025-01-09 212.68
59573 2023-07-17 162.02
59581 2024-05-17 2152.84
59585 2024-12-28 224.99
59587 2025-11-04 129.86
59603 2024-09-02 633.73
59604 2026-06-29 101.63
59612 2026-03-26 77.02
59616 2024-08-11 618.17
59622 2024-01-29 942.95
59631 2024-10-15 160.91
59641 2026-02-19 1035.34
59660 2026-04-10 1141.02
59666 2023-03-10 733.06
59674 2026-01-23 1377.73
59677 2023-01-17 131.25
59679 2024-11-18 2713.34
59687 2023-07-05 1160.84
59701 2025-01-22 111.83
59710 2026-02-22 123.94
59714 2021-08-16 924.69
59715 2025-12-06 376.04
59723 2024-03-03 764.12
59737 2026-01-22 314.75
59743 2023-04-18 148.33
59744 2021-02-18 180.93
59763 2026-03-09 80.84
59775 2026-01-31 52.45
59777 2021-06-06 113.87
59782 2025-05-22 86.83
59789 2024-08-23 1315.41
59808 2025-06-24 129.85
59816 2025-02-28 1783.82
59822 2022-03-30 77.48
59828 2022-05-23 369.51
59830 2026-05-11 242.42
59831 2021-01-20 1441.89
59834 2024-10-25 247.79
59837 2026-01-24 386.93
59838 2021-03-20 264.91
59845 2025-05-19 1245.91
59860 2025-10-20 351.13
59869 2024-10-13 261.93
59873 2023-08-25 1927.64
59874 2022-08-24 192.72
59877 2023-07-25 92.30
59884 2025-04-15 117.66
59896 2023-12-28 983.96
59906 2026-03-06 390.71
59911 2026-03-07 273.78
59913 2022-03-25 184.38
59923 2022-01-11 2021.09
59930 2025-01-27 211.85
59931 2025-05-17 51.89
59934 2026-01-04 1245.02
59935 2023-05-06 1008.11
59960 2024-03-09 303.05
59962 2023-12-31 764.39
59971 2026-02-19 574.27
59975 2024-03-17 187.67
59981 2024-08-30 548.07
59982 2025-08-07 273.08
59983 2025-08-01 173.46
59996 2024-03-21 158.99
<ShowPlanXML xmlns="http://schemas.microsoft.com/sqlserver/2004/07/showplan" Version="1.564" Build="16.0.4265.3"><BatchSequence><Batch><Statements><StmtSimple StatementText="SELECT [ContractID],[EffectiveDate],[ModalPremium] FROM [dbo].[Contract] WHERE [ActivityStatus]=@1" StatementId="1" StatementCompId="4" StatementType="SELECT" StatementSqlHandle="0x0900CFDD3196BD78ECDF186B04C7B0942C0F0000000000000000000000000000000000000000000000000000" DatabaseContextSettingsId="1" ParentObjectId="0" StatementParameterizationType="0" RetrievedFromCache="false" StatementSubTreeCost="1.11965" StatementEstRows="8520.83" SecurityPolicyApplied="false" StatementOptmLevel="FULL" QueryHash="0x78E903FE9F55B1D6" QueryPlanHash="0xCDC217ADD23FAE17" CardinalityEstimationModelVersion="160"><StatementSetOptions QUOTED_IDENTIFIER="false" ARITHABORT="false" CONCAT_NULL_YIELDS_NULL="true" ANSI_NULLS="true" ANSI_PADDING="true" ANSI_WARNINGS="true" NUMERIC_ROUNDABORT="false"></StatementSetOptions><QueryPlan DegreeOfParallelism="1" CachedPlanSize="24" CompileTime="1" CompileCPU="1" CompileMemory="152"><MissingIndexes><MissingIndexGroup Impact="93.4715"><MissingIndex Database="[LifeInsuranceP3]" Schema="[dbo]" Table="[Contract]"><ColumnGroup Usage="EQUALITY"><Column Name="[ActivityStatus]" ColumnId="5"></Column></ColumnGroup><ColumnGroup Usage="INCLUDE"><Column Name="[ModalPremium]" ColumnId="8"></Column><Column Name="[EffectiveDate]" ColumnId="21"></Column></ColumnGroup></MissingIndex></MissingIndexGroup></MissingIndexes><MemoryGrantInfo SerialRequiredMemory="0" SerialDesiredMemory="0" GrantedMemory="0" MaxUsedMemory="0"></MemoryGrantInfo><OptimizerHardwareDependentProperties EstimatedAvailableMemoryGrant="64194" EstimatedPagesCached="40121" EstimatedAvailableDegreeOfParallelism="5" MaxCompileMemory="3492336"></OptimizerHardwareDependentProperties><OptimizerStatsUsage><StatisticsInfo LastUpdate="2026-07-27T23:01:58.91" ModificationCount="0" SamplingPercent="100" Statistics="[Contract_ContractNumber_UN]" Table="[Contract]" Schema="[dbo]" Database="[LifeInsuranceP3]"></StatisticsInfo><StatisticsInfo LastUpdate="2026-07-28T16:23:09.24" ModificationCount="0" SamplingPercent="82.7267" Statistics="[_WA_Sys_00000005_4AB81AF0]" Table="[Contract]" Schema="[dbo]" Database="[LifeInsuranceP3]"></StatisticsInfo><StatisticsInfo LastUpdate="2026-07-28T20:28:57.19" ModificationCount="0" SamplingPercent="100" Statistics="[IX_Contract_IssuedRateVersionID]" Table="[Contract]" Schema="[dbo]" Database="[LifeInsuranceP3]"></StatisticsInfo></OptimizerStatsUsage><QueryTimeStats ElapsedTime="5" CpuTime="5"></QueryTimeStats><RelOp NodeId="0" PhysicalOp="Clustered Index Scan" LogicalOp="Clustered Index Scan" EstimateRows="8520.83" EstimatedRowsRead="60000" EstimateIO="1.0535" EstimateCPU="0.066157" AvgRowSize="33" EstimatedTotalSubtreeCost="1.11965" TableCardinality="60000" Parallel="0" EstimateRebinds="0" EstimateRewinds="0" EstimatedExecutionMode="Row"><OutputList><ColumnReference Database="[LifeInsuranceP3]" Schema="[dbo]" Table="[Contract]" Column="ModalPremium"></ColumnReference><ColumnReference Database="[LifeInsuranceP3]" Schema="[dbo]" Table="[Contract]" Column="ContractID"></ColumnReference><ColumnReference Database="[LifeInsuranceP3]" Schema="[dbo]" Table="[Contract]" Column="EffectiveDate"></ColumnReference></OutputList><RunTimeInformation><RunTimeCountersPerThread Thread="0" ActualRows="8506" Batches="0" ActualElapsedms="4" ActualCPUms="4" ActualScans="1" ActualLogicalReads="1424" ActualPhysicalReads="0" ActualReadAheads="0" ActualLobLogicalReads="0" ActualLobPhysicalReads="0" ActualLobReadAheads="0" ActualRowsRead="60000" ActualEndOfScans="1" ActualExecutions="1" ActualExecutionMode="Row"></RunTimeCountersPerThread></RunTimeInformation><IndexScan Ordered="0" ForcedIndex="0" ForceScan="0" NoExpandHint="0" Storage="RowStore"><DefinedValues><DefinedValue><ColumnReference Database="[LifeInsuranceP3]" Schema="[dbo]" Table="[Contract]" Column="ModalPremium"></ColumnReference></DefinedValue><DefinedValue><ColumnReference Database="[LifeInsuranceP3]" Schema="[dbo]" Table="[Contract]" Column="ContractID"></ColumnReference></DefinedValue><DefinedValue><ColumnReference Database="[LifeInsuranceP3]" Schema="[dbo]" Table="[Contract]" Column="EffectiveDate"></ColumnReference></DefinedValue></DefinedValues><Object Database="[LifeInsuranceP3]" Schema="[dbo]" Table="[Contract]" Index="[Contract_PK]" IndexKind="Clustered" Storage="RowStore"></Object><Predicate><ScalarOperator ScalarString="[LifeInsuranceP3].[dbo].[Contract].[ActivityStatus]=&apos;Lapsed&apos;"><Compare CompareOp="EQ"><ScalarOperator><Identifier><ColumnReference Database="[LifeInsuranceP3]" Schema="[dbo]" Table="[Contract]" Column="ActivityStatus"></ColumnReference></Identifier></ScalarOperator><ScalarOperator><Const ConstValue="&apos;Lapsed&apos;"></Const></ScalarOperator></Compare></ScalarOperator></Predicate></IndexScan></RelOp><ParameterList><ColumnReference Column="@1" ParameterDataType="varchar(8000)" ParameterCompiledValue="&apos;Lapsed&apos;" ParameterRuntimeValue="&apos;Lapsed&apos;"></ColumnReference></ParameterList></QueryPlan></StmtSimple></Statements></Batch></BatchSequence></ShowPlanXML>
