CustLastName,CustFirstName,CustMiddleInitial,CustSuffix,CustDOB,CustSalutation,CusteMailAddress,Gender,SSN_TIN,SSNType,CustomerLegacyID,WithholdingCode,PreferredLanguage,StartDate,EndDate,CustomerID
Harnwell,Danila,N,Jr,1945-01-01,Mrs,dharnwell0@xing.com,M,415-96-3356,TIN,LEG083915,EX,Mandarin,2015-01-01,,1
Lademann,Gwenni,R,Jr,1945-01-02,Dr,glademann1@canalblog.com,M,564-79-2521,TIN,LEG704794,W2,Mandarin,2015-01-02,,2
Simacek,Amil,R,Jr,1945-01-03,Dr,asimacek2@spotify.com,M,503-97-9376,TIN,LEG406483,W1,English,2015-01-03,,3
Isenor,Free,J,III,1945-01-04,Mr,fisenor3@indiatimes.com,M,554-11-8099,TIN,LEG535525,W4,English,2015-01-04,,4
Skough,Gustav,B,Jr,1945-01-05,Mr,gskough4@technorati.com,M,621-54-3442,SSN,LEG873159,W1,Mandarin,2015-01-05,,5
Burch,Abeu,D,Jr,1945-01-06,Mrs,aburch5@opensource.org,M,873-99-1155,TIN,LEG505920,W1,Mandarin,2015-01-06,,6
Shane,Matias,R,Jr,1945-01-07,Mrs,mshane6@yellowpages.com,M,815-15-9760,SSN,LEG226251,W2,Spanish,2015-01-07,,7
Bramich,Mathe,P,NA,1945-01-08,Mr,mbramich7@printfriendly.com,M,861-17-6263,TIN,LEG961856,EX,Spanish,2015-01-08,2026-01-08,8
Doeg,Robby,F,Sr,1945-01-09,Mr,rdoeg8@exblog.jp,F,483-49-8127,SSN,LEG472194,W2,English,2015-01-09,2026-01-09,9
Herety,Sully,P,III,1945-01-10,Mrs,sherety9@blog.com,M,364-83-5411,TIN,LEG220871,W2,Mandarin,2015-01-10,2026-01-10,10
Bush,Jerrilee,B,II,1945-01-11,Mrs,jbusha@businesswire.com,M,898-30-3907,SSN,LEG267098,EX,English,2015-01-11,,11
Dominec,Olenka,U,II,1945-01-12,Ms,odominecb@bigcartel.com,F,617-14-1025,SSN,LEG508358,W2,Mandarin,2015-01-12,,12
Nisby,Kristopher,J,NA,1945-01-13,Mr,knisbyc@wufoo.com,F,805-65-1729,TIN,LEG994016,EX,Mandarin,2015-01-13,,13
Skewes,Stevie,Z,NA,1945-01-14,Ms,sskewesd@yahoo.com,F,272-77-3316,SSN,LEG846690,W4,Spanish,2015-01-14,,14
Ludee,Broddy,Z,III,1945-01-15,Dr,bludeee@joomla.org,M,795-25-2511,TIN,LEG405598,W4,English,2015-01-15,,15
Bennis,Thurston,Y,Sr,1945-01-16,Dr,tbennisf@wiley.com,F,623-96-6267,TIN,LEG854467,W1,Spanish,2015-01-16,,16
Haughey,Ardelia,G,II,1945-01-17,Dr,ahaugheyg@washington.edu,F,200-04-7319,TIN,LEG382547,EX,Spanish,2015-01-17,,17
Beney,Hubert,W,III,1945-01-18,Dr,hbeneyh@bizjournals.com,M,175-77-6283,TIN,LEG716049,W1,English,2015-01-18,2026-01-18,18
Argo,Lucilia,W,Jr,1945-01-19,Mrs,largoi@dmoz.org,M,240-91-6396,TIN,LEG589068,W4,English,2015-01-19,2026-01-19,19
Brunicke,Clevie,N,II,1945-01-20,Mr,cbrunickej@hugedomains.com,F,883-41-1632,SSN,LEG517987,EX,Mandarin,2015-01-20,2026-01-20,20
Dring,Orren,C,NA,1945-01-21,Dr,odringk@skyrock.com,M,626-86-6521,SSN,LEG157335,EX,English,2015-01-21,,21
Huckle,Garrott,H,III,1945-01-22,Mr,ghucklel@infoseek.co.jp,M,566-64-0063,TIN,LEG730188,EX,Spanish,2015-01-22,,22
Dodsworth,Clemens,D,III,1945-01-23,Dr,cdodsworthm@fc2.com,F,626-40-0680,SSN,LEG247603,W2,English,2015-01-23,,23
Granger,Jerrold,A,Sr,1945-01-24,Ms,jgrangern@paginegialle.it,F,663-32-9738,SSN,LEG879273,W2,English,2015-01-24,,24
Pancoast,Dixie,Y,II,1945-01-25,Mrs,dpancoasto@guardian.co.uk,F,628-83-6314,SSN,LEG143975,W2,Mandarin,2015-01-25,,25
Bertelet,Dawn,Z,Jr,1945-01-26,Mr,dberteletp@t-online.de,M,595-87-9856,SSN,LEG863734,W4,Spanish,2015-01-26,,26
Greenhead,Ewen,E,Sr,1945-01-27,Mr,egreenheadq@trellian.com,M,602-60-1828,TIN,LEG772500,W1,Spanish,2015-01-27,,27
Sayburn,Georgie,E,Sr,1945-01-28,Dr,gsayburnr@nbcnews.com,F,690-96-8252,SSN,LEG664225,W4,Spanish,2015-01-28,2026-01-28,28
Castle,Georgy,I,Jr,1945-01-29,Mrs,gcastles@github.io,M,281-79-5978,SSN,LEG439729,W4,Spanish,2015-01-29,2026-01-29,29
Dymocke,Christalle,R,Sr,1945-01-30,Dr,cdymocket@java.com,F,463-73-1749,SSN,LEG445890,W4,Spanish,2015-01-30,2026-01-30,30
Quiddihy,Hilde,V,II,1945-01-31,Ms,hquiddihyu@umn.edu,F,428-17-8420,TIN,LEG161180,W4,Spanish,2015-01-31,,31
Reuble,Robyn,U,III,1945-02-01,Mrs,rreublev@google.com.hk,M,292-78-7693,SSN,LEG312603,W2,Spanish,2015-02-01,,32
Vakhrushev,Nert,Y,NA,1945-02-02,Dr,nvakhrushevw@goodreads.com,F,742-44-1285,TIN,LEG334021,W1,Mandarin,2015-02-02,,33
Castiglio,Saudra,H,III,1945-02-03,Mrs,scastigliox@infoseek.co.jp,M,839-62-7142,SSN,LEG078665,EX,Mandarin,2015-02-03,,34
Gilphillan,Alexandros,H,III,1945-02-04,Mr,agilphillany@topsy.com,F,782-86-9420,TIN,LEG611607,W4,Mandarin,2015-02-04,,35
Dorgon,Allison,R,Jr,1945-02-05,Mr,adorgonz@w3.org,F,227-30-9228,SSN,LEG585947,W4,Spanish,2015-02-05,,36
Peasey,Ajay,Z,II,1945-02-06,Ms,apeasey10@walmart.com,M,526-67-0153,SSN,LEG703343,W1,Mandarin,2015-02-06,,37
Snodden,Bathsheba,U,III,1945-02-07,Mrs,bsnodden11@t.co,F,597-69-6173,SSN,LEG763081,W4,English,2015-02-07,2026-02-07,38
Plaid,Cordula,J,Sr,1945-02-08,Dr,cplaid12@wikia.com,M,415-65-1067,TIN,LEG290910,W4,Spanish,2015-02-08,2026-02-08,39
Klaussen,Quintin,J,Sr,1945-02-09,Mr,qklaussen13@yale.edu,F,894-18-4173,TIN,LEG271656,W2,Spanish,2015-02-09,2026-02-09,40
Wythe,Conn,S,III,1945-02-10,Dr,cwythe14@usatoday.com,F,824-01-1357,TIN,LEG520295,W1,Mandarin,2015-02-10,,41
Vautre,Mella,F,II,1945-02-11,Dr,mvautre15@addthis.com,M,549-16-0037,SSN,LEG783646,EX,English,2015-02-11,,42
Zolini,Cchaddie,A,II,1945-02-12,Ms,czolini16@woothemes.com,F,843-46-6384,TIN,LEG377751,EX,English,2015-02-12,,43
Warrack,Hammad,G,II,1945-02-13,Mr,hwarrack17@wufoo.com,M,368-87-2907,TIN,LEG569245,W1,English,2015-02-13,,44
Ianniello,Misha,L,NA,1945-02-14,Dr,mianniello18@buzzfeed.com,F,671-59-4706,TIN,LEG386406,W4,English,2015-02-14,,45
Enochsson,Rudie,Z,III,1945-02-15,Dr,renochsson19@princeton.edu,M,772-42-2823,TIN,LEG723260,W1,Spanish,2015-02-15,,46
Habershon,Kelcie,B,Sr,1945-02-16,Dr,khabershon1a@abc.net.au,F,644-39-9429,TIN,LEG627190,W1,Mandarin,2015-02-16,,47
Minard,Codi,W,III,1945-02-17,Dr,cminard1b@t-online.de,M,659-39-0484,TIN,LEG685714,EX,Mandarin,2015-02-17,2026-02-17,48
Linney,Greg,H,NA,1945-02-18,Mr,glinney1c@stumbleupon.com,M,782-39-8615,SSN,LEG196208,W4,Mandarin,2015-02-18,2026-02-18,49
Doerr,Alvinia,K,Jr,1945-02-19,Ms,adoerr1d@multiply.com,F,879-70-4737,TIN,LEG653203,W2,English,2015-02-19,2026-02-19,50
Barbera,Angelico,E,NA,1945-02-20,Ms,abarbera1e@cbslocal.com,M,572-82-6841,TIN,LEG158279,W4,Mandarin,2015-02-20,,51
Dingsdale,Laetitia,L,III,1945-02-21,Mr,ldingsdale1f@apple.com,M,898-19-3582,SSN,LEG141189,W2,Mandarin,2015-02-21,,52
Treslove,Carolann,A,III,1945-02-22,Mr,ctreslove1g@creativecommons.org,M,320-71-1653,TIN,LEG509693,EX,Spanish,2015-02-22,,53
Bartoletti,Maurice,A,NA,1945-02-23,Ms,mbartoletti1h@xrea.com,F,107-53-2059,SSN,LEG905898,W1,English,2015-02-23,,54
Wildgoose,Mehetabel,M,II,1945-02-24,Ms,mwildgoose1i@nationalgeographic.com,F,569-01-9413,SSN,LEG047849,EX,Mandarin,2015-02-24,,55
Ivoshin,Jess,O,III,1945-02-25,Mr,jivoshin1j@gravatar.com,F,188-14-6104,SSN,LEG986685,W4,Mandarin,2015-02-25,,56
Everleigh,Arabele,C,Sr,1945-02-26,Ms,aeverleigh1k@fda.gov,F,889-09-2431,TIN,LEG430284,W4,English,2015-02-26,,57
Copas,Torey,L,II,1945-02-27,Mrs,tcopas1l@sogou.com,M,187-80-5205,SSN,LEG677798,W1,Mandarin,2015-02-27,2026-02-27,58
Hungerford,Leonie,U,II,1945-02-28,Dr,lhungerford1m@linkedin.com,F,734-44-2617,SSN,LEG480481,EX,Spanish,2015-02-28,2026-02-28,59
Keymer,Grete,R,Sr,1945-03-01,Dr,gkeymer1n@ebay.com,F,313-84-9743,SSN,LEG905102,W2,Spanish,2015-03-01,2026-03-01,60
Musicka,Lucretia,F,Sr,1945-03-02,Mr,lmusicka1o@epa.gov,F,341-09-0141,SSN,LEG727790,W4,English,2015-03-02,,61
Nestoruk,Corabel,S,Sr,1945-03-03,Ms,cnestoruk1p@adobe.com,M,710-27-3219,TIN,LEG018530,EX,Spanish,2015-03-03,,62
Purtell,Lina,F,NA,1945-03-04,Dr,lpurtell1q@histats.com,M,740-50-4967,SSN,LEG774242,W4,Spanish,2015-03-04,,63
Wrettum,Kellyann,Q,Sr,1945-03-05,Ms,kwrettum1r@unc.edu,F,382-80-0585,SSN,LEG455580,W1,English,2015-03-05,,64
Joynes,Wilona,B,Sr,1945-03-06,Mrs,wjoynes1s@archive.org,F,526-48-4346,TIN,LEG944122,W1,Mandarin,2015-03-06,,65
Gardner,Nero,J,II,1945-03-07,Dr,ngardner1t@google.co.uk,M,275-97-7463,TIN,LEG570469,W2,Spanish,2015-03-07,,66
Crossdale,Bradford,A,Jr,1945-03-08,Mr,bcrossdale1u@weebly.com,M,553-14-7595,SSN,LEG371453,W4,Spanish,2015-03-08,,67
Benmore,Sanders,Z,II,1945-03-09,Ms,sbenmore1v@purevolume.com,F,476-12-1163,TIN,LEG175425,W2,Mandarin,2015-03-09,2026-03-09,68
Grishukhin,Netti,U,II,1945-03-10,Ms,ngrishukhin1w@abc.net.au,F,715-31-0719,SSN,LEG707798,W1,Spanish,2015-03-10,2026-03-10,69
Lisciardelli,Arliene,R,NA,1945-03-11,Mr,alisciardelli1x@feedburner.com,F,335-17-7126,SSN,LEG996900,W4,Spanish,2015-03-11,2026-03-11,70
Graddon,Dewitt,S,NA,1945-03-12,Mrs,dgraddon1y@craigslist.org,F,450-71-8728,TIN,LEG080708,W1,Spanish,2015-03-12,,71
Inch,Myer,Z,NA,1945-03-13,Ms,minch1z@edublogs.org,M,701-95-6570,TIN,LEG717905,W1,Spanish,2015-03-13,,72
Halligan,Randy,N,Jr,1945-03-14,Mrs,rhalligan20@disqus.com,F,780-52-8449,TIN,LEG555074,W2,English,2015-03-14,,73
Dodsley,Whitman,K,Sr,1945-03-15,Mrs,wdodsley21@who.int,M,259-04-8117,SSN,LEG776718,W1,Mandarin,2015-03-15,,74
Forestall,Sergio,Z,II,1945-03-16,Dr,sforestall22@blogtalkradio.com,F,241-24-3304,SSN,LEG836421,W2,Mandarin,2015-03-16,,75
Cearley,Larissa,J,NA,1945-03-17,Ms,lcearley23@unblog.fr,F,801-09-4307,SSN,LEG205290,W1,Spanish,2015-03-17,,76
Rawsthorn,Elysia,D,III,1945-03-18,Ms,erawsthorn24@rediff.com,F,100-52-5809,TIN,LEG424968,W2,English,2015-03-18,,77
Grunnell,Den,J,Jr,1945-03-19,Mrs,dgrunnell25@infoseek.co.jp,F,782-36-0145,SSN,LEG306397,W1,Mandarin,2015-03-19,2026-03-19,78
Sandwich,Lise,T,Jr,1945-03-20,Ms,lsandwich26@gnu.org,M,815-89-5933,SSN,LEG073216,W4,Spanish,2015-03-20,2026-03-20,79
Jacklings,Ursa,S,III,1945-03-21,Mr,ujacklings27@freewebs.com,M,121-80-7355,TIN,LEG749748,W2,Spanish,2015-03-21,2026-03-21,80
Cantillon,Min,H,Sr,1945-03-22,Mr,mcantillon28@redcross.org,M,519-51-3795,SSN,LEG460583,W1,Spanish,2015-03-22,,81
Fitch,Ilaire,H,Sr,1945-03-23,Dr,ifitch29@ustream.tv,M,201-32-5657,SSN,LEG123239,W2,English,2015-03-23,,82
Easbie,Kevon,G,II,1945-03-24,Mr,keasbie2a@qq.com,M,337-41-7678,TIN,LEG427232,W4,Spanish,2015-03-24,,83
Tabrett,Grange,F,Jr,1945-03-25,Mr,gtabrett2b@independent.co.uk,F,561-95-4416,TIN,LEG411500,EX,English,2015-03-25,,84
Arbon,Ranna,V,NA,1945-03-26,Mrs,rarbon2c@yolasite.com,M,460-64-8622,TIN,LEG742360,W2,Spanish,2015-03-26,,85
Gabotti,Hayes,Y,III,1945-03-27,Ms,hgabotti2d@ovh.net,M,139-16-3490,SSN,LEG269113,W2,English,2015-03-27,,86
Wilding,Gabbey,X,NA,1945-03-28,Mrs,gwilding2e@bluehost.com,M,201-66-9952,TIN,LEG185104,W1,Mandarin,2015-03-28,,87
Kirstein,Salem,G,III,1945-03-29,Dr,skirstein2f@hubpages.com,M,782-19-8762,SSN,LEG458621,W1,Spanish,2015-03-29,2026-03-29,88
Clewett,Jannelle,M,NA,1945-03-30,Mrs,jclewett2g@sitemeter.com,M,641-37-5021,TIN,LEG648596,EX,Spanish,2015-03-30,2026-03-30,89
McCulley,Janina,P,Sr,1945-03-31,Ms,jmcculley2h@ihg.com,M,888-74-6771,SSN,LEG361014,W2,Mandarin,2015-03-31,2026-03-31,90
Pennino,Hanson,E,Sr,1945-04-01,Ms,hpennino2i@ucoz.com,F,191-17-8728,SSN,LEG710592,EX,English,2015-04-01,,91
Vink,Prissie,R,NA,1945-04-02,Mr,pvink2j@tuttocitta.it,F,712-15-7657,TIN,LEG765233,W1,Spanish,2015-04-02,,92
Rugieri,Marlie,R,III,1945-04-03,Dr,mrugieri2k@usnews.com,M,342-11-4030,TIN,LEG431946,W2,Mandarin,2015-04-03,,93
Billett,Lindy,D,Jr,1945-04-04,Dr,lbillett2l@nba.com,F,559-62-3460,TIN,LEG862844,W4,Spanish,2015-04-04,,94
Vince,Dorian,I,NA,1945-04-05,Ms,dvince2m@geocities.jp,M,648-71-9626,SSN,LEG403031,W2,Mandarin,2015-04-05,,95
Bowcock,Abigael,H,III,1945-04-06,Mrs,abowcock2n@joomla.org,F,618-99-8194,SSN,LEG948964,EX,Spanish,2015-04-06,,96
Bridgett,Austen,U,III,1945-04-07,Mr,abridgett2o@forbes.com,M,451-19-6791,TIN,LEG250966,W2,Spanish,2015-04-07,,97
Presdee,Rosemary,T,NA,1945-04-08,Dr,rpresdee2p@answers.com,F,310-52-0286,SSN,LEG677717,W4,Mandarin,2015-04-08,2026-04-08,98
Bilbery,Adham,S,NA,1945-04-09,Dr,abilbery2q@whitehouse.gov,M,442-82-4400,SSN,LEG563089,W1,Mandarin,2015-04-09,2026-04-09,99
Ewols,Basile,A,II,1945-04-10,Mr,bewols2r@craigslist.org,M,724-27-5629,TIN,LEG091106,W2,Mandarin,2015-04-10,2026-04-10,100
Kemmey,Nanine,Q,Jr,1945-04-11,Mr,nkemmey2s@kickstarter.com,F,398-99-6649,TIN,LEG004049,EX,Mandarin,2015-04-11,,101
Orrill,Carey,I,Sr,1945-04-12,Ms,corrill2t@freewebs.com,F,624-81-3895,TIN,LEG063970,W2,English,2015-04-12,,102
Briar,Glad,D,Sr,1945-04-13,Dr,gbriar2u@seesaa.net,M,242-27-5212,SSN,LEG790063,W2,Mandarin,2015-04-13,,103
Bordes,Lamond,H,III,1945-04-14,Mr,lbordes2v@skype.com,M,737-40-0715,TIN,LEG612878,W1,Spanish,2015-04-14,,104
Szymanski,Dory,Q,NA,1945-04-15,Mr,dszymanski2w@dagondesign.com,F,848-98-5937,SSN,LEG406111,W2,English,2015-04-15,,105
Atheis,Ray,D,Sr,1945-04-16,Ms,ratheis2x@geocities.com,M,868-21-6534,TIN,LEG186348,W4,English,2015-04-16,,106
Glavin,Giff,V,II,1945-04-17,Dr,gglavin2y@weibo.com,F,628-76-0181,TIN,LEG255100,W4,Spanish,2015-04-17,,107
Cotsford,Morgen,E,II,1945-04-18,Mrs,mcotsford2z@imdb.com,M,282-61-0695,TIN,LEG157037,W4,English,2015-04-18,2026-04-18,108
Kildahl,Virgie,R,II,1945-04-19,Mrs,vkildahl30@nature.com,F,689-71-8679,SSN,LEG071146,EX,Mandarin,2015-04-19,2026-04-19,109
Starrs,Aurore,Q,Jr,1945-04-20,Ms,astarrs31@angelfire.com,M,448-94-5588,TIN,LEG578993,EX,English,2015-04-20,2026-04-20,110
D'Hooghe,Wade,E,Sr,1945-04-21,Mr,wdhooghe32@mashable.com,M,233-38-1373,SSN,LEG133680,W4,English,2015-04-21,,111
Spores,Bendick,R,Jr,1945-04-22,Ms,bspores33@yelp.com,F,879-90-9242,SSN,LEG914708,W2,Spanish,2015-04-22,,112
Rootes,Mellie,Y,II,1945-04-23,Mr,mrootes34@de.vu,F,532-25-8628,SSN,LEG730082,W2,Spanish,2015-04-23,,113
Padwick,Shalom,W,Sr,1945-04-24,Mrs,spadwick35@stumbleupon.com,F,421-13-8084,SSN,LEG216410,W1,Spanish,2015-04-24,,114
Margarson,Andriana,J,Sr,1945-04-25,Mr,amargarson36@pagesperso-orange.fr,F,644-92-6180,SSN,LEG422228,W4,Spanish,2015-04-25,,115
Bohan,Edi,D,II,1945-04-26,Dr,ebohan37@wikia.com,F,156-73-9676,TIN,LEG733638,W4,Spanish,2015-04-26,,116
Clemendet,Erica,R,III,1945-04-27,Ms,eclemendet38@nationalgeographic.com,F,475-66-4131,TIN,LEG092656,W4,Mandarin,2015-04-27,,117
Patton,Karel,Q,III,1945-04-28,Ms,kpatton39@cbc.ca,F,445-48-1825,TIN,LEG786622,W4,Mandarin,2015-04-28,2026-04-28,118
Russo,Ermin,M,III,1945-04-29,Ms,erusso3a@google.ru,M,786-97-7090,TIN,LEG627047,W4,Mandarin,2015-04-29,2026-04-29,119
Aaron,Winonah,M,Jr,1945-04-30,Mr,waaron3b@naver.com,M,460-11-0928,TIN,LEG767143,W2,English,2015-04-30,2026-04-30,120
Lindwall,Jud,M,NA,1945-05-01,Mrs,jlindwall3c@histats.com,M,495-99-3380,SSN,LEG523685,W2,English,2015-05-01,,121
Doole,Michal,M,Jr,1945-05-02,Mr,mdoole3d@ihg.com,F,782-42-9514,SSN,LEG784175,W2,Mandarin,2015-05-02,,122
Broadwell,Peter,I,II,1945-05-03,Mr,pbroadwell3e@ox.ac.uk,F,753-48-7298,TIN,LEG279626,W2,Spanish,2015-05-03,,123
Benzies,Minda,G,Jr,1945-05-04,Mrs,mbenzies3f@spiegel.de,F,222-71-7469,TIN,LEG998311,W1,English,2015-05-04,,124
Fick,Ayn,A,III,1945-05-05,Dr,afick3g@amazon.co.uk,M,706-41-2847,TIN,LEG058102,W2,English,2015-05-05,,125
Clarridge,Sibyl,E,Sr,1945-05-06,Ms,sclarridge3h@wikia.com,F,541-71-9829,SSN,LEG486133,EX,Mandarin,2015-05-06,,126
Matijevic,Joey,O,Jr,1945-05-07,Ms,jmatijevic3i@issuu.com,F,556-09-7260,SSN,LEG065306,W4,English,2015-05-07,,127
Paladini,Viviene,R,III,1945-05-08,Ms,vpaladini3j@cloudflare.com,F,640-18-8815,SSN,LEG168166,W4,Spanish,2015-05-08,2026-05-08,128
Yakovlev,Nikola,W,NA,1945-05-09,Dr,nyakovlev3k@networkadvertising.org,M,719-63-7179,SSN,LEG712474,W4,Spanish,2015-05-09,2026-05-09,129
Tyre,Erminia,B,Jr,1945-05-10,Ms,etyre3l@t-online.de,M,431-05-3854,TIN,LEG692986,W4,Spanish,2015-05-10,2026-05-10,130
Kuschke,Tabitha,N,NA,1945-05-11,Mr,tkuschke3m@plala.or.jp,F,563-64-0227,TIN,LEG512177,W1,Spanish,2015-05-11,,131
Dewfall,Astrix,C,Jr,1945-05-12,Mr,adewfall3n@t-online.de,F,251-80-9501,TIN,LEG767679,EX,Mandarin,2015-05-12,,132
Shilston,Rozalie,Z,III,1945-05-13,Mrs,rshilston3o@google.ca,F,890-53-5462,SSN,LEG884234,EX,English,2015-05-13,,133
Josovich,Theo,K,III,1945-05-14,Ms,tjosovich3p@seattletimes.com,M,841-09-3879,SSN,LEG361262,W1,English,2015-05-14,,134
Harraway,Arne,G,Sr,1945-05-15,Mrs,aharraway3q@npr.org,M,802-07-5346,SSN,LEG610996,W4,Spanish,2015-05-15,,135
Basson,Evita,V,Jr,1945-05-16,Ms,ebasson3r@smh.com.au,F,629-05-4143,SSN,LEG343293,EX,Mandarin,2015-05-16,,136
Tutill,Dennison,T,Sr,1945-05-17,Dr,dtutill3s@hexun.com,M,193-03-8998,SSN,LEG436150,W2,Spanish,2015-05-17,,137
Hackey,Kiri,X,Jr,1945-05-18,Dr,khackey3t@nhs.uk,F,378-88-9606,TIN,LEG325473,W2,Mandarin,2015-05-18,2026-05-18,138
Cumberledge,Rosemaria,F,III,1945-05-19,Mr,rcumberledge3u@over-blog.com,F,281-65-7696,TIN,LEG031071,W4,Spanish,2015-05-19,2026-05-19,139
Pulver,Garald,V,NA,1945-05-20,Dr,gpulver3v@upenn.edu,M,796-76-8746,SSN,LEG080772,EX,Spanish,2015-05-20,2026-05-20,140
Connolly,Elbertina,S,NA,1945-05-21,Mrs,econnolly3w@bandcamp.com,F,115-40-8167,TIN,LEG943560,W4,Spanish,2015-05-21,,141
Ewols,Ham,L,Jr,1945-05-22,Mrs,hewols3x@latimes.com,M,610-30-1160,TIN,LEG778784,EX,Mandarin,2015-05-22,,142
Bernaldez,Berny,V,Sr,1945-05-23,Dr,bbernaldez3y@pagesperso-orange.fr,F,506-88-1943,SSN,LEG225569,W4,English,2015-05-23,,143
Vaudin,Nerty,G,Jr,1945-05-24,Mr,nvaudin3z@typepad.com,F,348-89-2597,SSN,LEG871408,W2,Mandarin,2015-05-24,,144
Kerry,Gustav,A,Sr,1945-05-25,Dr,gkerry40@devhub.com,F,346-18-5504,SSN,LEG079779,W4,Spanish,2015-05-25,,145
Schankel,Brennan,H,Jr,1945-05-26,Mr,bschankel41@cafepress.com,F,611-88-3416,SSN,LEG709191,W2,English,2015-05-26,,146
Scown,Jonah,Q,Sr,1945-05-27,Ms,jscown42@baidu.com,F,247-87-2078,SSN,LEG974591,EX,English,2015-05-27,,147
Merck,Nealy,M,Sr,1945-05-28,Mr,nmerck43@shop-pro.jp,M,260-15-3126,SSN,LEG295321,W4,English,2015-05-28,2026-05-28,148
Snoden,Ara,X,NA,1945-05-29,Ms,asnoden44@instagram.com,F,579-20-6231,SSN,LEG062891,W4,English,2015-05-29,2026-05-29,149
Peter,Ashla,F,NA,1945-05-30,Dr,apeter45@rediff.com,F,692-20-7053,SSN,LEG767916,W1,Mandarin,2015-05-30,2026-05-30,150
Blaksley,Shell,R,III,1945-05-31,Mr,sblaksley46@weebly.com,F,694-44-8828,TIN,LEG709176,W2,Mandarin,2015-05-31,,151
Belden,Glenda,S,Jr,1945-06-01,Mr,gbelden47@cdc.gov,M,438-74-9993,SSN,LEG989809,EX,Mandarin,2015-06-01,,152
Martins,Chadd,Q,Jr,1945-06-02,Dr,cmartins48@amazon.com,F,247-27-3289,TIN,LEG351804,W2,English,2015-06-02,,153
Rooke,Tisha,C,Sr,1945-06-03,Ms,trooke49@sitemeter.com,M,452-03-7573,TIN,LEG479390,W4,Spanish,2015-06-03,,154
Kirckman,Gerome,I,II,1945-06-04,Dr,gkirckman4a@technorati.com,M,222-42-6865,TIN,LEG298317,W4,Spanish,2015-06-04,,155
Berdale,Judy,Y,Jr,1945-06-05,Mr,jberdale4b@lycos.com,M,689-66-3554,TIN,LEG526533,W1,English,2015-06-05,,156
Hentzeler,Madelin,Y,Sr,1945-06-06,Dr,mhentzeler4c@angelfire.com,F,394-48-6881,TIN,LEG056840,W2,English,2015-06-06,,157
Ivimy,Crosby,U,III,1945-06-07,Dr,civimy4d@freewebs.com,F,751-29-5475,SSN,LEG635797,W2,Mandarin,2015-06-07,2026-06-07,158
Purse,Ulrike,T,NA,1945-06-08,Ms,upurse4e@jalbum.net,F,507-80-2746,TIN,LEG714769,W2,English,2015-06-08,2026-06-08,159
Dwyr,Padriac,R,Sr,1945-06-09,Mr,pdwyr4f@elpais.com,M,525-99-6339,TIN,LEG494256,W4,Spanish,2015-06-09,2026-06-09,160
Barth,Gearalt,Z,Sr,1945-06-10,Ms,gbarth4g@latimes.com,M,166-56-0457,SSN,LEG309789,W4,Spanish,2015-06-10,,161
Furbank,Stefa,M,III,1945-06-11,Dr,sfurbank4h@google.fr,F,416-04-7632,SSN,LEG239421,W1,Spanish,2015-06-11,,162
Amphlett,Alberta,U,NA,1945-06-12,Mr,aamphlett4i@mlb.com,M,799-21-2595,SSN,LEG580905,EX,English,2015-06-12,,163
Lardeur,Florrie,H,Sr,1945-06-13,Ms,flardeur4j@github.io,M,842-24-4058,SSN,LEG939144,W2,Spanish,2015-06-13,,164
Grunnill,Dacey,K,Sr,1945-06-14,Mrs,dgrunnill4k@toplist.cz,M,222-91-5085,TIN,LEG316265,W1,Spanish,2015-06-14,,165
Arens,Trixi,Q,Sr,1945-06-15,Mrs,tarens4l@seesaa.net,M,890-84-9233,SSN,LEG527955,W4,Spanish,2015-06-15,,166
Beinke,Junina,X,II,1945-06-16,Ms,jbeinke4m@disqus.com,F,836-06-2912,SSN,LEG947117,EX,Mandarin,2015-06-16,,167
Iannuzzi,Ana,V,Jr,1945-06-17,Mr,aiannuzzi4n@globo.com,M,483-59-5352,TIN,LEG199461,W1,Spanish,2015-06-17,2026-06-17,168
Jacks,Jeddy,U,NA,1945-06-18,Ms,jjacks4o@canalblog.com,M,587-05-2623,TIN,LEG272182,W2,Mandarin,2015-06-18,2026-06-18,169
Larkby,Margeaux,Q,II,1945-06-19,Mrs,mlarkby4p@booking.com,F,286-47-5016,TIN,LEG075878,W1,Spanish,2015-06-19,2026-06-19,170
Roache,Klemens,R,III,1945-06-20,Mr,kroache4q@usda.gov,M,694-05-0919,SSN,LEG662950,W2,Spanish,2015-06-20,,171
McVeigh,Lanny,A,Jr,1945-06-21,Ms,lmcveigh4r@biblegateway.com,M,334-70-6718,TIN,LEG248140,W1,Mandarin,2015-06-21,,172
Errol,Jeanie,L,NA,1945-06-22,Mrs,jerrol4s@vistaprint.com,M,795-16-6723,TIN,LEG771025,W1,Mandarin,2015-06-22,,173
Forson,Kriste,F,III,1945-06-23,Mr,kforson4t@hubpages.com,M,581-95-8121,SSN,LEG335956,EX,English,2015-06-23,,174
Boorer,Elle,H,Sr,1945-06-24,Mrs,eboorer4u@un.org,F,475-33-9306,SSN,LEG512443,EX,English,2015-06-24,,175
Calbaithe,Eugene,Y,NA,1945-06-25,Dr,ecalbaithe4v@wsj.com,F,701-47-1373,TIN,LEG712171,W2,English,2015-06-25,,176
Tourville,Constantino,N,NA,1945-06-26,Mr,ctourville4w@xrea.com,F,846-63-6665,TIN,LEG944741,W2,English,2015-06-26,,177
Walak,Wilona,I,NA,1945-06-27,Ms,wwalak4x@instagram.com,F,412-19-8404,SSN,LEG860500,EX,Spanish,2015-06-27,2026-06-27,178
Cometto,Tripp,G,Sr,1945-06-28,Mr,tcometto4y@dyndns.org,F,592-09-3663,SSN,LEG686154,EX,Spanish,2015-06-28,2026-06-28,179
Matteacci,Rourke,E,Sr,1945-06-29,Ms,rmatteacci4z@nymag.com,F,158-38-6577,TIN,LEG950770,W2,English,2015-06-29,2026-06-29,180
Dubarry,Tabby,I,NA,1945-06-30,Dr,tdubarry50@skyrock.com,F,428-26-0116,TIN,LEG077969,W2,English,2015-06-30,,181
Hegges,Dale,D,Jr,1945-07-01,Ms,dhegges51@so-net.ne.jp,M,449-88-8810,SSN,LEG275769,W4,English,2015-07-01,,182
Waiton,Trstram,V,NA,1945-07-02,Mr,twaiton52@parallels.com,F,832-60-1053,SSN,LEG626082,W4,Mandarin,2015-07-02,,183
Nowill,Annnora,D,III,1945-07-03,Mr,anowill53@seattletimes.com,M,314-48-1764,TIN,LEG757269,W4,English,2015-07-03,,184
Stern,Jamesy,U,NA,1945-07-04,Mr,jstern54@feedburner.com,M,491-43-8257,SSN,LEG002861,W2,Mandarin,2015-07-04,,185
McHale,Heath,M,III,1945-07-05,Mrs,hmchale55@ning.com,F,548-04-8731,TIN,LEG595786,EX,Mandarin,2015-07-05,,186
Hellyar,Nara,I,Sr,1945-07-06,Mr,nhellyar56@ca.gov,F,456-51-9103,TIN,LEG849327,W1,English,2015-07-06,,187
Lusher,Kelila,N,NA,1945-07-07,Dr,klusher57@gizmodo.com,M,362-73-8004,TIN,LEG946422,EX,Spanish,2015-07-07,2026-07-07,188
Marple,Putnem,I,II,1945-07-08,Ms,pmarple58@marketwatch.com,M,418-55-9864,SSN,LEG016885,W2,Mandarin,2015-07-08,2026-07-08,189
Rudolph,Rozina,A,NA,1945-07-09,Mr,rrudolph59@telegraph.co.uk,F,794-77-3011,SSN,LEG933318,W1,English,2015-07-09,2026-07-09,190
Savine,Aleda,G,II,1945-07-10,Mr,asavine5a@msn.com,M,222-09-8133,TIN,LEG882486,W1,Mandarin,2015-07-10,,191
Henrionot,Auberon,Y,III,1945-07-11,Ms,ahenrionot5b@tamu.edu,F,776-82-3590,TIN,LEG103286,W4,Spanish,2015-07-11,,192
Sneden,Gabriella,W,NA,1945-07-12,Mr,gsneden5c@google.fr,F,766-01-7095,TIN,LEG594858,W1,English,2015-07-12,,193
Spellessy,Birch,P,III,1945-07-13,Dr,bspellessy5d@eventbrite.com,M,512-17-1871,SSN,LEG170798,W4,English,2015-07-13,,194
Eliyahu,Harbert,F,Jr,1945-07-14,Mrs,heliyahu5e@cmu.edu,F,478-10-4058,SSN,LEG361038,W1,Mandarin,2015-07-14,,195
Petrasch,Therine,P,II,1945-07-15,Mr,tpetrasch5f@sbwire.com,F,693-93-2444,TIN,LEG002356,W4,English,2015-07-15,,196
Commuzzo,Israel,O,Jr,1945-07-16,Mrs,icommuzzo5g@myspace.com,M,132-50-9198,SSN,LEG195470,W2,Spanish,2015-07-16,,197
Korbmaker,Sydney,I,NA,1945-07-17,Mr,skorbmaker5h@myspace.com,M,361-30-8286,SSN,LEG425045,W4,English,2015-07-17,2026-07-17,198
Ausiello,Tana,U,NA,1945-07-18,Dr,tausiello5i@joomla.org,M,434-83-9172,TIN,LEG889443,W2,Mandarin,2015-07-18,2026-07-18,199
Bierman,Minnaminnie,D,Sr,1945-07-19,Mrs,mbierman5j@apache.org,F,312-12-4590,TIN,LEG750211,W1,English,2015-07-19,2026-07-19,200
Fullegar,Fletcher,F,II,1945-07-20,Mrs,ffullegar5k@uol.com.br,F,123-27-2185,TIN,LEG698152,W1,English,2015-07-20,,201
Androlli,Belinda,Y,II,1945-07-21,Dr,bandrolli5l@ezinearticles.com,M,592-95-3463,SSN,LEG970716,EX,English,2015-07-21,,202
Leile,Glynda,P,II,1945-07-22,Mrs,gleile5m@miitbeian.gov.cn,M,873-48-3988,SSN,LEG659961,W2,English,2015-07-22,,203
Skittle,Heindrick,J,NA,1945-07-23,Mrs,hskittle5n@ebay.com,F,716-50-9133,SSN,LEG702772,W2,Spanish,2015-07-23,,204
Dalrymple,Jilli,P,III,1945-07-24,Mr,jdalrymple5o@cpanel.net,M,699-15-6533,TIN,LEG110493,EX,Spanish,2015-07-24,,205
Stellman,Edvard,Q,NA,1945-07-25,Dr,estellman5p@shinystat.com,M,545-69-0374,TIN,LEG277950,W1,English,2015-07-25,,206
Hutchens,Levey,D,Sr,1945-07-26,Ms,lhutchens5q@kickstarter.com,F,755-37-7426,SSN,LEG855947,W4,Mandarin,2015-07-26,,207
Bauman,Farah,E,II,1945-07-27,Mrs,fbauman5r@webmd.com,F,831-26-3056,TIN,LEG771163,EX,Spanish,2015-07-27,2026-07-27,208
Orritt,Nell,W,III,1945-07-28,Ms,norritt5s@dagondesign.com,M,854-40-6935,SSN,LEG778207,W1,English,2015-07-28,2026-07-28,209
Hanburry,Ally,Q,Jr,1945-07-29,Ms,ahanburry5t@berkeley.edu,M,554-12-9679,TIN,LEG625611,EX,Spanish,2015-07-29,2026-07-29,210
Atcherley,Audry,T,III,1945-07-30,Mrs,aatcherley5u@examiner.com,M,304-08-7219,TIN,LEG476814,W4,English,2015-07-30,,211
Shields,Irvin,T,Jr,1945-07-31,Ms,ishields5v@mozilla.org,M,317-96-0143,TIN,LEG066313,W1,Mandarin,2015-07-31,,212
Merrett,Orelie,D,Sr,1945-08-01,Dr,omerrett5w@w3.org,M,514-19-8613,SSN,LEG004440,W4,Mandarin,2015-08-01,,213
Huortic,Brooks,O,NA,1945-08-02,Ms,bhuortic5x@newsvine.com,F,454-79-2770,SSN,LEG097574,W2,English,2015-08-02,,214
Kellart,Celle,X,III,1945-08-03,Ms,ckellart5y@theguardian.com,F,235-15-4476,TIN,LEG178680,W2,English,2015-08-03,,215
Sarchwell,Cosette,K,NA,1945-08-04,Mr,csarchwell5z@soundcloud.com,F,219-37-4064,TIN,LEG243356,W1,Spanish,2015-08-04,,216
Pitsall,Lura,H,Sr,1945-08-05,Mr,lpitsall60@kickstarter.com,F,738-46-2660,SSN,LEG846430,W2,English,2015-08-05,,217
Sturgeon,Tildi,N,II,1945-08-06,Mrs,tsturgeon61@furl.net,M,135-01-3564,TIN,LEG262464,W2,Mandarin,2015-08-06,2026-08-06,218
Burkin,Babette,M,Sr,1945-08-07,Ms,bburkin62@mysql.com,M,765-41-2818,TIN,LEG028190,W1,Spanish,2015-08-07,2026-08-07,219
Waddicor,Anitra,P,NA,1945-08-08,Mr,awaddicor63@elegantthemes.com,M,142-10-7356,TIN,LEG750894,W2,Spanish,2015-08-08,2026-08-08,220
Renyard,Odey,V,III,1945-08-09,Ms,orenyard64@un.org,F,770-28-3122,SSN,LEG875023,W2,Spanish,2015-08-09,,221
Knowler,Lance,X,NA,1945-08-10,Mr,lknowler65@opera.com,F,138-74-1216,TIN,LEG960407,W2,Mandarin,2015-08-10,,222
Ishchenko,Arv,F,II,1945-08-11,Mrs,aishchenko66@tripod.com,F,604-34-2272,TIN,LEG723171,W4,Mandarin,2015-08-11,,223
Tumilson,Timothy,S,Jr,1945-08-12,Dr,ttumilson67@marketwatch.com,M,226-97-4695,TIN,LEG276980,EX,Mandarin,2015-08-12,,224
Wilshire,Maggy,W,Jr,1945-08-13,Mr,mwilshire68@aol.com,M,877-39-0858,SSN,LEG478004,W4,Mandarin,2015-08-13,,225
Tomich,Lorri,P,II,1945-08-14,Ms,ltomich69@toplist.cz,F,639-42-8522,TIN,LEG490600,W4,Mandarin,2015-08-14,,226
Haensel,Cass,I,Jr,1945-08-15,Dr,chaensel6a@earthlink.net,F,220-92-0238,SSN,LEG557483,W4,Spanish,2015-08-15,,227
Jenk,Effie,K,Jr,1945-08-16,Ms,ejenk6b@unesco.org,F,339-85-7130,TIN,LEG263419,W2,Spanish,2015-08-16,2026-08-16,228
Smedmoor,Lesley,K,NA,1945-08-17,Mr,lsmedmoor6c@sciencedaily.com,F,259-13-3190,TIN,LEG330001,W4,Mandarin,2015-08-17,2026-08-17,229
Rubra,Tamarah,P,II,1945-08-18,Ms,trubra6d@apple.com,F,364-86-1926,SSN,LEG083668,W4,Mandarin,2015-08-18,2026-08-18,230
Endacott,Ileane,S,Sr,1945-08-19,Dr,iendacott6e@godaddy.com,M,467-20-9615,SSN,LEG788751,W1,English,2015-08-19,,231
MacTrustey,Flori,F,III,1945-08-20,Mr,fmactrustey6f@auda.org.au,M,476-05-7466,SSN,LEG027080,W2,Mandarin,2015-08-20,,232
Fawcus,Lemmy,E,II,1945-08-21,Mr,lfawcus6g@goo.gl,F,593-54-8865,TIN,LEG699148,W4,Spanish,2015-08-21,,233
Durward,Lind,X,II,1945-08-22,Ms,ldurward6h@wp.com,F,362-64-4718,SSN,LEG165090,EX,English,2015-08-22,,234
Ridding,Monti,B,NA,1945-08-23,Mr,mridding6i@github.com,M,601-57-1661,SSN,LEG454532,W4,Mandarin,2015-08-23,,235
Bulfield,Ardisj,P,II,1945-08-24,Mrs,abulfield6j@washingtonpost.com,F,457-24-7899,TIN,LEG440003,EX,English,2015-08-24,,236
Fishpoole,Rhianon,W,Jr,1945-08-25,Mrs,rfishpoole6k@sina.com.cn,F,574-58-6202,SSN,LEG762939,EX,Mandarin,2015-08-25,,237
Beyn,Ferne,Z,III,1945-08-26,Ms,fbeyn6l@github.com,F,863-93-0540,SSN,LEG717511,W4,English,2015-08-26,2026-08-26,238
Darree,Tersina,S,Sr,1945-08-27,Mr,tdarree6m@ow.ly,M,160-68-1133,SSN,LEG700007,EX,English,2015-08-27,2026-08-27,239
Defew,Larina,N,II,1945-08-28,Ms,ldefew6n@freewebs.com,M,318-14-9283,TIN,LEG535424,W1,Mandarin,2015-08-28,2026-08-28,240
Tolley,Selinda,W,NA,1945-08-29,Mrs,stolley6o@spiegel.de,M,834-92-9265,TIN,LEG783804,W4,Mandarin,2015-08-29,,241
Todaro,Trever,Y,Sr,1945-08-30,Dr,ttodaro6p@reverbnation.com,M,699-63-5384,SSN,LEG035401,W2,Spanish,2015-08-30,,242
Abramzon,Shani,Z,Sr,1945-08-31,Ms,sabramzon6q@pbs.org,M,368-71-5824,TIN,LEG033159,W1,English,2015-08-31,,243
De Roos,Dominique,F,II,1945-09-01,Mrs,dderoos6r@army.mil,F,838-34-4780,SSN,LEG156147,W4,English,2015-09-01,,244
Pound,Rocky,I,II,1945-09-02,Ms,rpound6s@census.gov,F,577-55-2541,SSN,LEG619148,W4,English,2015-09-02,,245
Kedslie,Maryrose,D,II,1945-09-03,Dr,mkedslie6t@usnews.com,F,160-17-9324,TIN,LEG394449,W4,Spanish,2015-09-03,,246
Christofe,Helenelizabeth,J,Sr,1945-09-04,Mr,hchristofe6u@va.gov,F,181-39-4075,SSN,LEG908738,W2,Mandarin,2015-09-04,,247
Tyreman,Bucky,G,Jr,1945-09-05,Ms,btyreman6v@seattletimes.com,F,365-63-1779,TIN,LEG125846,W1,Mandarin,2015-09-05,2026-09-05,248
Boick,Aylmar,F,Sr,1945-09-06,Ms,aboick6w@so-net.ne.jp,F,670-02-1870,SSN,LEG100921,W4,English,2015-09-06,2026-09-06,249
Langhorne,Pail,K,III,1945-09-07,Ms,planghorne6x@newsvine.com,F,876-29-4521,SSN,LEG517797,W4,Mandarin,2015-09-07,2026-09-07,250
Botte,Vasili,T,II,1945-09-08,Mrs,vbotte6y@columbia.edu,F,196-71-6767,TIN,LEG634426,W2,Spanish,2015-09-08,,251
Alessandrini,Brose,E,Sr,1945-09-09,Dr,balessandrini6z@microsoft.com,F,806-66-5955,SSN,LEG702758,W4,Spanish,2015-09-09,,252
Lumby,Roderich,J,III,1945-09-10,Ms,rlumby70@dyndns.org,M,428-05-7717,SSN,LEG061809,W1,Mandarin,2015-09-10,,253
Greeson,Tomas,B,Jr,1945-09-11,Mrs,tgreeson71@com.com,M,395-66-5701,SSN,LEG084878,W4,Mandarin,2015-09-11,,254
Croley,Edlin,H,II,1945-09-12,Ms,ecroley72@last.fm,M,675-22-2354,SSN,LEG209053,W1,Spanish,2015-09-12,,255
Hamblen,Katherine,Q,III,1945-09-13,Mrs,khamblen73@addthis.com,M,790-09-8954,TIN,LEG739923,EX,Spanish,2015-09-13,,256
Mordin,Somerset,X,Jr,1945-09-14,Ms,smordin74@cnn.com,F,409-77-6184,SSN,LEG902430,W4,English,2015-09-14,,257
LLelweln,Myrwyn,E,Sr,1945-09-15,Mrs,mllelweln75@desdev.cn,F,794-89-4304,SSN,LEG388017,W4,Mandarin,2015-09-15,2026-09-15,258
Dwelley,Emile,H,Jr,1945-09-16,Mrs,edwelley76@chronoengine.com,F,315-10-1228,TIN,LEG724134,W2,Spanish,2015-09-16,2026-09-16,259
Downe,Drugi,R,III,1945-09-17,Ms,ddowne77@mashable.com,F,770-72-6140,SSN,LEG770229,W2,English,2015-09-17,2026-09-17,260
Bercher,York,P,Sr,1945-09-18,Mr,ybercher78@mtv.com,M,263-75-2883,TIN,LEG724258,W1,Mandarin,2015-09-18,,261
Pickton,Kare,M,Jr,1945-09-19,Ms,kpickton79@networksolutions.com,M,621-95-6696,SSN,LEG869418,W2,Spanish,2015-09-19,,262
MacKissack,Alexandrina,Y,Jr,1945-09-20,Mr,amackissack7a@sohu.com,F,816-94-8091,SSN,LEG977653,EX,Spanish,2015-09-20,,263
Paolotto,Glenn,E,NA,1945-09-21,Dr,gpaolotto7b@slideshare.net,F,309-21-3474,TIN,LEG258104,W4,Spanish,2015-09-21,,264
Giovanardi,Mick,G,Sr,1945-09-22,Mrs,mgiovanardi7c@mysql.com,M,833-88-5508,TIN,LEG899962,EX,Mandarin,2015-09-22,,265
Casillas,Renate,D,NA,1945-09-23,Mrs,rcasillas7d@google.it,F,890-46-3931,SSN,LEG498704,W2,Spanish,2015-09-23,,266
Addison,Berny,L,II,1945-09-24,Ms,baddison7e@europa.eu,F,439-27-0134,SSN,LEG366065,EX,Mandarin,2015-09-24,,267
McMeanma,Hyacintha,A,Sr,1945-09-25,Dr,hmcmeanma7f@4shared.com,M,712-72-2628,TIN,LEG690982,W1,Mandarin,2015-09-25,2026-09-25,268
Berkowitz,Spense,Z,NA,1945-09-26,Ms,sberkowitz7g@fda.gov,M,619-63-0051,TIN,LEG565615,W4,Spanish,2015-09-26,2026-09-26,269
Zelley,Piper,Q,Jr,1945-09-27,Mr,pzelley7h@webnode.com,M,765-71-5081,SSN,LEG992306,W4,Spanish,2015-09-27,2026-09-27,270
Waterson,Sandor,P,Jr,1945-09-28,Mr,swaterson7i@cisco.com,M,650-02-1702,SSN,LEG871431,W1,Spanish,2015-09-28,,271
Kassel,Kara-lynn,S,II,1945-09-29,Dr,kkassel7j@seattletimes.com,M,659-69-9585,TIN,LEG551402,W2,Mandarin,2015-09-29,,272
Branch,Andonis,L,Jr,1945-09-30,Ms,abranch7k@rediff.com,F,127-03-8665,TIN,LEG598222,W1,Spanish,2015-09-30,,273
Draaisma,Egor,T,NA,1945-10-01,Mr,edraaisma7l@rediff.com,M,695-39-2271,SSN,LEG673098,W2,Spanish,2015-10-01,,274
Banville,Shalne,B,II,1945-10-02,Mrs,sbanville7m@shareasale.com,M,497-39-4808,TIN,LEG799458,W1,Mandarin,2015-10-02,,275
Ullyatt,Roch,P,II,1945-10-03,Mr,rullyatt7n@digg.com,F,334-98-9827,SSN,LEG422223,W1,Spanish,2015-10-03,,276
Cattellion,Pablo,Z,NA,1945-10-04,Dr,pcattellion7o@usa.gov,M,622-81-7396,SSN,LEG557097,W4,Mandarin,2015-10-04,,277
Beeston,Leeanne,X,NA,1945-10-05,Dr,lbeeston7p@si.edu,F,540-97-2699,TIN,LEG543196,W4,Mandarin,2015-10-05,2026-10-05,278
Thwaites,Tod,F,NA,1945-10-06,Mrs,tthwaites7q@ucsd.edu,F,892-87-7467,TIN,LEG093197,EX,English,2015-10-06,2026-10-06,279
Downham,Louisette,V,Jr,1945-10-07,Dr,ldownham7r@squidoo.com,M,568-53-6232,SSN,LEG606840,W4,English,2015-10-07,2026-10-07,280
Handmore,Ambur,Q,Sr,1945-10-08,Mrs,ahandmore7s@vinaora.com,M,605-18-5725,TIN,LEG037473,EX,Mandarin,2015-10-08,,281
Nisco,Lari,C,Sr,1945-10-09,Ms,lnisco7t@technorati.com,F,501-82-1951,TIN,LEG650740,W2,Spanish,2015-10-09,,282
MacKenzie,Lambert,N,Jr,1945-10-10,Ms,lmackenzie7u@opera.com,M,223-97-9797,SSN,LEG512694,W1,Spanish,2015-10-10,,283
Lamasna,Warner,X,III,1945-10-11,Ms,wlamasna7v@princeton.edu,F,578-87-6723,TIN,LEG040085,W4,Spanish,2015-10-11,,284
Looker,Gabie,D,Jr,1945-10-12,Mrs,glooker7w@un.org,M,187-67-9165,SSN,LEG140572,W4,Spanish,2015-10-12,,285
Stansbie,Trace,V,III,1945-10-13,Dr,tstansbie7x@google.com.au,F,797-79-8106,TIN,LEG429579,W4,Mandarin,2015-10-13,,286
Taggert,Debbi,G,III,1945-10-14,Dr,dtaggert7y@vkontakte.ru,M,508-29-9814,SSN,LEG815388,W4,Spanish,2015-10-14,,287
Copner,Kinny,T,NA,1945-10-15,Ms,kcopner7z@dmoz.org,F,740-66-0540,TIN,LEG689303,EX,Spanish,2015-10-15,2026-10-15,288
Elphinston,Park,F,III,1945-10-16,Ms,pelphinston80@unesco.org,M,217-87-7587,SSN,LEG527526,EX,English,2015-10-16,2026-10-16,289
Pettie,Iorgos,O,III,1945-10-17,Dr,ipettie81@alibaba.com,F,759-62-0734,SSN,LEG985193,W4,Mandarin,2015-10-17,2026-10-17,290
Pittson,Hamlen,S,III,1945-10-18,Mrs,hpittson82@europa.eu,F,280-57-6879,TIN,LEG559282,W4,Spanish,2015-10-18,,291
O'Brallaghan,Lanie,V,Sr,1945-10-19,Mr,lobrallaghan83@dell.com,F,667-54-5181,SSN,LEG535559,W1,Spanish,2015-10-19,,292
Ughi,Maximilianus,M,Jr,1945-10-20,Dr,mughi84@elegantthemes.com,F,788-66-8500,SSN,LEG183990,W1,Mandarin,2015-10-20,,293
Trevers,Lexie,K,Jr,1945-10-21,Dr,ltrevers85@godaddy.com,M,466-03-3157,SSN,LEG364002,W1,Mandarin,2015-10-21,,294
Henfre,Micky,O,III,1945-10-22,Mrs,mhenfre86@omniture.com,F,772-12-0766,TIN,LEG146659,W1,Mandarin,2015-10-22,,295
Smaling,Tiler,H,III,1945-10-23,Dr,tsmaling87@nifty.com,F,464-93-7783,TIN,LEG996983,EX,Spanish,2015-10-23,,296
McKenney,Emelen,H,II,1945-10-24,Dr,emckenney88@usgs.gov,F,158-27-4104,SSN,LEG639102,W4,Spanish,2015-10-24,,297
Pilbeam,Malissia,Y,NA,1945-10-25,Mrs,mpilbeam89@webs.com,F,682-27-1488,SSN,LEG742844,W4,English,2015-10-25,2026-10-25,298
Signori,Kylila,V,NA,1945-10-26,Ms,ksignori8a@mit.edu,F,250-34-7657,TIN,LEG248244,EX,Spanish,2015-10-26,2026-10-26,299
Mackelworth,Donielle,B,Jr,1945-10-27,Mrs,dmackelworth8b@bigcartel.com,M,232-87-4159,SSN,LEG715644,W1,English,2015-10-27,2026-10-27,300
Bassham,Tonia,M,Jr,1945-10-28,Ms,tbassham8c@usnews.com,M,181-44-9162,TIN,LEG079015,W1,Spanish,2015-10-28,,301
Middleditch,Yehudi,H,III,1945-10-29,Ms,ymiddleditch8d@ucoz.com,F,316-48-7425,SSN,LEG242756,W2,English,2015-10-29,,302
Manolov,Malorie,O,Jr,1945-10-30,Mr,mmanolov8e@storify.com,F,128-66-9202,TIN,LEG376515,W1,Spanish,2015-10-30,,303
Bramford,Cherida,R,II,1945-10-31,Mrs,cbramford8f@fc2.com,F,415-72-5025,SSN,LEG465247,W4,Mandarin,2015-10-31,,304
Allix,Langsdon,X,II,1945-11-01,Dr,lallix8g@biblegateway.com,M,245-75-2531,TIN,LEG720841,W4,Mandarin,2015-11-01,,305
La Grange,Germana,K,Sr,1945-11-02,Ms,glagrange8h@indiatimes.com,F,480-69-3012,TIN,LEG307538,EX,Spanish,2015-11-02,,306
Halversen,Trever,K,Sr,1945-11-03,Dr,thalversen8i@mac.com,M,297-64-4731,TIN,LEG105064,W2,Mandarin,2015-11-03,,307
Brocklesby,Gayle,K,II,1945-11-04,Ms,gbrocklesby8j@google.nl,F,480-51-6399,TIN,LEG733769,W4,Spanish,2015-11-04,2026-11-04,308
Deniset,Sarina,Z,III,1945-11-05,Ms,sdeniset8k@multiply.com,M,663-12-3310,SSN,LEG243795,W1,English,2015-11-05,2026-11-05,309
Wyrill,Holmes,B,II,1945-11-06,Dr,hwyrill8l@samsung.com,F,601-86-3676,SSN,LEG509949,EX,English,2015-11-06,2026-11-06,310
Geeson,Richy,L,Sr,1945-11-07,Mrs,rgeeson8m@wufoo.com,M,203-16-2937,TIN,LEG667989,W1,English,2015-11-07,,311
McKernon,Euphemia,Q,II,1945-11-08,Mrs,emckernon8n@yelp.com,F,403-07-3934,SSN,LEG065691,W2,Mandarin,2015-11-08,,312
Hacksby,Glynn,M,III,1945-11-09,Mrs,ghacksby8o@globo.com,F,827-56-6705,SSN,LEG696346,W2,English,2015-11-09,,313
Showell,Jules,G,Sr,1945-11-10,Mrs,jshowell8p@google.co.jp,F,145-51-5280,SSN,LEG442128,W2,Mandarin,2015-11-10,,314
De La Cote,Greer,B,III,1945-11-11,Dr,gdelacote8q@github.io,F,178-13-5762,SSN,LEG888943,W4,Spanish,2015-11-11,,315
Baldack,Catrina,X,Jr,1945-11-12,Dr,cbaldack8r@vistaprint.com,F,184-38-3428,SSN,LEG773643,W4,English,2015-11-12,,316
Sivyour,Ainsley,Q,Jr,1945-11-13,Dr,asivyour8s@pcworld.com,F,232-12-8676,TIN,LEG129423,W4,English,2015-11-13,,317
Ainger,Dorelle,M,Jr,1945-11-14,Ms,dainger8t@lycos.com,F,778-88-9486,SSN,LEG778298,W1,Mandarin,2015-11-14,2026-11-14,318
Stockall,Meyer,L,Sr,1945-11-15,Mrs,mstockall8u@sogou.com,M,488-35-0088,SSN,LEG574360,W4,English,2015-11-15,2026-11-15,319
Ringwood,Alicea,G,Jr,1945-11-16,Dr,aringwood8v@cbslocal.com,M,439-78-1060,SSN,LEG705207,W1,Spanish,2015-11-16,2026-11-16,320
Choak,Muffin,J,Jr,1945-11-17,Mr,mchoak8w@spiegel.de,F,785-50-3929,SSN,LEG152088,EX,Spanish,2015-11-17,,321
Idle,Benyamin,J,NA,1945-11-18,Mrs,bidle8x@tumblr.com,M,896-21-6591,TIN,LEG027091,W4,Mandarin,2015-11-18,,322
Maasz,Maggie,V,Sr,1945-11-19,Mr,mmaasz8y@sohu.com,M,388-50-1535,SSN,LEG632984,W2,Mandarin,2015-11-19,,323
Marrion,Alleyn,C,Sr,1945-11-20,Ms,amarrion8z@latimes.com,M,756-60-0104,SSN,LEG382557,W2,Spanish,2015-11-20,,324
Feast,Efren,Z,III,1945-11-21,Dr,efeast90@virginia.edu,M,391-73-0863,TIN,LEG404269,EX,English,2015-11-21,,325
Mosedale,Shandee,E,NA,1945-11-22,Dr,smosedale91@friendfeed.com,M,639-75-3802,TIN,LEG612841,W1,Mandarin,2015-11-22,,326
Haslock(e),Emmalyn,A,Sr,1945-11-23,Mr,ehaslocke92@bloomberg.com,F,286-69-0836,SSN,LEG627586,W2,Spanish,2015-11-23,,327
de Clerk,Bertha,I,III,1945-11-24,Dr,bdeclerk93@microsoft.com,M,362-72-0017,SSN,LEG491749,W4,English,2015-11-24,2026-11-24,328
Berrigan,Denis,U,II,1945-11-25,Dr,dberrigan94@myspace.com,M,363-74-1506,TIN,LEG985445,W1,English,2015-11-25,2026-11-25,329
Banthorpe,Boycie,G,NA,1945-11-26,Ms,bbanthorpe95@hubpages.com,M,461-64-9146,TIN,LEG624221,W4,Mandarin,2015-11-26,2026-11-26,330
Tewkesberrie,Lev,O,Sr,1945-11-27,Mrs,ltewkesberrie96@mac.com,M,888-73-6127,TIN,LEG041069,W4,Mandarin,2015-11-27,,331
Camelin,Brew,E,II,1945-11-28,Mrs,bcamelin97@biblegateway.com,F,532-99-0324,TIN,LEG942565,W1,English,2015-11-28,,332
Parrott,Benny,K,III,1945-11-29,Mrs,bparrott98@blog.com,F,476-59-1860,SSN,LEG882323,EX,Mandarin,2015-11-29,,333
Denyagin,Minnnie,H,II,1945-11-30,Mr,mdenyagin99@army.mil,F,239-77-2745,TIN,LEG952954,W1,Mandarin,2015-11-30,,334
Cleere,Christoper,O,II,1945-12-01,Mr,ccleere9a@newsvine.com,F,797-37-5775,TIN,LEG286544,W1,Mandarin,2015-12-01,,335
McKiddin,Winthrop,Q,Sr,1945-12-02,Mrs,wmckiddin9b@yahoo.co.jp,F,589-06-0949,TIN,LEG568564,W4,Mandarin,2015-12-02,,336
Hatfull,Peria,L,Jr,1945-12-03,Ms,phatfull9c@comsenz.com,F,353-64-4320,SSN,LEG299811,W1,English,2015-12-03,,337
Saill,Beltran,F,III,1945-12-04,Mr,bsaill9d@kickstarter.com,M,720-33-9110,SSN,LEG299059,W4,English,2015-12-04,2026-12-04,338
Van Eeden,Davie,E,III,1945-12-05,Ms,dvaneeden9e@google.nl,F,884-80-3026,TIN,LEG870989,W1,Mandarin,2015-12-05,2026-12-05,339
Andrivel,Chere,G,II,1945-12-06,Dr,candrivel9f@yelp.com,F,621-33-2103,SSN,LEG622323,W2,English,2015-12-06,2026-12-06,340
Lampbrecht,Willetta,G,Sr,1945-12-07,Mr,wlampbrecht9g@slashdot.org,F,129-58-6834,SSN,LEG687273,W4,Mandarin,2015-12-07,,341
Stanier,Julietta,C,NA,1945-12-08,Ms,jstanier9h@statcounter.com,M,717-45-7949,SSN,LEG364794,W4,Mandarin,2015-12-08,,342
Flaonier,Halsey,U,Jr,1945-12-09,Dr,hflaonier9i@stumbleupon.com,F,624-41-9056,TIN,LEG307608,W4,English,2015-12-09,,343
Geistmann,Melissa,K,NA,1945-12-10,Ms,mgeistmann9j@blogger.com,F,198-39-5735,SSN,LEG168931,W2,English,2015-12-10,,344
Rockall,Lynne,F,Jr,1945-12-11,Dr,lrockall9k@jiathis.com,F,316-81-7604,SSN,LEG378858,W2,Spanish,2015-12-11,,345
Kinnen,Lon,H,NA,1945-12-12,Mr,lkinnen9l@mlb.com,M,130-93-0574,SSN,LEG566543,EX,English,2015-12-12,,346
Rosenau,Boote,F,III,1945-12-13,Ms,brosenau9m@tinyurl.com,F,897-82-1226,SSN,LEG369020,W2,Mandarin,2015-12-13,,347
Heam,Herold,W,Sr,1945-12-14,Mr,hheam9n@time.com,M,484-32-6980,SSN,LEG345919,W4,Mandarin,2015-12-14,2026-12-14,348
Rendell,Jaye,G,NA,1945-12-15,Mrs,jrendell9o@zdnet.com,M,389-83-7326,TIN,LEG831404,EX,Spanish,2015-12-15,2026-12-15,349
Riddall,Kameko,V,Jr,1945-12-16,Dr,kriddall9p@rediff.com,F,694-15-9960,TIN,LEG692593,W4,Spanish,2015-12-16,2026-12-16,350
Churching,Antone,O,Jr,1945-12-17,Ms,achurching9q@google.fr,M,161-58-4191,TIN,LEG772390,W1,Mandarin,2015-12-17,,351
Rousell,Chiquita,S,II,1945-12-18,Mr,crousell9r@army.mil,F,497-11-8607,SSN,LEG184736,EX,Spanish,2015-12-18,,352
Sell,Findley,R,III,1945-12-19,Mr,fsell9s@archive.org,F,349-36-0683,SSN,LEG610200,W2,Spanish,2015-12-19,,353
Korneev,Ario,T,NA,1945-12-20,Ms,akorneev9t@netscape.com,F,156-93-3477,TIN,LEG465130,W2,Mandarin,2015-12-20,,354
Pillans,Jameson,G,II,1945-12-21,Dr,jpillans9u@eepurl.com,M,163-58-6956,TIN,LEG611404,W2,Mandarin,2015-12-21,,355
Boller,Tami,T,Sr,1945-12-22,Mr,tboller9v@domainmarket.com,M,876-19-0278,TIN,LEG781087,W4,Spanish,2015-12-22,,356
Pauluzzi,Lyndel,D,Sr,1945-12-23,Ms,lpauluzzi9w@google.co.jp,F,105-54-9719,SSN,LEG919313,EX,Mandarin,2015-12-23,,357
Chatt,Kienan,Z,NA,1945-12-24,Mrs,kchatt9x@guardian.co.uk,M,707-11-5170,TIN,LEG799586,W1,Mandarin,2015-12-24,2026-12-24,358
Wing,Nealson,U,III,1945-12-25,Mr,nwing9y@howstuffworks.com,M,787-40-8825,TIN,LEG734989,W1,English,2015-12-25,2026-12-25,359
Paddon,Fredelia,G,II,1945-12-26,Ms,fpaddon9z@redcross.org,F,268-22-9883,SSN,LEG887290,W1,English,2015-12-26,2026-12-26,360
Dust,Kendal,R,Sr,1945-12-27,Mr,kdusta0@privacy.gov.au,M,165-81-2491,SSN,LEG464150,W4,Mandarin,2015-12-27,,361
Carruthers,Ginnifer,B,III,1945-12-28,Dr,gcarruthersa1@umn.edu,M,115-36-6181,SSN,LEG769653,W1,English,2015-12-28,,362
Gerrietz,Tommy,X,II,1945-12-29,Ms,tgerrietza2@ted.com,F,754-90-1829,TIN,LEG470627,W4,English,2015-12-29,,363
Borlease,Othilie,R,Sr,1945-12-30,Dr,oborleasea3@nih.gov,F,867-26-5897,TIN,LEG228408,EX,Mandarin,2015-12-30,,364
Lodemann,Aharon,S,II,1945-12-31,Mr,alodemanna4@last.fm,M,757-69-0511,TIN,LEG451760,EX,English,2015-12-31,,365
Spurrett,Ewart,Q,Jr,1946-01-01,Ms,espurretta5@ning.com,F,216-46-2732,TIN,LEG552568,W4,Mandarin,2016-01-01,,366
Leatherland,Miran,Q,Jr,1946-01-02,Mr,mleatherlanda6@noaa.gov,F,138-06-3291,SSN,LEG302271,W1,Mandarin,2016-01-02,,367
Richardin,Moreen,I,Jr,1946-01-03,Dr,mrichardina7@engadget.com,M,780-52-7954,SSN,LEG804376,W4,Mandarin,2016-01-03,2027-01-03,368
Masseo,Roda,Y,III,1946-01-04,Mr,rmasseoa8@weather.com,M,506-12-8093,TIN,LEG153614,W1,Mandarin,2016-01-04,2027-01-04,369
Bill,Nathalie,R,NA,1946-01-05,Mrs,nbilla9@youtube.com,M,529-34-5032,SSN,LEG865295,EX,English,2016-01-05,2027-01-05,370
Tommasetti,Harriott,X,NA,1946-01-06,Dr,htommasettiaa@bluehost.com,F,618-47-7078,TIN,LEG207332,W1,English,2016-01-06,,371
Mcwhinnie,Kitti,X,NA,1946-01-07,Dr,kmcwhinnieab@smugmug.com,F,870-52-3553,TIN,LEG899386,W1,English,2016-01-07,,372
Housam,Jobina,M,II,1946-01-08,Ms,jhousamac@imgur.com,M,794-92-5392,SSN,LEG927034,EX,Spanish,2016-01-08,,373
Arnaldo,Doti,T,Jr,1946-01-09,Mrs,darnaldoad@newsvine.com,F,109-55-1706,TIN,LEG951760,W1,Spanish,2016-01-09,,374
Danilov,Tam,C,NA,1946-01-10,Mrs,tdanilovae@linkedin.com,F,311-48-1546,TIN,LEG124264,W4,Spanish,2016-01-10,,375
Hurton,Otha,N,NA,1946-01-11,Mrs,ohurtonaf@cafepress.com,M,134-77-1614,SSN,LEG413410,EX,Spanish,2016-01-11,,376
Sharland,Cate,Y,II,1946-01-12,Ms,csharlandag@ezinearticles.com,F,159-95-3078,TIN,LEG008368,W1,Spanish,2016-01-12,,377
Lappine,Iorgo,E,Sr,1946-01-13,Dr,ilappineah@angelfire.com,M,823-13-0955,TIN,LEG641855,W1,Mandarin,2016-01-13,2027-01-13,378
Cicetti,Maurie,T,Jr,1946-01-14,Dr,mcicettiai@google.ru,F,149-62-2511,SSN,LEG879536,W1,Spanish,2016-01-14,2027-01-14,379
Piscopello,Stuart,U,II,1946-01-15,Mrs,spiscopelloaj@cafepress.com,M,631-27-2532,SSN,LEG495267,W1,Spanish,2016-01-15,2027-01-15,380
Hoggetts,Jard,A,Sr,1946-01-16,Ms,jhoggettsak@baidu.com,M,553-73-9966,TIN,LEG637563,W4,English,2016-01-16,,381
Kaines,Gillan,Y,II,1946-01-17,Mrs,gkainesal@theguardian.com,M,448-68-9941,TIN,LEG304794,W2,English,2016-01-17,,382
Mourant,Darrell,C,Jr,1946-01-18,Mrs,dmourantam@tamu.edu,M,479-96-7636,SSN,LEG124849,W2,Mandarin,2016-01-18,,383
Tinham,Stacie,F,Jr,1946-01-19,Mrs,stinhaman@cloudflare.com,M,738-40-6677,SSN,LEG039078,W2,Spanish,2016-01-19,,384
Ferronier,Benjie,F,Jr,1946-01-20,Dr,bferronierao@google.ru,M,244-08-1808,SSN,LEG663340,W2,English,2016-01-20,,385
Langthorn,Ricca,O,Jr,1946-01-21,Ms,rlangthornap@feedburner.com,M,109-91-1198,SSN,LEG604530,EX,Mandarin,2016-01-21,,386
Reignould,Deane,I,II,1946-01-22,Mrs,dreignouldaq@histats.com,M,318-63-8221,TIN,LEG771600,EX,English,2016-01-22,,387
Folling,Bertie,X,Sr,1946-01-23,Mrs,bfollingar@ow.ly,M,747-71-4366,SSN,LEG306187,EX,Spanish,2016-01-23,2027-01-23,388
Stefanovic,Margaux,E,Jr,1946-01-24,Mrs,mstefanovicas@dailymail.co.uk,M,610-60-4281,TIN,LEG689107,W1,Mandarin,2016-01-24,2027-01-24,389
Bracco,Arturo,Z,Sr,1946-01-25,Dr,abraccoat@cafepress.com,F,834-72-1468,SSN,LEG649444,W1,Mandarin,2016-01-25,2027-01-25,390
Cowdray,Katti,F,Jr,1946-01-26,Dr,kcowdrayau@nationalgeographic.com,F,113-60-7995,TIN,LEG801612,W2,English,2016-01-26,,391
Gland,Trixie,U,Sr,1946-01-27,Dr,tglandav@economist.com,M,774-05-7081,TIN,LEG553739,W1,English,2016-01-27,,392
Meeking,Silvio,K,Jr,1946-01-28,Ms,smeekingaw@mayoclinic.com,F,340-07-5659,TIN,LEG942824,W2,Mandarin,2016-01-28,,393
Daintier,Olive,Q,Sr,1946-01-29,Mrs,odaintierax@istockphoto.com,F,533-22-5458,TIN,LEG457668,EX,English,2016-01-29,,394
Cranmore,Paulie,W,Sr,1946-01-30,Ms,pcranmoreay@list-manage.com,M,292-35-5731,TIN,LEG300211,W2,Spanish,2016-01-30,,395
Claypole,Lucy,P,Jr,1946-01-31,Mr,lclaypoleaz@va.gov,M,397-86-9502,SSN,LEG253461,W1,Spanish,2016-01-31,,396
Stiegars,Kiah,V,NA,1946-02-01,Dr,kstiegarsb0@usda.gov,M,410-27-0452,SSN,LEG870231,W4,Spanish,2016-02-01,,397
Wenderoth,Myca,X,III,1946-02-02,Mr,mwenderothb1@facebook.com,M,285-88-4340,SSN,LEG215395,W4,Spanish,2016-02-02,2027-02-02,398
Huyton,Leona,K,NA,1946-02-03,Mrs,lhuytonb2@netvibes.com,M,719-20-4789,SSN,LEG631326,W2,Spanish,2016-02-03,2027-02-03,399
Unwins,Dukie,S,NA,1946-02-04,Mrs,dunwinsb3@gizmodo.com,M,885-18-4045,TIN,LEG417237,EX,Spanish,2016-02-04,2027-02-04,400
Renfree,Marabel,H,NA,1946-02-05,Mrs,mrenfreeb4@comsenz.com,M,397-84-6681,SSN,LEG394118,EX,Spanish,2016-02-05,,401
Le Guin,Kelsey,T,Sr,1946-02-06,Mrs,kleguinb5@hibu.com,M,379-09-6470,TIN,LEG213110,W1,English,2016-02-06,,402
Eaklee,Tate,X,II,1946-02-07,Mrs,teakleeb6@discovery.com,M,635-94-8684,TIN,LEG690418,EX,English,2016-02-07,,403
Suatt,Caitlin,T,Sr,1946-02-08,Ms,csuattb7@seattletimes.com,F,306-63-1142,TIN,LEG515421,EX,Spanish,2016-02-08,,404
Freyne,Jess,U,NA,1946-02-09,Dr,jfreyneb8@va.gov,F,264-38-3991,SSN,LEG354265,EX,Spanish,2016-02-09,,405
Youd,Rosana,Q,NA,1946-02-10,Mr,ryoudb9@g.co,M,506-09-0370,SSN,LEG612103,W1,Mandarin,2016-02-10,,406
Catford,Carmelle,C,Jr,1946-02-11,Mr,ccatfordba@examiner.com,M,648-95-4435,SSN,LEG041910,W1,Mandarin,2016-02-11,,407
Billson,Cissiee,L,Sr,1946-02-12,Mrs,cbillsonbb@hugedomains.com,M,217-02-9236,TIN,LEG788358,W2,English,2016-02-12,2027-02-12,408
Thieme,Silvan,I,III,1946-02-13,Mr,sthiemebc@samsung.com,M,880-51-0234,TIN,LEG801895,EX,English,2016-02-13,2027-02-13,409
Kalker,Ettore,I,Jr,1946-02-14,Mr,ekalkerbd@usda.gov,F,731-69-2851,TIN,LEG930000,W2,English,2016-02-14,2027-02-14,410
Willarton,Lissa,L,II,1946-02-15,Mrs,lwillartonbe@cloudflare.com,M,270-47-5959,TIN,LEG771511,EX,Spanish,2016-02-15,,411
Missington,Karalee,Y,II,1946-02-16,Mrs,kmissingtonbf@webmd.com,F,400-61-6005,TIN,LEG273052,W2,English,2016-02-16,,412
Loxston,Farr,B,Jr,1946-02-17,Ms,floxstonbg@apple.com,M,754-84-2887,SSN,LEG757569,W4,Mandarin,2016-02-17,,413
Bruni,Red,D,Sr,1946-02-18,Mr,rbrunibh@chronoengine.com,M,495-33-6425,SSN,LEG716428,W1,Mandarin,2016-02-18,,414
Jursch,Alysia,F,NA,1946-02-19,Mrs,ajurschbi@last.fm,M,320-81-3266,TIN,LEG826086,W2,Mandarin,2016-02-19,,415
Churcher,Leonidas,Z,Sr,1946-02-20,Mr,lchurcherbj@comcast.net,M,387-91-1869,SSN,LEG838181,W2,Spanish,2016-02-20,,416
Houtby,Beryl,N,III,1946-02-21,Mr,bhoutbybk@washingtonpost.com,F,613-84-3609,TIN,LEG497464,W4,Spanish,2016-02-21,,417
Stenyng,Zelda,B,Jr,1946-02-22,Mr,zstenyngbl@exblog.jp,F,760-93-8210,TIN,LEG266665,W1,Mandarin,2016-02-22,2027-02-22,418
Vakhrushin,Howard,Y,NA,1946-02-23,Mrs,hvakhrushinbm@illinois.edu,M,589-01-9249,SSN,LEG138002,W4,Spanish,2016-02-23,2027-02-23,419
Gronow,Dusty,X,II,1946-02-24,Dr,dgronowbn@wp.com,M,776-42-6451,SSN,LEG024896,W1,Mandarin,2016-02-24,2027-02-24,420
Papaccio,Hilly,E,Jr,1946-02-25,Mrs,hpapacciobo@squarespace.com,M,641-32-4084,TIN,LEG176402,W1,Spanish,2016-02-25,,421
Ludlamme,Florencia,U,III,1946-02-26,Ms,fludlammebp@mac.com,F,378-38-9878,SSN,LEG772669,W2,Mandarin,2016-02-26,,422
Barensen,Elonore,E,Sr,1946-02-27,Dr,ebarensenbq@answers.com,M,530-10-1740,TIN,LEG098662,W4,Spanish,2016-02-27,,423
Measom,Nance,Z,Sr,1946-02-28,Dr,nmeasombr@reddit.com,F,650-65-9031,SSN,LEG013619,EX,Spanish,2016-02-28,,424
Lerohan,Sollie,P,II,1946-03-01,Mr,slerohanbs@flickr.com,M,783-06-9763,SSN,LEG178355,W2,Spanish,2016-02-29,,425
Baxster,Dugald,K,III,1946-03-02,Mrs,dbaxsterbt@constantcontact.com,M,431-82-3149,TIN,LEG521159,W1,Mandarin,2016-03-01,,426
Symson,Hilary,T,III,1946-03-03,Dr,hsymsonbu@cnbc.com,M,548-01-1937,SSN,LEG684434,EX,Spanish,2016-03-02,,427
Climson,Lou,J,Sr,1946-03-04,Mrs,lclimsonbv@edublogs.org,F,673-33-0648,SSN,LEG263245,W1,Mandarin,2016-03-03,2027-03-04,428
Frigout,Eddie,N,NA,1946-03-05,Dr,efrigoutbw@ibm.com,M,390-50-2959,TIN,LEG184815,W2,English,2016-03-04,2027-03-05,429
Rabbage,Jard,V,NA,1946-03-06,Mr,jrabbagebx@elpais.com,M,539-89-2059,TIN,LEG117246,W1,Spanish,2016-03-05,2027-03-06,430
Treuge,Emmalyn,S,Jr,1946-03-07,Dr,etreugeby@netvibes.com,M,261-18-1996,SSN,LEG336028,EX,Mandarin,2016-03-06,,431
Warman,Emmet,X,III,1946-03-08,Dr,ewarmanbz@constantcontact.com,M,788-40-3187,TIN,LEG015581,W1,Mandarin,2016-03-07,,432
Zanettini,Dora,X,II,1946-03-09,Dr,dzanettinic0@artisteer.com,F,272-80-8225,TIN,LEG220092,W4,Mandarin,2016-03-08,,433
Dunphy,Tamra,W,II,1946-03-10,Mrs,tdunphyc1@yandex.ru,F,807-80-7759,SSN,LEG141284,W1,English,2016-03-09,,434
Tineman,Goraud,H,II,1946-03-11,Mrs,gtinemanc2@twitpic.com,F,242-47-6684,TIN,LEG624583,W1,Mandarin,2016-03-10,,435
Mawer,Gearard,W,III,1946-03-12,Ms,gmawerc3@chicagotribune.com,M,726-57-5547,TIN,LEG829595,W2,English,2016-03-11,,436
Chesley,Curran,R,Sr,1946-03-13,Ms,cchesleyc4@va.gov,F,560-68-2910,SSN,LEG742293,W1,Mandarin,2016-03-12,,437
Barabisch,Nonna,L,NA,1946-03-14,Dr,nbarabischc5@biglobe.ne.jp,M,870-09-6924,SSN,LEG634109,W2,English,2016-03-13,2027-03-14,438
Roscrigg,Arlyne,J,NA,1946-03-15,Ms,aroscriggc6@theglobeandmail.com,F,798-20-0169,TIN,LEG460217,EX,Mandarin,2016-03-14,2027-03-15,439
Blackham,Tripp,R,III,1946-03-16,Ms,tblackhamc7@gizmodo.com,F,861-78-0837,TIN,LEG436165,EX,Spanish,2016-03-15,2027-03-16,440
Gosker,Dosi,W,Sr,1946-03-17,Mrs,dgoskerc8@wired.com,M,443-94-6294,SSN,LEG111126,W1,English,2016-03-16,,441
Eastup,Kendrick,Z,III,1946-03-18,Dr,keastupc9@nasa.gov,M,419-72-9956,TIN,LEG270453,W4,English,2016-03-17,,442
MacRedmond,Clemens,Z,NA,1946-03-19,Mr,cmacredmondca@cdc.gov,M,280-77-1798,SSN,LEG171865,W1,English,2016-03-18,,443
Beausang,Ruth,X,NA,1946-03-20,Mrs,rbeausangcb@reverbnation.com,M,112-33-3797,TIN,LEG981429,W4,English,2016-03-19,,444
Yule,Jasmin,P,Jr,1946-03-21,Dr,jyulecc@zdnet.com,F,818-08-2137,TIN,LEG256121,W1,Mandarin,2016-03-20,,445
Briiginshaw,Wilden,C,NA,1946-03-22,Dr,wbriiginshawcd@hexun.com,M,362-29-4690,SSN,LEG059344,W2,English,2016-03-21,,446
Oneill,Pegeen,A,Jr,1946-03-23,Ms,poneillce@nationalgeographic.com,F,260-86-0325,SSN,LEG641842,W4,English,2016-03-22,,447
Hale,Frederic,S,Jr,1946-03-24,Ms,fhalecf@clickbank.net,M,687-23-7999,TIN,LEG745094,W2,Mandarin,2016-03-23,2027-03-24,448
Vosper,Adelle,Q,Sr,1946-03-25,Ms,avospercg@about.me,M,600-60-7701,TIN,LEG249371,EX,Mandarin,2016-03-24,2027-03-25,449
Beardshaw,Margarethe,I,Jr,1946-03-26,Mr,mbeardshawch@tuttocitta.it,F,674-06-5832,SSN,LEG658500,W4,Spanish,2016-03-25,2027-03-26,450
Lush,Coraline,I,Sr,1946-03-27,Mr,clushci@ehow.com,F,196-01-7957,TIN,LEG982017,W1,English,2016-03-26,,451
Moulton,Elbert,M,Sr,1946-03-28,Mrs,emoultoncj@nature.com,M,497-69-2089,TIN,LEG827952,W4,English,2016-03-27,,452
Weagener,Keene,K,NA,1946-03-29,Dr,kweagenerck@sohu.com,M,889-45-6497,TIN,LEG584265,EX,Spanish,2016-03-28,,453
Abendroth,Torry,E,Jr,1946-03-30,Ms,tabendrothcl@stanford.edu,M,383-42-1816,TIN,LEG193773,W4,Mandarin,2016-03-29,,454
Gibbs,Shara,A,NA,1946-03-31,Dr,sgibbscm@addtoany.com,F,282-88-4880,TIN,LEG050056,W1,Spanish,2016-03-30,,455
Rozanski,Benedicto,U,Sr,1946-04-01,Mrs,brozanskicn@google.com.au,F,858-29-5517,TIN,LEG876722,W1,English,2016-03-31,,456
Pashby,Celka,T,Sr,1946-04-02,Ms,cpashbyco@apple.com,M,276-62-4790,TIN,LEG410183,W1,Spanish,2016-04-01,,457
Coldbathe,Hilarius,Z,Jr,1946-04-03,Dr,hcoldbathecp@jugem.jp,M,763-17-7190,TIN,LEG856693,W2,Mandarin,2016-04-02,2027-04-03,458
Frenzel;,Megen,N,III,1946-04-04,Mr,mfrenzelcq@symantec.com,F,623-30-2887,TIN,LEG851578,EX,English,2016-04-03,2027-04-04,459
Aubry,Leonelle,T,Jr,1946-04-05,Dr,laubrycr@va.gov,M,832-37-2649,TIN,LEG902223,EX,Spanish,2016-04-04,2027-04-05,460
Scurrell,Anet,N,Sr,1946-04-06,Dr,ascurrellcs@globo.com,F,598-04-4371,TIN,LEG040018,W2,Mandarin,2016-04-05,,461
Lampaert,Connie,O,II,1946-04-07,Dr,clampaertct@latimes.com,M,268-03-8857,TIN,LEG924710,W2,Mandarin,2016-04-06,,462
Busain,Adrianne,F,II,1946-04-08,Dr,abusaincu@nyu.edu,F,799-56-3135,TIN,LEG918174,W4,Spanish,2016-04-07,,463
Phant,Granny,L,Jr,1946-04-09,Dr,gphantcv@nationalgeographic.com,F,168-33-6676,SSN,LEG568463,W2,Mandarin,2016-04-08,,464
Barritt,Elayne,E,NA,1946-04-10,Dr,ebarrittcw@ycombinator.com,F,822-98-5579,SSN,LEG587584,W1,English,2016-04-09,,465
Beckenham,Austin,Q,III,1946-04-11,Mr,abeckenhamcx@zdnet.com,M,626-19-3805,TIN,LEG412454,W4,Mandarin,2016-04-10,,466
Marlow,Lavena,M,Jr,1946-04-12,Ms,lmarlowcy@ow.ly,M,855-30-7451,SSN,LEG967607,W2,Spanish,2016-04-11,,467
Turfes,Philippe,N,III,1946-04-13,Dr,pturfescz@indiegogo.com,F,322-92-3849,TIN,LEG751907,W2,Spanish,2016-04-12,2027-04-13,468
Duckhouse,Barbra,C,Sr,1946-04-14,Dr,bduckhoused0@trellian.com,F,157-83-1430,SSN,LEG169721,W4,English,2016-04-13,2027-04-14,469
Nethercott,Corinne,H,III,1946-04-15,Dr,cnethercottd1@fc2.com,F,888-42-6194,TIN,LEG898295,W1,Spanish,2016-04-14,2027-04-15,470
Jados,Keelia,U,Sr,1946-04-16,Mrs,kjadosd2@intel.com,F,838-56-4800,SSN,LEG564930,W1,Spanish,2016-04-15,,471
Instone,Barret,V,NA,1946-04-17,Dr,binstoned3@prweb.com,F,467-06-8900,TIN,LEG817958,W1,Mandarin,2016-04-16,,472
Clampton,Dasha,S,II,1946-04-18,Mrs,dclamptond4@patch.com,F,747-41-2624,SSN,LEG062979,W2,Spanish,2016-04-17,,473
Cassin,Ryun,Z,Sr,1946-04-19,Mr,rcassind5@spotify.com,M,158-56-6022,TIN,LEG314880,W2,Mandarin,2016-04-18,,474
Maslin,Son,C,III,1946-04-20,Mr,smaslind6@mit.edu,F,365-27-9129,TIN,LEG549737,W4,Mandarin,2016-04-19,,475
Ziemens,Candis,D,III,1946-04-21,Mr,cziemensd7@tripadvisor.com,F,575-38-1571,TIN,LEG603346,W4,English,2016-04-20,,476
Koop,Valentino,S,Sr,1946-04-22,Dr,vkoopd8@yelp.com,F,120-77-1210,SSN,LEG351523,W4,English,2016-04-21,,477
Paskerful,Kaylyn,W,Jr,1946-04-23,Ms,kpaskerfuld9@nyu.edu,F,852-32-1179,TIN,LEG572649,W4,Mandarin,2016-04-22,2027-04-23,478
Cater,Karlotta,P,II,1946-04-24,Dr,kcaterda@salon.com,F,329-89-5995,TIN,LEG159174,W4,Mandarin,2016-04-23,2027-04-24,479
Clair,Ian,N,Sr,1946-04-25,Dr,iclairdb@sciencedirect.com,M,285-20-7405,TIN,LEG505106,W2,Mandarin,2016-04-24,2027-04-25,480
Olcot,Kaspar,P,II,1946-04-26,Ms,kolcotdc@canalblog.com,M,229-50-4648,TIN,LEG002626,EX,Spanish,2016-04-25,,481
Ivkovic,Darryl,Y,Jr,1946-04-27,Dr,divkovicdd@shinystat.com,F,260-23-8063,SSN,LEG378940,EX,Spanish,2016-04-26,,482
Robel,Adi,E,III,1946-04-28,Dr,arobelde@bluehost.com,F,612-87-6681,TIN,LEG936745,W2,Mandarin,2016-04-27,,483
Dunan,Allayne,Y,NA,1946-04-29,Mr,adunandf@uol.com.br,M,219-75-9402,SSN,LEG050133,W1,Mandarin,2016-04-28,,484
Eschalette,Marilin,K,Jr,1946-04-30,Ms,meschalettedg@stanford.edu,F,738-64-7303,TIN,LEG319751,W2,Mandarin,2016-04-29,,485
Burbudge,Phoebe,X,III,1946-05-01,Ms,pburbudgedh@discovery.com,M,569-70-2336,SSN,LEG866681,W4,English,2016-04-30,,486
Dailly,Randie,E,Sr,1946-05-02,Mr,rdaillydi@cbc.ca,M,239-08-1655,TIN,LEG816770,EX,Spanish,2016-05-01,,487
Eidelman,Yetta,Q,Jr,1946-05-03,Ms,yeidelmandj@seesaa.net,M,594-87-5968,SSN,LEG097876,W4,Mandarin,2016-05-02,2027-05-03,488
Gensavage,Padriac,Q,Sr,1946-05-04,Ms,pgensavagedk@nyu.edu,M,626-55-0121,TIN,LEG295687,W2,Mandarin,2016-05-03,2027-05-04,489
Presho,Ceil,U,III,1946-05-05,Dr,cpreshodl@howstuffworks.com,M,802-09-5956,TIN,LEG438458,W2,English,2016-05-04,2027-05-05,490
Firmin,Mahalia,E,III,1946-05-06,Mrs,mfirmindm@dion.ne.jp,F,268-71-9847,TIN,LEG616676,EX,Spanish,2016-05-05,,491
Beran,Cristine,M,Sr,1946-05-07,Dr,cberandn@tamu.edu,M,538-35-3802,TIN,LEG897403,W1,Spanish,2016-05-06,,492
Drennan,Harriette,A,II,1946-05-08,Dr,hdrennando@posterous.com,M,510-34-2068,TIN,LEG221796,EX,Mandarin,2016-05-07,,493
Garrique,Aldous,V,III,1946-05-09,Dr,agarriquedp@unc.edu,M,452-20-9100,SSN,LEG418454,W2,English,2016-05-08,,494
Clethro,Reagan,W,Sr,1946-05-10,Mrs,rclethrodq@ucoz.com,F,217-77-1264,TIN,LEG899335,W2,Mandarin,2016-05-09,,495
Johnes,Candide,L,II,1946-05-11,Ms,cjohnesdr@comsenz.com,M,865-30-0736,TIN,LEG269180,W2,Mandarin,2016-05-10,,496
Gounod,Keary,P,Sr,1946-05-12,Ms,kgounodds@edublogs.org,F,635-65-9933,TIN,LEG185832,W1,Mandarin,2016-05-11,,497
Notley,Buiron,W,Jr,1946-05-13,Mrs,bnotleydt@auda.org.au,F,410-92-1016,SSN,LEG038856,EX,Mandarin,2016-05-12,2027-05-13,498
McDonald,Gisela,F,II,1946-05-14,Mrs,gmcdonalddu@github.com,F,103-37-0526,SSN,LEG119815,W2,Mandarin,2016-05-13,2027-05-14,499
Hambatch,Phillip,P,Jr,1946-05-15,Mr,phambatchdv@reference.com,M,735-48-1660,TIN,LEG000812,W1,English,2016-05-14,2027-05-15,500
Pavlovic,Thatcher,A,Jr,1946-05-16,Mr,tpavlovicdw@hexun.com,M,533-56-3947,TIN,LEG174859,EX,Spanish,2016-05-15,,501
Rhodes,Magnum,W,Sr,1946-05-17,Dr,mrhodesdx@meetup.com,F,173-51-2817,SSN,LEG696126,W1,Mandarin,2016-05-16,,502
Ricardin,Lazarus,N,Sr,1946-05-18,Mr,lricardindy@cornell.edu,M,887-40-3860,TIN,LEG179611,W4,Spanish,2016-05-17,,503
Geeraert,Madalyn,K,Sr,1946-05-19,Mrs,mgeeraertdz@twitpic.com,F,449-01-0913,SSN,LEG946109,W2,Mandarin,2016-05-18,,504
Giveen,Chrissie,T,III,1946-05-20,Ms,cgiveene0@rakuten.co.jp,M,367-15-7005,SSN,LEG449953,W4,Mandarin,2016-05-19,,505
Pinhorn,Martina,B,II,1946-05-21,Ms,mpinhorne1@storify.com,M,149-86-9845,TIN,LEG405618,EX,English,2016-05-20,,506
Massimo,Allard,F,Jr,1946-05-22,Mr,amassimoe2@oracle.com,M,322-28-1943,SSN,LEG225941,W4,Spanish,2016-05-21,,507
D'Alessandro,Hi,N,Sr,1946-05-23,Mr,hdalessandroe3@cnn.com,F,614-74-5746,TIN,LEG703489,W4,Spanish,2016-05-22,2027-05-23,508
Kirimaa,Parker,Z,III,1946-05-24,Ms,pkirimaae4@drupal.org,M,818-89-4885,SSN,LEG896055,W2,Spanish,2016-05-23,2027-05-24,509
Mackinder,Boycie,P,III,1946-05-25,Dr,bmackindere5@webs.com,F,126-76-3942,TIN,LEG460099,EX,English,2016-05-24,2027-05-25,510
MacGilrewy,Dinny,L,Sr,1946-05-26,Mr,dmacgilrewye6@about.me,M,428-15-3189,TIN,LEG055933,W4,Mandarin,2016-05-25,,511
Costar,Odessa,S,NA,1946-05-27,Mrs,ocostare7@alibaba.com,M,680-48-9227,TIN,LEG904743,EX,English,2016-05-26,,512
Grouer,Masha,W,Sr,1946-05-28,Mr,mgrouere8@indiegogo.com,M,767-90-5818,SSN,LEG262643,EX,Mandarin,2016-05-27,,513
Burd,Merlina,A,Jr,1946-05-29,Dr,mburde9@cargocollective.com,M,705-28-4301,SSN,LEG471081,EX,Mandarin,2016-05-28,,514
Worsell,Julia,H,Sr,1946-05-30,Mrs,jworsellea@1688.com,F,160-81-0251,SSN,LEG384029,W4,English,2016-05-29,,515
Meus,Betteann,R,Sr,1946-05-31,Dr,bmeuseb@mit.edu,M,836-41-2996,SSN,LEG779729,EX,Mandarin,2016-05-30,,516
Fulep,Melisent,G,II,1946-06-01,Ms,mfulepec@netlog.com,F,483-55-5685,TIN,LEG451889,W1,Spanish,2016-05-31,,517
Sothcott,Win,L,Sr,1946-06-02,Mrs,wsothcotted@woothemes.com,M,644-42-9497,TIN,LEG584336,W2,Mandarin,2016-06-01,2027-06-02,518
Hagston,Taite,J,Jr,1946-06-03,Mr,thagstonee@livejournal.com,F,672-28-3604,SSN,LEG624124,W2,Mandarin,2016-06-02,2027-06-03,519
Maddox,Lanae,S,II,1946-06-04,Mrs,lmaddoxef@naver.com,F,582-94-8377,SSN,LEG540259,W1,Spanish,2016-06-03,2027-06-04,520
Pagitt,Galvin,D,III,1946-06-05,Mr,gpagitteg@wikispaces.com,F,290-93-8359,SSN,LEG612523,W4,Mandarin,2016-06-04,,521
Trillo,Tommie,R,Jr,1946-06-06,Dr,ttrilloeh@shinystat.com,F,331-55-9972,TIN,LEG334868,W2,English,2016-06-05,,522
Janovsky,Zorah,B,Jr,1946-06-07,Ms,zjanovskyei@nifty.com,M,486-67-8572,TIN,LEG813095,W4,Spanish,2016-06-06,,523
Holstein,Bart,C,II,1946-06-08,Dr,bholsteinej@dedecms.com,M,425-72-7234,TIN,LEG220196,EX,English,2016-06-07,,524
Yoakley,Fonsie,B,Sr,1946-06-09,Mrs,fyoakleyek@cam.ac.uk,M,536-96-7020,TIN,LEG774266,W4,Mandarin,2016-06-08,,525
Attryde,Marcel,B,NA,1946-06-10,Mrs,mattrydeel@cam.ac.uk,M,842-55-9494,SSN,LEG323390,W2,English,2016-06-09,,526
Sankey,North,F,III,1946-06-11,Dr,nsankeyem@angelfire.com,F,337-54-3655,SSN,LEG383326,EX,Spanish,2016-06-10,,527
Rankin,Ame,C,NA,1946-06-12,Mrs,arankinen@csmonitor.com,M,530-71-0233,SSN,LEG767989,W2,Mandarin,2016-06-11,2027-06-12,528
Fullard,Nola,V,NA,1946-06-13,Mr,nfullardeo@acquirethisname.com,F,238-26-1847,TIN,LEG996876,W1,English,2016-06-12,2027-06-13,529
Bosward,Cass,R,Sr,1946-06-14,Mrs,cboswardep@ustream.tv,F,508-27-6882,TIN,LEG187549,W2,Spanish,2016-06-13,2027-06-14,530
Suarez,Reid,H,III,1946-06-15,Mrs,rsuarezeq@t.co,M,791-50-3318,SSN,LEG548193,W1,Mandarin,2016-06-14,,531
Kopisch,Lombard,X,III,1946-06-16,Ms,lkopischer@blogs.com,F,772-42-9136,SSN,LEG621502,EX,English,2016-06-15,,532
Bygreaves,Lorianna,X,NA,1946-06-17,Ms,lbygreaveses@whitehouse.gov,F,826-99-6918,SSN,LEG144947,W4,Mandarin,2016-06-16,,533
Buttress,Dag,A,II,1946-06-18,Ms,dbuttresset@altervista.org,F,587-91-6951,SSN,LEG994723,W2,Spanish,2016-06-17,,534
Derrington,Naoma,B,Sr,1946-06-19,Dr,nderringtoneu@nbcnews.com,M,805-05-7653,TIN,LEG493335,W2,Spanish,2016-06-18,,535
Calderonello,Zia,X,II,1946-06-20,Mr,zcalderonelloev@huffingtonpost.com,F,552-52-1137,SSN,LEG094978,EX,Spanish,2016-06-19,,536
Duncombe,Siana,D,NA,1946-06-21,Dr,sduncombeew@lycos.com,M,783-84-9926,SSN,LEG536978,W2,Mandarin,2016-06-20,,537
Brosh,Bret,K,III,1946-06-22,Mrs,bbroshex@myspace.com,M,743-18-7480,SSN,LEG167282,W1,Mandarin,2016-06-21,2027-06-22,538
Lewcock,Marcile,L,Jr,1946-06-23,Dr,mlewcockey@europa.eu,F,599-76-8822,TIN,LEG330368,W1,Mandarin,2016-06-22,2027-06-23,539
Kemmish,Gauthier,T,Sr,1946-06-24,Dr,gkemmishez@stumbleupon.com,F,432-30-1309,TIN,LEG779062,W4,Spanish,2016-06-23,2027-06-24,540
Demke,Karlan,S,Sr,1946-06-25,Dr,kdemkef0@geocities.jp,M,589-50-7797,TIN,LEG611203,W2,English,2016-06-24,,541
Behnecken,Ellene,Y,Jr,1946-06-26,Mrs,ebehneckenf1@globo.com,M,104-86-5208,SSN,LEG255548,EX,English,2016-06-25,,542
Smaling,Ruggiero,J,III,1946-06-27,Dr,rsmalingf2@amazon.co.jp,M,415-67-0499,SSN,LEG853970,W1,Mandarin,2016-06-26,,543
Gauge,Pierrette,K,Sr,1946-06-28,Ms,pgaugef3@timesonline.co.uk,M,159-50-3505,TIN,LEG956816,W2,English,2016-06-27,,544
Bosence,Vanya,O,II,1946-06-29,Mrs,vbosencef4@alibaba.com,M,124-89-0025,TIN,LEG081113,W1,Spanish,2016-06-28,,545
Boyce,Florrie,Y,NA,1946-06-30,Dr,fboycef5@moonfruit.com,M,712-66-8388,SSN,LEG221093,W4,Spanish,2016-06-29,,546
Raulstone,Marysa,I,III,1946-07-01,Mrs,mraulstonef6@nsw.gov.au,F,178-71-2703,TIN,LEG159110,W4,Spanish,2016-06-30,,547
Ausello,Margo,S,II,1946-07-02,Ms,mausellof7@wired.com,F,731-01-1800,TIN,LEG705088,EX,Spanish,2016-07-01,2027-07-02,548
Munehay,Bax,S,NA,1946-07-03,Mrs,bmunehayf8@comcast.net,F,295-13-9437,TIN,LEG960008,W1,English,2016-07-02,2027-07-03,549
Magog,Edgardo,Y,NA,1946-07-04,Mrs,emagogf9@state.gov,M,280-85-6228,SSN,LEG836708,W4,English,2016-07-03,2027-07-04,550
Gresser,Carlynne,O,Sr,1946-07-05,Ms,cgresserfa@oracle.com,M,793-92-6230,SSN,LEG391210,W4,English,2016-07-04,,551
Hoodlass,Ellene,T,II,1946-07-06,Mrs,ehoodlassfb@baidu.com,M,507-47-1211,TIN,LEG462019,W1,English,2016-07-05,,552
Schiefersten,Winnifred,P,Jr,1946-07-07,Ms,wschieferstenfc@foxnews.com,M,588-50-7527,SSN,LEG506416,W2,Spanish,2016-07-06,,553
Elwill,Stavros,I,NA,1946-07-08,Mr,selwillfd@ovh.net,M,314-85-8259,TIN,LEG353779,W4,Mandarin,2016-07-07,,554
Dawtrey,Gavra,D,NA,1946-07-09,Mr,gdawtreyfe@psu.edu,F,231-16-7194,TIN,LEG628326,W1,English,2016-07-08,,555
Stripp,Kane,X,NA,1946-07-10,Mrs,kstrippff@army.mil,M,812-66-5738,TIN,LEG521439,W2,Mandarin,2016-07-09,,556
Ledwidge,Reyna,R,Jr,1946-07-11,Mrs,rledwidgefg@reference.com,F,115-35-1025,SSN,LEG108498,W1,Mandarin,2016-07-10,,557
Bovis,Max,W,III,1946-07-12,Mr,mbovisfh@psu.edu,F,531-87-3286,SSN,LEG452209,EX,Spanish,2016-07-11,2027-07-12,558
Scrammage,Rab,S,II,1946-07-13,Mr,rscrammagefi@youtube.com,M,433-81-2547,TIN,LEG422475,W2,English,2016-07-12,2027-07-13,559
Audiss,Beverly,W,III,1946-07-14,Dr,baudissfj@alexa.com,M,157-66-6314,SSN,LEG457536,W2,Spanish,2016-07-13,2027-07-14,560
Basezzi,Lidia,C,Jr,1946-07-15,Ms,lbasezzifk@vkontakte.ru,M,246-58-9975,SSN,LEG054172,W1,Spanish,2016-07-14,,561
Fortnam,Benedict,Y,Jr,1946-07-16,Ms,bfortnamfl@yelp.com,M,292-49-0474,TIN,LEG678656,W2,English,2016-07-15,,562
Wilshin,Katharine,L,Jr,1946-07-17,Dr,kwilshinfm@earthlink.net,F,707-50-4481,TIN,LEG900937,EX,English,2016-07-16,,563
Yankishin,Leoline,F,II,1946-07-18,Mr,lyankishinfn@examiner.com,F,707-56-5156,TIN,LEG122537,EX,Spanish,2016-07-17,,564
Kieran,Cari,H,NA,1946-07-19,Ms,ckieranfo@indiegogo.com,M,784-86-7784,TIN,LEG989676,W1,Mandarin,2016-07-18,,565
Cheney,Kate,D,NA,1946-07-20,Ms,kcheneyfp@cbsnews.com,F,749-86-7746,SSN,LEG983900,EX,Mandarin,2016-07-19,,566
Jaslem,Elnora,X,NA,1946-07-21,Mrs,ejaslemfq@paginegialle.it,F,166-38-5517,SSN,LEG202144,W4,English,2016-07-20,,567
Wollard,Nixie,S,Sr,1946-07-22,Dr,nwollardfr@omniture.com,F,562-76-2911,TIN,LEG191712,W4,English,2016-07-21,2027-07-22,568
Linfoot,Cash,Z,II,1946-07-23,Dr,clinfootfs@plala.or.jp,F,856-54-1980,SSN,LEG820812,EX,Mandarin,2016-07-22,2027-07-23,569
Ivankov,Theodor,J,Jr,1946-07-24,Mr,tivankovft@desdev.cn,F,829-19-8856,SSN,LEG296602,W2,English,2016-07-23,2027-07-24,570
Southcombe,Trisha,L,Jr,1946-07-25,Ms,tsouthcombefu@icq.com,M,151-64-6437,TIN,LEG756537,EX,Spanish,2016-07-24,,571
Ashfield,Yard,Z,Jr,1946-07-26,Mr,yashfieldfv@un.org,F,672-50-5858,TIN,LEG029204,EX,English,2016-07-25,,572
Simmins,Griswold,O,III,1946-07-27,Mr,gsimminsfw@addtoany.com,F,752-41-1791,SSN,LEG538216,EX,Mandarin,2016-07-26,,573
Roswarn,Gabriel,L,NA,1946-07-28,Ms,groswarnfx@histats.com,M,599-29-9206,SSN,LEG321182,W1,Mandarin,2016-07-27,,574
Pantin,Rafaelia,L,NA,1946-07-29,Ms,rpantinfy@weebly.com,F,683-58-0166,SSN,LEG145295,EX,English,2016-07-28,,575
Kenwell,Goldarina,T,III,1946-07-30,Dr,gkenwellfz@eventbrite.com,F,107-54-4072,SSN,LEG684720,W2,Spanish,2016-07-29,,576
Van der Hoven,Lesley,Y,NA,1946-07-31,Dr,lvanderhoveng0@sakura.ne.jp,F,604-11-4828,TIN,LEG033529,W1,Mandarin,2016-07-30,,577
Mouncey,Tallie,K,NA,1946-08-01,Mr,tmounceyg1@ucla.edu,F,438-65-2111,TIN,LEG479317,EX,English,2016-07-31,2027-08-01,578
Emmott,Staci,W,II,1946-08-02,Mrs,semmottg2@netvibes.com,F,785-53-3496,SSN,LEG029646,W1,Spanish,2016-08-01,2027-08-02,579
Beaconsall,Zorine,N,NA,1946-08-03,Mrs,zbeaconsallg3@hibu.com,F,809-36-8109,TIN,LEG892564,W2,English,2016-08-02,2027-08-03,580
Arnecke,Lovell,V,Sr,1946-08-04,Dr,larneckeg4@naver.com,M,338-81-8608,SSN,LEG084054,W4,Spanish,2016-08-03,,581
Woodyear,Suzanna,Z,Jr,1946-08-05,Mr,swoodyearg5@furl.net,M,158-72-6824,TIN,LEG155387,W4,Spanish,2016-08-04,,582
Morrish,Daveen,H,Sr,1946-08-06,Mr,dmorrishg6@noaa.gov,M,849-23-4179,TIN,LEG387244,W2,Spanish,2016-08-05,,583
Handslip,Wendell,N,Sr,1946-08-07,Mr,whandslipg7@addthis.com,M,423-43-0943,TIN,LEG070715,W1,Spanish,2016-08-06,,584
Banbridge,Oren,Q,III,1946-08-08,Mrs,obanbridgeg8@nba.com,F,109-39-3276,SSN,LEG616943,EX,Mandarin,2016-08-07,,585
Woodstock,Marylynne,R,III,1946-08-09,Mr,mwoodstockg9@sourceforge.net,M,743-91-0681,SSN,LEG262313,W4,Spanish,2016-08-08,,586
McLucas,Jill,G,Sr,1946-08-10,Dr,jmclucasga@github.com,M,570-30-9113,TIN,LEG943636,W2,English,2016-08-09,,587
Guppey,Rosemary,V,NA,1946-08-11,Mr,rguppeygb@slideshare.net,F,432-60-5962,SSN,LEG456153,EX,Mandarin,2016-08-10,2027-08-11,588
Servant,Cindra,N,Jr,1946-08-12,Mrs,cservantgc@tuttocitta.it,M,134-33-8334,TIN,LEG562404,W1,Mandarin,2016-08-11,2027-08-12,589
Fish,Euphemia,V,II,1946-08-13,Mrs,efishgd@merriam-webster.com,M,893-03-9593,TIN,LEG658011,W4,Mandarin,2016-08-12,2027-08-13,590
Franses,Janaya,M,II,1946-08-14,Mr,jfransesge@acquirethisname.com,F,412-21-0916,TIN,LEG521671,W2,English,2016-08-13,,591
Scrivenor,Lin,C,II,1946-08-15,Mrs,lscrivenorgf@t.co,M,743-14-5556,TIN,LEG510225,W4,English,2016-08-14,,592
Blaylock,Teddie,X,Jr,1946-08-16,Ms,tblaylockgg@tripadvisor.com,F,329-90-2876,SSN,LEG576398,EX,English,2016-08-15,,593
Hargrave,Collen,L,II,1946-08-17,Mrs,chargravegh@salon.com,M,791-24-4115,TIN,LEG618236,W4,Mandarin,2016-08-16,,594
Bluschke,Veronike,K,NA,1946-08-18,Mrs,vbluschkegi@buzzfeed.com,M,535-34-8775,TIN,LEG266745,W1,Mandarin,2016-08-17,,595
Gabe,Grenville,X,Sr,1946-08-19,Mr,ggabegj@edublogs.org,F,804-19-6057,TIN,LEG077445,W2,Spanish,2016-08-18,,596
Vasishchev,Phaidra,B,III,1946-08-20,Dr,pvasishchevgk@xrea.com,M,489-84-8438,SSN,LEG953701,W4,Spanish,2016-08-19,,597
Tothacot,Rhonda,I,Sr,1946-08-21,Dr,rtothacotgl@phpbb.com,F,887-29-0663,TIN,LEG206829,W1,English,2016-08-20,2027-08-21,598
Rockcliffe,Ardys,M,Jr,1946-08-22,Ms,arockcliffegm@google.de,M,492-36-0612,TIN,LEG748908,W2,Mandarin,2016-08-21,2027-08-22,599
Shadrach,Moses,L,Jr,1946-08-23,Ms,mshadrachgn@time.com,M,235-80-2618,TIN,LEG766288,W4,Mandarin,2016-08-22,2027-08-23,600
Brownsword,Petr,Y,Jr,1946-08-24,Dr,pbrownswordgo@springer.com,F,520-27-3214,TIN,LEG608361,W4,Mandarin,2016-08-23,,601
Doghartie,Libbie,H,III,1946-08-25,Mr,ldoghartiegp@hud.gov,F,371-87-3019,SSN,LEG858707,W4,English,2016-08-24,,602
Simoens,Juana,D,NA,1946-08-26,Mr,jsimoensgq@weibo.com,M,758-25-9896,SSN,LEG814335,W1,English,2016-08-25,,603
Grunnell,Joceline,P,NA,1946-08-27,Ms,jgrunnellgr@freewebs.com,M,883-50-4421,TIN,LEG193393,W2,Mandarin,2016-08-26,,604
Aykroyd,Jabez,A,Sr,1946-08-28,Mr,jaykroydgs@webnode.com,F,148-15-2142,SSN,LEG610561,W4,Mandarin,2016-08-27,,605
Starrs,Pearla,P,III,1946-08-29,Ms,pstarrsgt@nih.gov,M,451-95-1145,SSN,LEG151908,W1,English,2016-08-28,,606
Hentzer,Cynthea,E,II,1946-08-30,Dr,chentzergu@bbb.org,M,153-96-5098,TIN,LEG748432,W1,Spanish,2016-08-29,,607
Gogie,Ros,T,III,1946-08-31,Mr,rgogiegv@de.vu,F,409-87-7388,TIN,LEG998507,W4,English,2016-08-30,2027-08-31,608
Postins,Caldwell,L,NA,1946-09-01,Ms,cpostinsgw@geocities.com,M,442-29-9440,SSN,LEG262400,W1,Mandarin,2016-08-31,2027-09-01,609
Fairham,Darsey,V,II,1946-09-02,Mrs,dfairhamgx@geocities.jp,F,798-76-3103,SSN,LEG054213,W1,Spanish,2016-09-01,2027-09-02,610
Blakiston,Ahmad,T,Sr,1946-09-03,Mr,ablakistongy@comsenz.com,M,539-51-3733,SSN,LEG277613,W2,Spanish,2016-09-02,,611
Gout,Marianna,G,Jr,1946-09-04,Mrs,mgoutgz@amazon.co.jp,F,381-06-6513,SSN,LEG855309,W1,English,2016-09-03,,612
Megroff,Chrysa,I,NA,1946-09-05,Mrs,cmegroffh0@facebook.com,M,192-52-8716,SSN,LEG952236,W4,English,2016-09-04,,613
Grabeham,Iain,F,NA,1946-09-06,Mr,igrabehamh1@nyu.edu,M,566-75-1467,TIN,LEG365938,W2,Spanish,2016-09-05,,614
Atlee,Camile,U,NA,1946-09-07,Mrs,catleeh2@twitpic.com,F,632-39-4670,SSN,LEG901422,EX,Mandarin,2016-09-06,,615
Hyndley,Binny,U,III,1946-09-08,Dr,bhyndleyh3@businessweek.com,F,279-09-7824,SSN,LEG315516,W1,Mandarin,2016-09-07,,616
Slowley,Kati,Q,II,1946-09-09,Dr,kslowleyh4@bloomberg.com,F,444-04-2102,TIN,LEG398511,W4,Spanish,2016-09-08,,617
Jeanequin,Candice,H,III,1946-09-10,Mrs,cjeanequinh5@phpbb.com,M,655-85-2822,TIN,LEG801231,W1,Spanish,2016-09-09,2027-09-10,618
Zammett,Daloris,B,Jr,1946-09-11,Mrs,dzammetth6@themeforest.net,F,843-12-6157,TIN,LEG217815,W2,Mandarin,2016-09-10,2027-09-11,619
Wainman,Kean,Q,NA,1946-09-12,Ms,kwainmanh7@thetimes.co.uk,M,359-38-6426,TIN,LEG055874,W4,Mandarin,2016-09-11,2027-09-12,620
Van de Velde,Jed,T,II,1946-09-13,Dr,jvandeveldeh8@live.com,F,851-42-5993,TIN,LEG173874,W2,Spanish,2016-09-12,,621
Noon,Brooke,Y,NA,1946-09-14,Mrs,bnoonh9@mediafire.com,F,360-60-4200,SSN,LEG763156,W4,Mandarin,2016-09-13,,622
McGinnis,Berny,K,Sr,1946-09-15,Mr,bmcginnisha@go.com,F,281-06-8336,TIN,LEG487136,W1,Mandarin,2016-09-14,,623
Radeliffe,Wini,D,Sr,1946-09-16,Mrs,wradeliffehb@dedecms.com,M,199-19-5972,TIN,LEG979389,EX,Spanish,2016-09-15,,624
Rubberts,Nelson,D,II,1946-09-17,Mrs,nrubbertshc@last.fm,F,712-28-6870,SSN,LEG369297,EX,English,2016-09-16,,625
Mompesson,Barbi,R,Jr,1946-09-18,Mr,bmompessonhd@merriam-webster.com,M,206-98-5760,SSN,LEG899164,EX,English,2016-09-17,,626
Cleever,Rosalind,Q,II,1946-09-19,Mrs,rcleeverhe@nyu.edu,F,468-69-6984,SSN,LEG963791,W4,Mandarin,2016-09-18,,627
Gosart,Kellsie,P,NA,1946-09-20,Dr,kgosarthf@wix.com,M,449-15-6325,TIN,LEG932478,W2,Mandarin,2016-09-19,2027-09-20,628
Lomond,Juliann,B,Sr,1946-09-21,Ms,jlomondhg@baidu.com,F,513-34-8196,SSN,LEG210864,W4,Mandarin,2016-09-20,2027-09-21,629
Waine,Emelen,R,II,1946-09-22,Mr,ewainehh@free.fr,F,545-66-9373,TIN,LEG557669,EX,Spanish,2016-09-21,2027-09-22,630
Bifield,Elvira,L,NA,1946-09-23,Mr,ebifieldhi@wiley.com,M,660-09-5026,SSN,LEG915091,W2,English,2016-09-22,,631
Cisland,Irvine,U,II,1946-09-24,Dr,icislandhj@altervista.org,M,472-78-4101,TIN,LEG632744,W4,English,2016-09-23,,632
Eagleston,Kandace,B,NA,1946-09-25,Mrs,keaglestonhk@themeforest.net,M,204-15-0130,SSN,LEG711585,W2,English,2016-09-24,,633
Dumini,Cullen,I,II,1946-09-26,Mrs,cduminihl@g.co,F,462-91-7850,TIN,LEG928291,W1,Mandarin,2016-09-25,,634
de Guerre,Verna,V,Sr,1946-09-27,Mrs,vdeguerrehm@stanford.edu,F,817-24-3337,TIN,LEG941248,W1,English,2016-09-26,,635
Rediers,Ilise,K,III,1946-09-28,Dr,irediershn@dagondesign.com,M,385-36-4960,TIN,LEG439285,W4,English,2016-09-27,,636
Broggetti,Jodi,Y,NA,1946-09-29,Dr,jbroggettiho@mit.edu,M,589-95-3140,SSN,LEG701523,W1,English,2016-09-28,,637
Goodhall,Janaye,Q,III,1946-09-30,Mrs,jgoodhallhp@list-manage.com,M,759-10-3245,SSN,LEG492059,W4,English,2016-09-29,2027-09-30,638
Tyrone,Anett,D,III,1946-10-01,Dr,atyronehq@tuttocitta.it,M,398-57-6561,SSN,LEG148132,W2,Spanish,2016-09-30,2027-10-01,639
Marshfield,Regine,C,NA,1946-10-02,Dr,rmarshfieldhr@yellowpages.com,M,746-86-4809,TIN,LEG992695,W1,Spanish,2016-10-01,2027-10-02,640
Reignolds,Chaim,D,Jr,1946-10-03,Mrs,creignoldshs@statcounter.com,F,620-20-7825,SSN,LEG545888,W2,English,2016-10-02,,641
Jockle,Kyrstin,T,III,1946-10-04,Mr,kjockleht@blinklist.com,M,887-46-8302,TIN,LEG218954,W1,Spanish,2016-10-03,,642
Stronge,Maris,C,III,1946-10-05,Mrs,mstrongehu@weebly.com,M,702-28-8203,TIN,LEG277744,EX,English,2016-10-04,,643
Scotchmer,Ugo,T,Jr,1946-10-06,Mrs,uscotchmerhv@ed.gov,M,446-26-5152,SSN,LEG431496,W1,Mandarin,2016-10-05,,644
Scargle,Arny,G,II,1946-10-07,Mrs,ascarglehw@artisteer.com,F,352-75-4905,SSN,LEG838431,W1,Mandarin,2016-10-06,,645
Pionter,Deloris,W,Sr,1946-10-08,Dr,dpionterhx@acquirethisname.com,M,780-17-8293,SSN,LEG647757,W2,English,2016-10-07,,646
Skokoe,Meggie,Q,NA,1946-10-09,Mrs,mskokoehy@yelp.com,F,482-78-2170,SSN,LEG210085,EX,Spanish,2016-10-08,,647
Allbut,Quentin,L,II,1946-10-10,Dr,qallbuthz@deviantart.com,M,847-89-3723,TIN,LEG669494,W1,Mandarin,2016-10-09,2027-10-10,648
Bushe,Thelma,N,III,1946-10-11,Mrs,tbushei0@ucoz.com,M,505-35-5583,SSN,LEG611438,W1,Spanish,2016-10-10,2027-10-11,649
Jarmain,Jessie,K,II,1946-10-12,Ms,jjarmaini1@hc360.com,M,128-73-4597,SSN,LEG007278,W1,English,2016-10-11,2027-10-12,650
Odo,Regina,V,NA,1946-10-13,Mr,rodoi2@google.pl,M,274-20-6281,SSN,LEG984662,W4,Spanish,2016-10-12,,651
Traher,Noreen,B,II,1946-10-14,Mrs,ntraheri3@phpbb.com,M,861-02-5835,TIN,LEG697959,W1,Mandarin,2016-10-13,,652
Stockow,Sephira,A,III,1946-10-15,Dr,sstockowi4@apache.org,F,516-42-3622,TIN,LEG436163,W2,English,2016-10-14,,653
Bridger,Humfried,F,Sr,1946-10-16,Mrs,hbridgeri5@360.cn,M,339-35-3538,SSN,LEG587557,W2,Spanish,2016-10-15,,654
Timny,Tris,S,Sr,1946-10-17,Dr,ttimnyi6@yellowpages.com,M,171-22-3954,SSN,LEG056889,W4,English,2016-10-16,,655
Limeburn,Sansone,F,Sr,1946-10-18,Mrs,slimeburni7@dot.gov,F,596-48-6164,SSN,LEG915294,EX,English,2016-10-17,,656
Iorizzo,Morley,G,II,1946-10-19,Ms,miorizzoi8@t.co,F,761-04-7524,SSN,LEG848404,EX,English,2016-10-18,,657
MacFaul,Isiahi,C,II,1946-10-20,Mr,imacfauli9@ted.com,F,101-10-6149,TIN,LEG260192,W4,Spanish,2016-10-19,2027-10-20,658
Magnar,Vin,E,III,1946-10-21,Mrs,vmagnaria@jugem.jp,M,765-07-2201,SSN,LEG799435,W2,Mandarin,2016-10-20,2027-10-21,659
Vagg,Karilynn,S,Sr,1946-10-22,Mr,kvaggib@unblog.fr,F,725-89-5058,SSN,LEG661836,W4,English,2016-10-21,2027-10-22,660
MacPadene,Cathlene,H,Sr,1946-10-23,Mrs,cmacpadeneic@imdb.com,F,445-44-3080,TIN,LEG461803,W2,Spanish,2016-10-22,,661
Tozer,Belvia,R,II,1946-10-24,Dr,btozerid@auda.org.au,M,203-94-3992,TIN,LEG335468,EX,Mandarin,2016-10-23,,662
Maestro,Madel,A,Jr,1946-10-25,Mrs,mmaestroie@abc.net.au,F,796-43-8528,SSN,LEG523313,W4,Mandarin,2016-10-24,,663
Gallichiccio,Morna,Q,Jr,1946-10-26,Mrs,mgallichiccioif@stumbleupon.com,F,172-15-3956,TIN,LEG421247,W1,Mandarin,2016-10-25,,664
Bensley,Evie,E,Sr,1946-10-27,Dr,ebensleyig@digg.com,F,364-77-7972,SSN,LEG047844,W2,Mandarin,2016-10-26,,665
Asif,Cordey,M,Sr,1946-10-28,Mr,casifih@google.co.uk,F,857-33-4466,SSN,LEG928584,W2,Spanish,2016-10-27,,666
Perett,Benedick,D,III,1946-10-29,Mr,bperettii@dropbox.com,M,566-16-8665,SSN,LEG540822,W1,Mandarin,2016-10-28,,667
Delacroix,Charissa,G,II,1946-10-30,Dr,cdelacroixij@liveinternet.ru,M,368-74-3018,SSN,LEG973613,W1,Spanish,2016-10-29,2027-10-30,668
Haspineall,Bink,E,NA,1946-10-31,Ms,bhaspineallik@google.cn,F,348-24-3755,SSN,LEG741408,W2,Mandarin,2016-10-30,2027-10-31,669
Lugsdin,Aarika,V,Sr,1946-11-01,Mrs,alugsdinil@networkadvertising.org,F,480-36-0506,SSN,LEG814171,W1,English,2016-10-31,2027-11-01,670
Lilie,Allegra,I,II,1946-11-02,Mr,alilieim@diigo.com,M,814-96-7048,TIN,LEG465193,W4,Mandarin,2016-11-01,,671
Minero,Tabbie,E,II,1946-11-03,Mr,tmineroin@about.com,F,861-37-4193,TIN,LEG500591,W2,English,2016-11-02,,672
Souster,Nevil,Q,III,1946-11-04,Mr,nsousterio@myspace.com,M,165-79-9895,SSN,LEG020193,W4,Mandarin,2016-11-03,,673
Bilney,Rosanna,O,II,1946-11-05,Mrs,rbilneyip@constantcontact.com,M,536-72-0472,TIN,LEG487364,W2,Mandarin,2016-11-04,,674
Bettenson,Barris,E,Jr,1946-11-06,Ms,bbettensoniq@domainmarket.com,F,632-08-6692,TIN,LEG378444,EX,English,2016-11-05,,675
Skeen,Pat,Q,Sr,1946-11-07,Dr,pskeenir@pbs.org,M,871-27-0538,TIN,LEG383484,W1,Mandarin,2016-11-06,,676
Cairns,Rolf,Z,III,1946-11-08,Dr,rcairnsis@acquirethisname.com,M,213-43-2648,TIN,LEG890405,W1,Mandarin,2016-11-07,,677
Bonsey,Matty,G,NA,1946-11-09,Mr,mbonseyit@house.gov,F,335-44-6850,SSN,LEG062693,W4,Mandarin,2016-11-08,2027-11-09,678
O'Fihily,Burr,I,NA,1946-11-10,Ms,bofihilyiu@globo.com,M,583-33-2353,TIN,LEG346211,W4,Mandarin,2016-11-09,2027-11-10,679
Brand-Hardy,Yovonnda,Q,Jr,1946-11-11,Dr,ybrandhardyiv@mail.ru,M,328-99-0356,TIN,LEG264447,W1,Mandarin,2016-11-10,2027-11-11,680
Mandal,Gennie,D,II,1946-11-12,Mrs,gmandaliw@china.com.cn,F,129-72-8920,TIN,LEG134668,W4,Spanish,2016-11-11,,681
Jankovsky,Tana,C,NA,1946-11-13,Dr,tjankovskyix@ucsd.edu,F,733-32-0473,TIN,LEG290194,W4,Spanish,2016-11-12,,682
Jagiela,Ossie,K,II,1946-11-14,Mrs,ojagielaiy@about.com,M,136-66-3671,TIN,LEG799813,EX,Mandarin,2016-11-13,,683
Olner,Staffard,Q,NA,1946-11-15,Mr,solneriz@yahoo.co.jp,M,392-04-3903,TIN,LEG960579,W1,Mandarin,2016-11-14,,684
Maginn,Mandel,X,Sr,1946-11-16,Mr,mmaginnj0@imdb.com,F,772-22-6405,SSN,LEG668382,EX,Mandarin,2016-11-15,,685
Caps,John,O,II,1946-11-17,Ms,jcapsj1@netvibes.com,M,251-20-1858,SSN,LEG584804,W4,Mandarin,2016-11-16,,686
Killiner,Sherwynd,F,Jr,1946-11-18,Ms,skillinerj2@mozilla.com,F,283-94-3403,SSN,LEG991198,W1,English,2016-11-17,,687
Bahls,Eli,W,NA,1946-11-19,Dr,ebahlsj3@jiathis.com,M,602-78-7844,SSN,LEG293293,EX,English,2016-11-18,2027-11-19,688
Spinelli,Lora,X,II,1946-11-20,Ms,lspinellij4@google.it,M,604-11-5139,SSN,LEG098541,EX,English,2016-11-19,2027-11-20,689
Gabbot,Diana,N,II,1946-11-21,Dr,dgabbotj5@jugem.jp,F,385-71-5536,SSN,LEG573010,EX,Mandarin,2016-11-20,2027-11-21,690
Gaddesby,Donni,G,NA,1946-11-22,Mrs,dgaddesbyj6@ycombinator.com,M,746-84-3935,TIN,LEG325438,W4,Spanish,2016-11-21,,691
Hacon,Therine,I,NA,1946-11-23,Mrs,thaconj7@engadget.com,M,530-91-7567,TIN,LEG837553,W2,English,2016-11-22,,692
Deuss,Lucie,U,Sr,1946-11-24,Mr,ldeussj8@wikispaces.com,F,336-58-3918,SSN,LEG825772,W1,English,2016-11-23,,693
Marchent,Malanie,D,NA,1946-11-25,Ms,mmarchentj9@yellowbook.com,F,349-25-0704,SSN,LEG730552,W2,Mandarin,2016-11-24,,694
Brower,Angelica,T,Jr,1946-11-26,Mr,abrowerja@a8.net,F,863-09-7581,TIN,LEG781774,W2,English,2016-11-25,,695
Cundey,Rivi,M,NA,1946-11-27,Mrs,rcundeyjb@eventbrite.com,M,252-15-9420,TIN,LEG645555,W1,English,2016-11-26,,696
Dumingos,Lexie,R,II,1946-11-28,Dr,ldumingosjc@cnbc.com,F,773-09-9969,TIN,LEG319252,EX,English,2016-11-27,,697
Habert,Solomon,A,Jr,1946-11-29,Mrs,shabertjd@princeton.edu,M,554-33-8855,SSN,LEG343859,W4,Spanish,2016-11-28,2027-11-29,698
Dearden,Shelagh,I,Sr,1946-11-30,Mrs,sdeardenje@yahoo.com,M,598-06-2667,TIN,LEG793140,W2,English,2016-11-29,2027-11-30,699
Bowdler,Wells,F,Jr,1946-12-01,Mr,wbowdlerjf@cloudflare.com,M,603-34-8422,SSN,LEG065414,W4,English,2016-11-30,2027-12-01,700
Von Welden,Dieter,B,Sr,1946-12-02,Dr,dvonweldenjg@utexas.edu,M,253-69-8245,SSN,LEG749283,W2,Mandarin,2016-12-01,,701
MacCorley,Sissy,Q,Jr,1946-12-03,Dr,smaccorleyjh@nifty.com,M,799-41-4865,TIN,LEG143841,EX,Mandarin,2016-12-02,,702
Bodsworth,Doria,E,Sr,1946-12-04,Mrs,dbodsworthji@hexun.com,M,858-89-4122,SSN,LEG679059,W4,Spanish,2016-12-03,,703
Staveley,Kelby,N,NA,1946-12-05,Mrs,kstaveleyjj@tumblr.com,F,127-39-5845,SSN,LEG922790,W2,English,2016-12-04,,704
Hynard,Christophe,P,Sr,1946-12-06,Mrs,chynardjk@geocities.com,M,792-72-4394,SSN,LEG861416,W4,Spanish,2016-12-05,,705
Lauret,Sascha,L,Sr,1946-12-07,Ms,slauretjl@twitpic.com,F,349-53-5381,TIN,LEG098279,EX,Mandarin,2016-12-06,,706
Klimas,Germayne,X,II,1946-12-08,Mrs,gklimasjm@flickr.com,M,327-09-3814,SSN,LEG869597,W1,English,2016-12-07,,707
Brann,Kirsteni,W,Jr,1946-12-09,Dr,kbrannjn@go.com,F,338-36-3023,SSN,LEG570598,W1,Mandarin,2016-12-08,2027-12-09,708
Davidescu,Bevin,N,Jr,1946-12-10,Dr,bdavidescujo@mysql.com,M,555-52-5054,TIN,LEG753666,W2,English,2016-12-09,2027-12-10,709
Gannicott,Louise,U,Sr,1946-12-11,Dr,lgannicottjp@fastcompany.com,F,406-71-3960,SSN,LEG484687,W4,Spanish,2016-12-10,2027-12-11,710
Firebrace,Berky,G,II,1946-12-12,Dr,bfirebracejq@state.gov,F,331-26-4964,TIN,LEG559228,EX,Spanish,2016-12-11,,711
Brymner,Dodie,L,III,1946-12-13,Dr,dbrymnerjr@com.com,F,693-39-0474,TIN,LEG522080,W4,Mandarin,2016-12-12,,712
Ferrige,Wyatt,Z,Sr,1946-12-14,Mrs,wferrigejs@dot.gov,F,640-67-7620,TIN,LEG618532,EX,Spanish,2016-12-13,,713
Ridgwell,Saleem,X,II,1946-12-15,Ms,sridgwelljt@narod.ru,F,638-61-6115,TIN,LEG015782,W1,Spanish,2016-12-14,,714
Chatainier,Dacey,V,Jr,1946-12-16,Mr,dchatainierju@si.edu,M,774-64-8452,TIN,LEG155898,W4,Mandarin,2016-12-15,,715
Matthensen,Margareta,H,III,1946-12-17,Mrs,mmatthensenjv@comsenz.com,M,538-92-8117,SSN,LEG429906,EX,Spanish,2016-12-16,,716
Steaning,Ike,F,III,1946-12-18,Dr,isteaningjw@tripod.com,M,281-83-2868,SSN,LEG972833,W1,English,2016-12-17,,717
Kruschov,Waldo,N,III,1946-12-19,Mr,wkruschovjx@mozilla.org,F,483-21-4349,SSN,LEG732312,W1,English,2016-12-18,2027-12-19,718
Reader,Lorain,Y,Sr,1946-12-20,Mr,lreaderjy@marriott.com,M,699-60-0115,TIN,LEG256035,W2,Mandarin,2016-12-19,2027-12-20,719
Georgiades,Kirstin,Y,NA,1946-12-21,Mr,kgeorgiadesjz@github.com,F,512-44-6478,SSN,LEG673436,W2,Mandarin,2016-12-20,2027-12-21,720
Mateu,Holden,V,NA,1946-12-22,Mr,hmateuk0@phoca.cz,M,317-75-3881,TIN,LEG803720,W2,Spanish,2016-12-21,,721
Karle,Whitaker,I,II,1946-12-23,Ms,wkarlek1@slashdot.org,F,808-64-4880,SSN,LEG511021,W1,English,2016-12-22,,722
Hawson,Neala,K,Sr,1946-12-24,Mrs,nhawsonk2@imgur.com,M,220-18-7922,TIN,LEG277708,W4,Mandarin,2016-12-23,,723
Iston,Wilmette,Z,NA,1946-12-25,Dr,wistonk3@auda.org.au,M,559-31-2931,TIN,LEG414593,EX,English,2016-12-24,,724
Summerskill,Melinda,V,NA,1946-12-26,Ms,msummerskillk4@google.de,F,835-17-7072,SSN,LEG640689,EX,Spanish,2016-12-25,,725
Thomasson,Jarrad,B,III,1946-12-27,Mrs,jthomassonk5@forbes.com,M,330-12-4190,TIN,LEG858017,W1,Mandarin,2016-12-26,,726
Rodenhurst,Alleyn,H,NA,1946-12-28,Dr,arodenhurstk6@intel.com,M,197-01-4674,SSN,LEG558485,W2,Mandarin,2016-12-27,,727
Rodger,Lynda,Q,II,1946-12-29,Dr,lrodgerk7@360.cn,F,328-84-5322,SSN,LEG351590,EX,Spanish,2016-12-28,2027-12-29,728
Denson,Anne-marie,N,II,1946-12-30,Dr,adensonk8@deviantart.com,M,693-25-3970,TIN,LEG101765,W2,Mandarin,2016-12-29,2027-12-30,729
Buxton,Guglielmo,D,NA,1946-12-31,Dr,gbuxtonk9@freewebs.com,F,527-95-1293,SSN,LEG939839,W4,Mandarin,2016-12-30,2027-12-31,730
Rolph,Nelly,Z,Sr,1947-01-01,Ms,nrolphka@guardian.co.uk,M,203-65-2482,SSN,LEG746738,W2,English,2016-12-31,,731
Stealfox,Pammy,N,III,1947-01-02,Mrs,pstealfoxkb@sourceforge.net,F,152-95-7605,SSN,LEG262829,W2,Spanish,2017-01-01,,732
Izhakov,Ray,Q,NA,1947-01-03,Mrs,rizhakovkc@va.gov,F,883-19-9910,SSN,LEG751092,W2,Spanish,2017-01-02,,733
Davidwitz,Pattin,H,NA,1947-01-04,Dr,pdavidwitzkd@php.net,M,274-17-2790,SSN,LEG707680,EX,Mandarin,2017-01-03,,734
Emmett,Janene,N,Jr,1947-01-05,Ms,jemmettke@mtv.com,M,650-74-1102,SSN,LEG267080,W1,Spanish,2017-01-04,,735
Frodsham,Salvador,U,NA,1947-01-06,Mrs,sfrodshamkf@over-blog.com,F,516-47-2168,SSN,LEG172788,W2,Mandarin,2017-01-05,,736
Cadreman,Arie,F,NA,1947-01-07,Ms,acadremankg@fda.gov,F,790-82-0168,SSN,LEG845623,W1,English,2017-01-06,,737
McLeish,Dael,V,II,1947-01-08,Ms,dmcleishkh@dedecms.com,F,721-48-3638,SSN,LEG031974,W4,English,2017-01-07,2028-01-08,738
Byneth,Amalea,C,Jr,1947-01-09,Mrs,abynethki@w3.org,M,435-54-9891,SSN,LEG395370,W1,English,2017-01-08,2028-01-09,739
Searchfield,Sauncho,H,II,1947-01-10,Ms,ssearchfieldkj@infoseek.co.jp,M,645-15-9837,TIN,LEG061729,W4,English,2017-01-09,2028-01-10,740
Boylund,Glen,B,Jr,1947-01-11,Dr,gboylundkk@sphinn.com,F,731-85-9384,SSN,LEG533019,EX,Mandarin,2017-01-10,,741
Lyness,Ricoriki,O,NA,1947-01-12,Mr,rlynesskl@blogtalkradio.com,F,813-12-5559,TIN,LEG152350,EX,Spanish,2017-01-11,,742
Polley,Aleta,I,II,1947-01-13,Mr,apolleykm@dagondesign.com,M,531-90-5710,SSN,LEG169619,W2,Mandarin,2017-01-12,,743
Tommasetti,Kelwin,E,II,1947-01-14,Mr,ktommasettikn@i2i.jp,F,162-08-6395,SSN,LEG825461,W1,Spanish,2017-01-13,,744
Charlick,Eugenia,T,NA,1947-01-15,Ms,echarlickko@examiner.com,M,837-26-6789,SSN,LEG737716,W2,Spanish,2017-01-14,,745
Abbet,Torre,U,Sr,1947-01-16,Dr,tabbetkp@google.pl,F,324-59-7096,TIN,LEG458166,W1,Spanish,2017-01-15,,746
Skain,Bennett,G,NA,1947-01-17,Dr,bskainkq@flavors.me,F,414-66-5033,TIN,LEG252137,W1,Spanish,2017-01-16,,747
Melato,Nata,I,NA,1947-01-18,Ms,nmelatokr@time.com,M,183-46-8818,SSN,LEG495824,W4,Mandarin,2017-01-17,2028-01-18,748
Martinovic,Fanchon,T,Jr,1947-01-19,Dr,fmartinovicks@businessweek.com,F,456-63-3317,SSN,LEG180706,W2,Spanish,2017-01-18,2028-01-19,749
Ardling,Fairleigh,Z,Sr,1947-01-20,Mr,fardlingkt@weebly.com,M,478-93-4144,SSN,LEG204499,EX,English,2017-01-19,2028-01-20,750
Ruger,Marie,O,Jr,1947-01-21,Mrs,mrugerku@weebly.com,F,864-44-6695,TIN,LEG343590,W4,Mandarin,2017-01-20,,751
Elleton,Gianina,Y,NA,1947-01-22,Ms,gelletonkv@whitehouse.gov,F,823-77-9396,TIN,LEG976825,W2,Spanish,2017-01-21,,752
Doctor,Cathie,R,Sr,1947-01-23,Dr,cdoctorkw@uol.com.br,F,183-86-7286,SSN,LEG387651,W2,Spanish,2017-01-22,,753
Waddams,Dotty,Y,Sr,1947-01-24,Dr,dwaddamskx@mapquest.com,F,143-08-6385,SSN,LEG095446,W4,Spanish,2017-01-23,,754
Schaffel,Sherri,U,Jr,1947-01-25,Ms,sschaffelky@ifeng.com,M,502-70-1127,SSN,LEG892333,W4,Mandarin,2017-01-24,,755
Spileman,Jedidiah,N,II,1947-01-26,Ms,jspilemankz@cafepress.com,F,654-84-8315,SSN,LEG639579,W1,Spanish,2017-01-25,,756
Hovard,Jamaal,Y,Jr,1947-01-27,Ms,jhovardl0@state.tx.us,F,562-80-4092,TIN,LEG735144,W2,Mandarin,2017-01-26,,757
Girardoni,Pryce,J,III,1947-01-28,Ms,pgirardonil1@barnesandnoble.com,M,532-58-1284,TIN,LEG507530,W1,English,2017-01-27,2028-01-28,758
Trays,Baily,J,II,1947-01-29,Dr,btraysl2@hubpages.com,F,367-92-8119,TIN,LEG849258,EX,Mandarin,2017-01-28,2028-01-29,759
Sabbins,Vincenz,F,III,1947-01-30,Dr,vsabbinsl3@merriam-webster.com,M,234-57-7553,SSN,LEG574469,W4,Spanish,2017-01-29,2028-01-30,760
McCosh,Iseabal,M,II,1947-01-31,Mr,imccoshl4@tuttocitta.it,F,546-34-7010,TIN,LEG507923,W1,Spanish,2017-01-30,,761
Davenport,Cherye,E,II,1947-02-01,Mr,cdavenportl5@mozilla.org,M,794-47-5875,SSN,LEG321041,W4,English,2017-01-31,,762
Sherrum,Fairfax,I,Jr,1947-02-02,Mr,fsherruml6@topsy.com,M,371-27-6195,TIN,LEG615441,W4,Mandarin,2017-02-01,,763
O'Longain,Enriqueta,P,Jr,1947-02-03,Mr,eolongainl7@tuttocitta.it,M,541-81-1917,SSN,LEG887559,EX,Spanish,2017-02-02,,764
Burchard,Rickert,K,II,1947-02-04,Dr,rburchardl8@dropbox.com,M,373-79-1482,SSN,LEG105540,W1,Mandarin,2017-02-03,,765
Bairstow,Lilian,C,Sr,1947-02-05,Ms,lbairstowl9@tinypic.com,M,792-16-0668,TIN,LEG767496,W4,Spanish,2017-02-04,,766
Singyard,Olivero,S,Jr,1947-02-06,Mr,osingyardla@google.com,M,342-18-8604,TIN,LEG839859,W1,English,2017-02-05,,767
Skynner,Allard,Q,II,1947-02-07,Dr,askynnerlb@xrea.com,F,239-93-0794,TIN,LEG582784,W4,English,2017-02-06,2028-02-07,768
Parley,Aida,I,Sr,1947-02-08,Mrs,aparleylc@gizmodo.com,F,370-31-1158,SSN,LEG522620,W2,Mandarin,2017-02-07,2028-02-08,769
Felgate,Petronella,T,III,1947-02-09,Mrs,pfelgateld@unc.edu,F,516-09-5999,SSN,LEG524739,W1,English,2017-02-08,2028-02-09,770
Alty,Lorelle,A,Jr,1947-02-10,Dr,laltyle@mayoclinic.com,M,428-62-1749,TIN,LEG248860,W4,English,2017-02-09,,771
Stroband,Paige,F,Sr,1947-02-11,Mr,pstrobandlf@pcworld.com,F,175-69-3602,TIN,LEG405161,W4,English,2017-02-10,,772
Tothe,Lyndsey,L,II,1947-02-12,Ms,ltothelg@opera.com,M,521-61-9472,SSN,LEG407167,W1,Mandarin,2017-02-11,,773
Horwell,Shannon,C,Jr,1947-02-13,Mrs,shorwelllh@cafepress.com,F,142-01-3131,SSN,LEG970782,EX,English,2017-02-12,,774
Cuttles,Cherey,X,II,1947-02-14,Ms,ccuttlesli@usnews.com,M,715-99-7664,SSN,LEG795058,W4,Spanish,2017-02-13,,775
Haycox,Skipp,R,Jr,1947-02-15,Mr,shaycoxlj@edublogs.org,F,195-01-3297,TIN,LEG783015,W4,Spanish,2017-02-14,,776
Huncote,Dominik,I,II,1947-02-16,Ms,dhuncotelk@quantcast.com,M,288-39-9517,SSN,LEG607689,W2,Mandarin,2017-02-15,,777
Chapman,Clarance,G,Jr,1947-02-17,Mrs,cchapmanll@bigcartel.com,F,717-41-7232,TIN,LEG324902,W2,Mandarin,2017-02-16,2028-02-17,778
Milne,Lynnell,M,II,1947-02-18,Dr,lmilnelm@theatlantic.com,F,754-89-4229,TIN,LEG117958,W2,Mandarin,2017-02-17,2028-02-18,779
Dukelow,Elbertine,P,Sr,1947-02-19,Ms,edukelowln@blogtalkradio.com,M,844-49-8435,TIN,LEG435593,W1,English,2017-02-18,2028-02-19,780
Dengate,Caryl,Q,Sr,1947-02-20,Ms,cdengatelo@opensource.org,M,165-32-4645,TIN,LEG364980,W1,Mandarin,2017-02-19,,781
Bowller,Mallory,K,III,1947-02-21,Mr,mbowllerlp@hp.com,F,694-44-5289,TIN,LEG023696,W4,Mandarin,2017-02-20,,782
Havoc,Analiese,F,NA,1947-02-22,Mr,ahavoclq@istockphoto.com,F,670-50-7477,SSN,LEG443891,W2,Mandarin,2017-02-21,,783
Terrelly,Berty,D,NA,1947-02-23,Mrs,bterrellylr@4shared.com,M,677-30-1632,SSN,LEG401312,W2,Mandarin,2017-02-22,,784
Godden,Rosamund,X,II,1947-02-24,Dr,rgoddenls@wikispaces.com,M,497-83-5479,TIN,LEG055836,W1,Mandarin,2017-02-23,,785
Keenlyside,Alyssa,C,III,1947-02-25,Mrs,akeenlysidelt@europa.eu,F,604-33-7186,SSN,LEG746012,W2,English,2017-02-24,,786
Kerford,Diarmid,D,III,1947-02-26,Mr,dkerfordlu@fotki.com,M,302-05-5851,SSN,LEG325825,W4,English,2017-02-25,,787
Margrem,Dru,V,Sr,1947-02-27,Mr,dmargremlv@seattletimes.com,F,178-71-8031,SSN,LEG858282,W2,Mandarin,2017-02-26,2028-02-27,788
Garthland,Lezley,A,Jr,1947-02-28,Ms,lgarthlandlw@twitpic.com,F,111-80-7415,TIN,LEG415336,W4,Mandarin,2017-02-27,2028-02-28,789
Simoni,Lotty,P,II,1947-03-01,Mr,lsimonilx@spiegel.de,M,419-42-0023,SSN,LEG646149,W1,Spanish,2017-02-28,2028-02-29,790
Swinyard,Krystal,Z,II,1947-03-02,Dr,kswinyardly@hhs.gov,F,285-25-2211,SSN,LEG736877,W4,English,2017-03-01,,791
Giorgi,Luz,J,Jr,1947-03-03,Mrs,lgiorgilz@utexas.edu,F,144-54-9315,SSN,LEG358789,EX,English,2017-03-02,,792
Thorowgood,Kristen,P,Sr,1947-03-04,Mr,kthorowgoodm0@ucla.edu,F,508-86-1644,SSN,LEG488150,EX,Mandarin,2017-03-03,,793
Meaden,Ryon,T,III,1947-03-05,Dr,rmeadenm1@salon.com,M,572-06-6697,TIN,LEG348457,W2,Mandarin,2017-03-04,,794
Christene,Garnet,R,II,1947-03-06,Dr,gchristenem2@newyorker.com,M,268-11-3336,SSN,LEG448994,EX,Mandarin,2017-03-05,,795
Fuidge,Rafaelia,C,NA,1947-03-07,Ms,rfuidgem3@sogou.com,F,566-34-1660,TIN,LEG796326,W2,English,2017-03-06,,796
McElree,Katherine,W,II,1947-03-08,Mr,kmcelreem4@disqus.com,M,291-42-5210,SSN,LEG789584,EX,English,2017-03-07,,797
Ruppeli,Leontyne,W,II,1947-03-09,Mrs,lruppelim5@unc.edu,M,354-44-3557,SSN,LEG902954,W2,English,2017-03-08,2028-03-08,798
Southon,Dylan,K,II,1947-03-10,Mr,dsouthonm6@tumblr.com,M,313-90-7503,TIN,LEG861096,EX,Mandarin,2017-03-09,2028-03-09,799
Jacquot,Simonette,P,III,1947-03-11,Dr,sjacquotm7@dedecms.com,M,822-30-7570,TIN,LEG352491,W2,Spanish,2017-03-10,2028-03-10,800
Norrington,Courtnay,G,Sr,1947-03-12,Mr,cnorringtonm8@tmall.com,F,766-36-6434,TIN,LEG500429,W1,Spanish,2017-03-11,,801
Killick,Ingram,J,Jr,1947-03-13,Dr,ikillickm9@free.fr,F,780-98-5837,TIN,LEG268828,W2,Mandarin,2017-03-12,,802
Borghese,Agace,R,Jr,1947-03-14,Mr,aborghesema@weather.com,M,554-66-1719,TIN,LEG553333,W2,Spanish,2017-03-13,,803
Hasnney,Udall,F,II,1947-03-15,Ms,uhasnneymb@smugmug.com,F,322-21-9658,SSN,LEG097110,W2,Mandarin,2017-03-14,,804
Lean,Amalia,V,III,1947-03-16,Mr,aleanmc@nyu.edu,F,131-16-6053,SSN,LEG900094,W1,Mandarin,2017-03-15,,805
Rubenchik,Corly,R,II,1947-03-17,Dr,crubenchikmd@geocities.com,M,170-58-4887,SSN,LEG952530,W1,Mandarin,2017-03-16,,806
Enever,Jerrome,B,II,1947-03-18,Dr,jeneverme@digg.com,M,176-43-7775,SSN,LEG649782,W4,Mandarin,2017-03-17,,807
Gyer,Far,Z,Sr,1947-03-19,Mr,fgyermf@scribd.com,M,525-32-9897,TIN,LEG666997,W2,Mandarin,2017-03-18,2028-03-18,808
Waeland,Brewer,U,Sr,1947-03-20,Dr,bwaelandmg@unblog.fr,F,300-10-7534,SSN,LEG884998,W1,Mandarin,2017-03-19,2028-03-19,809
Baumler,Currey,L,Sr,1947-03-21,Mrs,cbaumlermh@google.com,M,150-39-8176,TIN,LEG945638,W2,Mandarin,2017-03-20,2028-03-20,810
Longridge,Suzy,B,Jr,1947-03-22,Mrs,slongridgemi@netscape.com,F,632-17-7769,TIN,LEG958197,EX,English,2017-03-21,,811
Jann,Axe,M,II,1947-03-23,Dr,ajannmj@chron.com,F,233-31-4603,SSN,LEG469293,W4,English,2017-03-22,,812
Kembley,Atalanta,V,II,1947-03-24,Dr,akembleymk@cnbc.com,F,630-47-9598,TIN,LEG035662,W1,English,2017-03-23,,813
Zmitruk,Patience,Y,III,1947-03-25,Mr,pzmitrukml@ca.gov,M,359-10-0792,TIN,LEG568292,EX,Mandarin,2017-03-24,,814
Saffen,Tera,U,II,1947-03-26,Dr,tsaffenmm@jalbum.net,M,580-09-9218,SSN,LEG827638,W1,Mandarin,2017-03-25,,815
Fairpo,Aila,U,II,1947-03-27,Dr,afairpomn@sina.com.cn,M,820-78-8816,SSN,LEG679662,W1,English,2017-03-26,,816
Eddisford,Quintina,C,NA,1947-03-28,Mr,qeddisfordmo@spiegel.de,M,375-48-9561,TIN,LEG812392,W1,Spanish,2017-03-27,,817
Southwood,Thacher,I,II,1947-03-29,Mrs,tsouthwoodmp@freewebs.com,F,710-19-6250,TIN,LEG229026,W2,Mandarin,2017-03-28,2028-03-28,818
Tremblett,Noel,Q,III,1947-03-30,Ms,ntremblettmq@unblog.fr,F,667-45-8889,SSN,LEG433187,EX,Spanish,2017-03-29,2028-03-29,819
Agott,Ardelia,B,II,1947-03-31,Mrs,aagottmr@dedecms.com,F,513-81-7700,SSN,LEG557468,EX,Spanish,2017-03-30,2028-03-30,820
Keddey,Nessie,Z,Jr,1947-04-01,Mr,nkeddeyms@bbc.co.uk,M,674-98-7810,SSN,LEG112539,W4,English,2017-03-31,,821
Ledley,Oliviero,D,Jr,1947-04-02,Ms,oledleymt@psu.edu,F,567-08-3197,TIN,LEG409571,W1,Mandarin,2017-04-01,,822
Antrack,Gwenette,L,II,1947-04-03,Dr,gantrackmu@umich.edu,M,166-45-3161,SSN,LEG011806,W1,Mandarin,2017-04-02,,823
Cocker,Paige,V,III,1947-04-04,Dr,pcockermv@ebay.com,F,387-33-1800,TIN,LEG212117,W4,English,2017-04-03,,824
Kumar,Troy,J,NA,1947-04-05,Ms,tkumarmw@creativecommons.org,M,183-32-0083,TIN,LEG082176,W2,English,2017-04-04,,825
Grzes,Ettore,M,Jr,1947-04-06,Ms,egrzesmx@ovh.net,F,144-66-7937,SSN,LEG128070,W2,Spanish,2017-04-05,,826
Ciciari,Randolf,E,Sr,1947-04-07,Dr,rciciarimy@theatlantic.com,M,175-93-8063,TIN,LEG539253,W1,English,2017-04-06,,827
Juszkiewicz,Tamra,M,III,1947-04-08,Dr,tjuszkiewiczmz@histats.com,F,204-79-9757,TIN,LEG122840,EX,Spanish,2017-04-07,2028-04-07,828
Toyer,Patricia,A,III,1947-04-09,Mrs,ptoyern0@cdbaby.com,M,893-97-4451,TIN,LEG745552,W2,Spanish,2017-04-08,2028-04-08,829
Praill,Ardine,D,II,1947-04-10,Dr,aprailln1@house.gov,M,148-42-2526,TIN,LEG709783,W1,Spanish,2017-04-09,2028-04-09,830
Beldam,Mellisa,Q,NA,1947-04-11,Ms,mbeldamn2@webeden.co.uk,M,464-51-6689,SSN,LEG766664,EX,Spanish,2017-04-10,,831
Dowthwaite,Ivonne,U,III,1947-04-12,Dr,idowthwaiten3@smugmug.com,F,875-94-5511,SSN,LEG348085,W4,Mandarin,2017-04-11,,832
Meeny,Barnebas,E,Jr,1947-04-13,Mr,bmeenyn4@sphinn.com,M,622-44-5349,TIN,LEG200776,W1,English,2017-04-12,,833
Costa,Erie,C,NA,1947-04-14,Mr,ecostan5@netscape.com,F,400-18-8029,TIN,LEG152918,EX,Mandarin,2017-04-13,,834
Fernandez,Barbee,I,Jr,1947-04-15,Mr,bfernandezn6@china.com.cn,F,245-30-0162,SSN,LEG683573,W4,Spanish,2017-04-14,,835
Mashal,Rolland,T,NA,1947-04-16,Ms,rmashaln7@xing.com,M,280-35-8704,TIN,LEG202287,W2,Mandarin,2017-04-15,,836
D'Aguanno,Petronille,P,Jr,1947-04-17,Mr,pdaguannon8@webmd.com,F,792-86-5737,TIN,LEG105599,EX,Spanish,2017-04-16,,837
Bolino,Julio,N,Jr,1947-04-18,Dr,jbolinon9@psu.edu,F,581-94-8589,TIN,LEG637636,W1,English,2017-04-17,2028-04-17,838
Synnott,Rustie,W,Jr,1947-04-19,Mr,rsynnottna@w3.org,M,179-18-8909,SSN,LEG462458,EX,Mandarin,2017-04-18,2028-04-18,839
Bernardet,Ursula,G,Sr,1947-04-20,Ms,ubernardetnb@japanpost.jp,F,314-59-0050,SSN,LEG124672,W2,Mandarin,2017-04-19,2028-04-19,840
Hembrow,Portia,H,Jr,1947-04-21,Dr,phembrownc@nhs.uk,M,771-94-6220,TIN,LEG234262,W2,Spanish,2017-04-20,,841
Block,Cleavland,X,II,1947-04-22,Mrs,cblocknd@vistaprint.com,M,678-83-1659,SSN,LEG594397,W4,Mandarin,2017-04-21,,842
Reeken,Hilliard,J,Sr,1947-04-23,Mr,hreekenne@google.pl,M,154-57-1461,TIN,LEG783678,EX,Mandarin,2017-04-22,,843
Toopin,Lucius,Y,NA,1947-04-24,Mrs,ltoopinnf@amazon.co.uk,F,822-65-2163,SSN,LEG890378,W2,Mandarin,2017-04-23,,844
Pudney,Osbourne,Q,II,1947-04-25,Dr,opudneyng@altervista.org,F,317-88-4463,SSN,LEG392906,W4,Spanish,2017-04-24,,845
Mechan,Steffen,C,III,1947-04-26,Dr,smechannh@patch.com,F,789-53-4779,TIN,LEG852986,W4,Spanish,2017-04-25,,846
Applebee,Annadiane,T,III,1947-04-27,Mrs,aapplebeeni@businesswire.com,F,336-82-7973,SSN,LEG579090,W2,Mandarin,2017-04-26,,847
Burrass,Darla,P,III,1947-04-28,Mrs,dburrassnj@github.com,M,315-81-5992,SSN,LEG378868,EX,Spanish,2017-04-27,2028-04-27,848
Barmadier,Nancy,Y,NA,1947-04-29,Mrs,nbarmadiernk@youtu.be,F,699-10-3800,TIN,LEG060037,W2,Spanish,2017-04-28,2028-04-28,849
Aberchirder,Roselin,Y,III,1947-04-30,Mrs,raberchirdernl@hao123.com,F,640-69-8681,SSN,LEG134116,W4,Mandarin,2017-04-29,2028-04-29,850
Volage,Sal,L,III,1947-05-01,Ms,svolagenm@about.com,F,837-94-0264,TIN,LEG311287,W2,Spanish,2017-04-30,,851
Kobierra,Jean,G,NA,1947-05-02,Dr,jkobierrann@state.gov,M,839-49-2322,SSN,LEG776387,W2,Spanish,2017-05-01,,852
Hickford,Abbot,W,Jr,1947-05-03,Ms,ahickfordno@mozilla.org,M,252-93-2231,TIN,LEG617746,W1,Spanish,2017-05-02,,853
Ginsie,Risa,W,Jr,1947-05-04,Mr,rginsienp@baidu.com,M,460-80-4056,SSN,LEG172116,EX,Spanish,2017-05-03,,854
Kelmere,Lezlie,J,Sr,1947-05-05,Mr,lkelmerenq@oaic.gov.au,F,402-51-7370,TIN,LEG772859,W2,Mandarin,2017-05-04,,855
Nutkin,Abigael,U,II,1947-05-06,Ms,anutkinnr@discuz.net,F,208-16-5827,TIN,LEG807940,W4,English,2017-05-05,,856
McKean,Thayne,O,NA,1947-05-07,Ms,tmckeanns@tuttocitta.it,F,616-46-5703,SSN,LEG242057,W2,Mandarin,2017-05-06,,857
Baggelley,Zondra,X,Sr,1947-05-08,Dr,zbaggelleynt@craigslist.org,M,214-02-9503,SSN,LEG655044,W2,Spanish,2017-05-07,2028-05-07,858
Rechert,Joelynn,V,II,1947-05-09,Dr,jrechertnu@guardian.co.uk,M,753-40-0020,TIN,LEG878665,EX,English,2017-05-08,2028-05-08,859
Butt Gow,Travus,Y,II,1947-05-10,Dr,tbuttgownv@skype.com,F,358-47-9284,SSN,LEG829433,W1,Mandarin,2017-05-09,2028-05-09,860
Ogger,Fifine,V,II,1947-05-11,Mrs,foggernw@dell.com,M,627-97-6266,TIN,LEG880061,W2,English,2017-05-10,,861
Toffler,Dyana,D,Sr,1947-05-12,Ms,dtofflernx@shop-pro.jp,M,558-73-4860,SSN,LEG204612,EX,English,2017-05-11,,862
Gellibrand,Pancho,A,II,1947-05-13,Ms,pgellibrandny@who.int,F,594-32-9601,TIN,LEG475911,W4,Spanish,2017-05-12,,863
Wellsman,Stefanie,L,Jr,1947-05-14,Mrs,swellsmannz@deliciousdays.com,M,812-46-9614,SSN,LEG892796,W4,Mandarin,2017-05-13,,864
Fairchild,Jordana,W,III,1947-05-15,Ms,jfairchildo0@vimeo.com,F,554-04-2247,SSN,LEG248529,W2,Mandarin,2017-05-14,,865
Butteris,Kylila,L,II,1947-05-16,Dr,kbutteriso1@google.com.hk,F,147-61-5956,TIN,LEG730376,EX,English,2017-05-15,,866
Siddeley,Tobi,T,Sr,1947-05-17,Ms,tsiddeleyo2@infoseek.co.jp,F,409-65-0285,SSN,LEG746535,W4,Spanish,2017-05-16,,867
Rumney,Herschel,G,Jr,1947-05-18,Mrs,hrumneyo3@de.vu,F,319-51-8135,TIN,LEG657350,W1,Mandarin,2017-05-17,2028-05-17,868
Thaim,Meier,T,Sr,1947-05-19,Mr,mthaimo4@cdbaby.com,F,275-42-5547,TIN,LEG188100,EX,English,2017-05-18,2028-05-18,869
Kielt,Mack,L,Jr,1947-05-20,Ms,mkielto5@deliciousdays.com,F,331-21-2301,SSN,LEG297768,EX,Mandarin,2017-05-19,2028-05-19,870
Rochewell,Jolee,E,III,1947-05-21,Dr,jrochewello6@reference.com,F,801-04-1138,TIN,LEG472840,W1,Spanish,2017-05-20,,871
Chinn,Catrina,J,Sr,1947-05-22,Mr,cchinno7@yellowpages.com,M,460-69-9579,TIN,LEG591154,W1,Spanish,2017-05-21,,872
Barnbrook,Averill,H,II,1947-05-23,Mrs,abarnbrooko8@craigslist.org,F,753-68-5132,TIN,LEG398573,W4,Mandarin,2017-05-22,,873
Gethouse,Bambie,L,NA,1947-05-24,Mrs,bgethouseo9@wikimedia.org,M,240-27-0160,TIN,LEG111026,W4,Spanish,2017-05-23,,874
Novic,Madalyn,C,NA,1947-05-25,Mr,mnovicoa@squidoo.com,F,400-16-0403,SSN,LEG429509,W1,English,2017-05-24,,875
Muddicliffe,Thaine,W,III,1947-05-26,Mrs,tmuddicliffeob@mediafire.com,M,540-16-0941,SSN,LEG856874,W4,Spanish,2017-05-25,,876
Phillippo,Ede,X,II,1947-05-27,Mrs,ephillippooc@huffingtonpost.com,F,648-01-8605,SSN,LEG677059,W1,English,2017-05-26,,877
Rotchell,Rubie,P,Jr,1947-05-28,Ms,rrotchellod@examiner.com,F,445-35-4471,TIN,LEG839135,EX,Mandarin,2017-05-27,2028-05-27,878
Mival,Torin,A,II,1947-05-29,Mr,tmivaloe@scribd.com,M,568-35-4664,SSN,LEG998009,EX,English,2017-05-28,2028-05-28,879
Caplis,Tally,I,NA,1947-05-30,Ms,tcaplisof@archive.org,M,496-75-9290,SSN,LEG852573,W4,Spanish,2017-05-29,2028-05-29,880
MacCracken,Westbrook,J,II,1947-05-31,Dr,wmaccrackenog@taobao.com,F,555-83-2065,TIN,LEG436351,W2,Spanish,2017-05-30,,881
Calderon,Eli,O,III,1947-06-01,Mr,ecalderonoh@youtube.com,M,720-19-9846,TIN,LEG645356,W2,Spanish,2017-05-31,,882
Dipple,Charlton,W,Sr,1947-06-02,Ms,cdippleoi@xing.com,F,678-82-7018,TIN,LEG593423,EX,English,2017-06-01,,883
Kippen,Miguel,P,Sr,1947-06-03,Dr,mkippenoj@is.gd,M,817-40-2869,SSN,LEG569106,W4,Mandarin,2017-06-02,,884
Klauber,Ewell,P,NA,1947-06-04,Mr,eklauberok@canalblog.com,M,718-96-8989,TIN,LEG226210,W4,Spanish,2017-06-03,,885
Densie,Garik,B,Jr,1947-06-05,Dr,gdensieol@deliciousdays.com,M,596-99-5072,TIN,LEG563667,W2,Mandarin,2017-06-04,,886
Cathie,Lola,O,Sr,1947-06-06,Mrs,lcathieom@bravesites.com,M,196-60-7694,SSN,LEG647637,W2,Mandarin,2017-06-05,,887
Pirrie,Augustina,U,II,1947-06-07,Mrs,apirrieon@nyu.edu,F,134-14-4839,TIN,LEG547879,EX,Spanish,2017-06-06,2028-06-06,888
Caselli,Merry,S,Sr,1947-06-08,Dr,mcasellioo@imageshack.us,M,570-37-6375,TIN,LEG753870,W2,Spanish,2017-06-07,2028-06-07,889
Shouler,Nancie,G,Sr,1947-06-09,Dr,nshoulerop@wp.com,M,494-82-7083,TIN,LEG234636,W1,Mandarin,2017-06-08,2028-06-08,890
Gregon,Cinderella,H,Jr,1947-06-10,Mr,cgregonoq@loc.gov,F,291-13-5169,SSN,LEG841520,W2,English,2017-06-09,,891
Lyman,Petr,Z,Jr,1947-06-11,Ms,plymanor@wordpress.org,F,281-31-2070,TIN,LEG143271,W1,English,2017-06-10,,892
Mongeot,Jan,L,III,1947-06-12,Ms,jmongeotos@surveymonkey.com,M,669-07-6080,SSN,LEG838144,W4,Mandarin,2017-06-11,,893
Condict,Alan,T,III,1947-06-13,Dr,acondictot@microsoft.com,F,639-77-9326,TIN,LEG334068,W1,Spanish,2017-06-12,,894
Hinkens,Angie,N,III,1947-06-14,Dr,ahinkensou@nbcnews.com,M,481-98-9508,SSN,LEG626455,W1,Mandarin,2017-06-13,,895
Sarle,Katleen,U,III,1947-06-15,Dr,ksarleov@woothemes.com,F,259-02-4867,TIN,LEG725487,W1,Spanish,2017-06-14,,896
Eginton,Astrix,P,III,1947-06-16,Dr,aegintonow@surveymonkey.com,M,715-60-4164,TIN,LEG175797,W2,English,2017-06-15,,897
Fishbourn,Blanca,K,NA,1947-06-17,Mrs,bfishbournox@irs.gov,F,823-04-1952,SSN,LEG057278,W4,English,2017-06-16,2028-06-16,898
Brise,Eve,M,NA,1947-06-18,Ms,ebriseoy@dell.com,M,680-76-6594,TIN,LEG899692,EX,Spanish,2017-06-17,2028-06-17,899
Cromack,Cathe,K,II,1947-06-19,Ms,ccromackoz@ustream.tv,F,303-19-3476,SSN,LEG731430,W1,English,2017-06-18,2028-06-18,900
Spellsworth,Christoffer,K,III,1947-06-20,Mrs,cspellsworthp0@sina.com.cn,F,200-89-7578,TIN,LEG495252,W4,Mandarin,2017-06-19,,901
Mcmanaman,Sarine,H,Jr,1947-06-21,Mrs,smcmanamanp1@washington.edu,F,424-91-7961,TIN,LEG868179,EX,English,2017-06-20,,902
Yaxley,Laurence,B,Sr,1947-06-22,Dr,lyaxleyp2@marriott.com,F,101-88-4669,TIN,LEG234931,W1,Spanish,2017-06-21,,903
Sterke,Noel,F,NA,1947-06-23,Ms,nsterkep3@ning.com,F,228-15-1552,TIN,LEG493197,W1,English,2017-06-22,,904
Hastwell,Abagael,R,NA,1947-06-24,Ms,ahastwellp4@jugem.jp,M,145-64-5958,SSN,LEG675788,W2,Mandarin,2017-06-23,,905
Rubinshtein,Kimbell,Y,III,1947-06-25,Dr,krubinshteinp5@kickstarter.com,M,202-93-2723,TIN,LEG867297,W2,Mandarin,2017-06-24,,906
Lancley,Averyl,S,II,1947-06-26,Ms,alancleyp6@toplist.cz,F,403-61-4503,TIN,LEG194728,EX,Spanish,2017-06-25,,907
Bamford,Nanice,O,Jr,1947-06-27,Ms,nbamfordp7@naver.com,F,185-34-7847,TIN,LEG421461,W2,English,2017-06-26,2028-06-26,908
Duffet,Ted,K,II,1947-06-28,Mr,tduffetp8@goodreads.com,M,793-12-8154,TIN,LEG836803,W4,English,2017-06-27,2028-06-27,909
Brierley,Alejoa,U,III,1947-06-29,Mr,abrierleyp9@cargocollective.com,F,274-39-5674,SSN,LEG862641,EX,Spanish,2017-06-28,2028-06-28,910
Wichard,Arney,M,III,1947-06-30,Ms,awichardpa@ucoz.com,F,793-09-1847,TIN,LEG838283,W4,English,2017-06-29,,911
Gallagher,Jedd,O,III,1947-07-01,Ms,jgallagherpb@1und1.de,F,581-48-6678,TIN,LEG509621,W2,Spanish,2017-06-30,,912
Doldon,Thedrick,M,NA,1947-07-02,Mr,tdoldonpc@bluehost.com,F,302-41-5515,TIN,LEG860065,W1,English,2017-07-01,,913
Memmory,Ethelind,Z,Sr,1947-07-03,Mrs,ememmorypd@elpais.com,M,599-62-9965,TIN,LEG989129,W2,Spanish,2017-07-02,,914
Tight,Udall,D,NA,1947-07-04,Dr,utightpe@wired.com,F,379-22-2976,SSN,LEG402685,EX,English,2017-07-03,,915
Hove,Myrle,Z,NA,1947-07-05,Mr,mhovepf@smugmug.com,M,269-59-4095,SSN,LEG318902,W2,English,2017-07-04,,916
Rawood,Amie,Z,Sr,1947-07-06,Ms,arawoodpg@hubpages.com,M,107-98-2805,SSN,LEG736309,W1,Spanish,2017-07-05,,917
Ram,Dina,H,NA,1947-07-07,Ms,dramph@hao123.com,M,430-30-8102,TIN,LEG993053,W2,English,2017-07-06,2028-07-06,918
Hamman,Elysha,E,Jr,1947-07-08,Dr,ehammanpi@bigcartel.com,M,649-99-0882,SSN,LEG818232,W1,Mandarin,2017-07-07,2028-07-07,919
Fooks,Jilleen,S,II,1947-07-09,Ms,jfookspj@bloglovin.com,F,662-16-8023,TIN,LEG103187,W2,English,2017-07-08,2028-07-08,920
Le Borgne,Christos,D,II,1947-07-10,Dr,cleborgnepk@newyorker.com,M,835-28-7416,TIN,LEG574791,W2,English,2017-07-09,,921
Batchelour,Vidovik,X,II,1947-07-11,Mrs,vbatchelourpl@unc.edu,M,256-65-4572,SSN,LEG031668,W4,Spanish,2017-07-10,,922
Mueller,Carlyn,T,Jr,1947-07-12,Ms,cmuellerpm@java.com,F,402-12-4981,SSN,LEG507825,W4,Spanish,2017-07-11,,923
Decort,Arnie,Y,III,1947-07-13,Ms,adecortpn@liveinternet.ru,F,677-23-3614,TIN,LEG901194,W4,English,2017-07-12,,924
Kaufman,Stella,N,Sr,1947-07-14,Mrs,skaufmanpo@last.fm,F,107-53-5199,SSN,LEG540462,EX,Spanish,2017-07-13,,925
Tulleth,Odella,Q,NA,1947-07-15,Mr,otullethpp@people.com.cn,M,479-65-3611,SSN,LEG415427,EX,Spanish,2017-07-14,,926
Eversfield,Gratiana,G,NA,1947-07-16,Mr,geversfieldpq@creativecommons.org,F,750-45-5968,SSN,LEG285965,W4,Mandarin,2017-07-15,,927
Simester,Lorita,C,III,1947-07-17,Mrs,lsimesterpr@usgs.gov,M,491-96-3452,SSN,LEG915374,W2,Mandarin,2017-07-16,2028-07-16,928
Sokell,Martie,A,II,1947-07-18,Mr,msokellps@google.cn,F,789-89-6285,SSN,LEG527334,W1,Spanish,2017-07-17,2028-07-17,929
Cudworth,Adria,C,III,1947-07-19,Mr,acudworthpt@e-recht24.de,F,640-23-8532,TIN,LEG879712,EX,Spanish,2017-07-18,2028-07-18,930
Eubank,Melany,P,III,1947-07-20,Dr,meubankpu@liveinternet.ru,F,392-19-6292,SSN,LEG794286,W2,Spanish,2017-07-19,,931
Mackrell,Laurella,D,Jr,1947-07-21,Ms,lmackrellpv@kickstarter.com,M,710-10-5748,SSN,LEG050874,EX,English,2017-07-20,,932
Padwick,Samantha,F,III,1947-07-22,Ms,spadwickpw@state.tx.us,F,893-79-2642,TIN,LEG807199,EX,English,2017-07-21,,933
Costa,Jasper,L,II,1947-07-23,Mrs,jcostapx@aboutads.info,M,288-80-9317,SSN,LEG634895,W2,English,2017-07-22,,934
Woodcroft,Agustin,Z,III,1947-07-24,Mrs,awoodcroftpy@parallels.com,M,171-03-8386,SSN,LEG289674,W2,English,2017-07-23,,935
Bowgen,Alleyn,T,NA,1947-07-25,Mrs,abowgenpz@friendfeed.com,M,526-24-1487,TIN,LEG444208,W2,Mandarin,2017-07-24,,936
Leil,Kaylee,T,Sr,1947-07-26,Dr,kleilq0@dagondesign.com,M,391-32-8238,TIN,LEG654522,EX,Spanish,2017-07-25,,937
Curtain,Rob,Q,Jr,1947-07-27,Mrs,rcurtainq1@plala.or.jp,F,619-62-2476,SSN,LEG788422,W2,Spanish,2017-07-26,2028-07-26,938
Rubenczyk,Nissy,N,Sr,1947-07-28,Ms,nrubenczykq2@usgs.gov,M,778-73-2110,SSN,LEG808177,EX,English,2017-07-27,2028-07-27,939
Monger,Phylys,Y,Jr,1947-07-29,Ms,pmongerq3@pinterest.com,F,325-82-9306,SSN,LEG108054,EX,English,2017-07-28,2028-07-28,940
Shreve,Olwen,S,II,1947-07-30,Dr,oshreveq4@usda.gov,M,661-25-4410,SSN,LEG952789,W4,Mandarin,2017-07-29,,941
Cripwell,Caresse,E,Jr,1947-07-31,Mr,ccripwellq5@geocities.com,M,141-75-4824,SSN,LEG243386,W2,Spanish,2017-07-30,,942
Gyngell,Marta,Y,II,1947-08-01,Dr,mgyngellq6@msn.com,F,200-61-0573,TIN,LEG151372,EX,English,2017-07-31,,943
Willey,Brinn,C,II,1947-08-02,Ms,bwilleyq7@thetimes.co.uk,M,383-42-4800,SSN,LEG301865,W2,Mandarin,2017-08-01,,944
Davers,Odetta,B,III,1947-08-03,Mr,odaversq8@oakley.com,M,389-05-3306,SSN,LEG282671,EX,Mandarin,2017-08-02,,945
Gawkroge,Tamera,H,Sr,1947-08-04,Mr,tgawkrogeq9@mayoclinic.com,F,385-62-9664,TIN,LEG077494,W4,Mandarin,2017-08-03,,946
Doumenc,Meir,Y,II,1947-08-05,Mrs,mdoumencqa@merriam-webster.com,M,665-11-1191,SSN,LEG922744,EX,Mandarin,2017-08-04,,947
Gard,Heidi,P,III,1947-08-06,Dr,hgardqb@artisteer.com,M,811-16-5897,TIN,LEG322438,W4,Spanish,2017-08-05,2028-08-05,948
Zealey,Archie,A,NA,1947-08-07,Mr,azealeyqc@mtv.com,F,102-76-7426,SSN,LEG372956,W1,Mandarin,2017-08-06,2028-08-06,949
Mogridge,Theodosia,X,Sr,1947-08-08,Ms,tmogridgeqd@a8.net,M,133-01-9100,SSN,LEG527419,W4,Spanish,2017-08-07,2028-08-07,950
Fairnie,Leann,N,Jr,1947-08-09,Mr,lfairnieqe@amazon.com,M,503-57-5893,TIN,LEG278955,EX,Spanish,2017-08-08,,951
Joskovitch,Corly,N,Sr,1947-08-10,Ms,cjoskovitchqf@google.co.uk,F,779-71-3950,TIN,LEG946590,W1,Mandarin,2017-08-09,,952
Allcott,Napoleon,F,Jr,1947-08-11,Mrs,nallcottqg@discuz.net,M,658-84-3171,TIN,LEG786929,EX,English,2017-08-10,,953
Cadell,Shawn,J,NA,1947-08-12,Mrs,scadellqh@paginegialle.it,F,177-10-1618,TIN,LEG271776,W1,Spanish,2017-08-11,,954
Hymor,Millicent,U,Sr,1947-08-13,Mrs,mhymorqi@mayoclinic.com,F,745-13-7358,TIN,LEG986894,EX,English,2017-08-12,,955
Bagnall,Isidore,Z,Sr,1947-08-14,Mr,ibagnallqj@jimdo.com,F,549-09-1780,SSN,LEG178122,W4,English,2017-08-13,,956
Galbraeth,Prentice,F,NA,1947-08-15,Mr,pgalbraethqk@infoseek.co.jp,M,337-51-7386,TIN,LEG744648,W2,Spanish,2017-08-14,,957
Rillett,Leonanie,V,Sr,1947-08-16,Mrs,lrillettql@buzzfeed.com,F,239-68-1839,TIN,LEG282171,W2,Spanish,2017-08-15,2028-08-15,958
Seaman,Cristie,A,Sr,1947-08-17,Ms,cseamanqm@tripadvisor.com,F,423-25-4770,TIN,LEG625904,W4,Mandarin,2017-08-16,2028-08-16,959
Tawse,Lewie,G,III,1947-08-18,Mrs,ltawseqn@linkedin.com,M,426-54-7819,SSN,LEG750241,W4,Spanish,2017-08-17,2028-08-17,960
Burtenshaw,Norton,Y,Sr,1947-08-19,Ms,nburtenshawqo@wix.com,M,276-59-7915,TIN,LEG569380,W4,English,2017-08-18,,961
Kayes,Farris,Y,Jr,1947-08-20,Ms,fkayesqp@rakuten.co.jp,M,384-55-2207,SSN,LEG940560,EX,English,2017-08-19,,962
Gulland,Catherina,D,NA,1947-08-21,Dr,cgullandqq@twitter.com,M,672-42-0991,SSN,LEG528838,EX,Spanish,2017-08-20,,963
Bielefeld,Ulla,M,NA,1947-08-22,Mr,ubielefeldqr@unc.edu,M,668-60-7032,SSN,LEG986260,W4,Mandarin,2017-08-21,,964
Wahncke,Vincenty,M,III,1947-08-23,Mr,vwahnckeqs@usgs.gov,M,775-58-5593,SSN,LEG681619,EX,Spanish,2017-08-22,,965
Pedrozzi,Marcie,E,NA,1947-08-24,Mrs,mpedrozziqt@princeton.edu,M,787-64-3111,SSN,LEG714209,W2,Spanish,2017-08-23,,966
Grotty,Ivie,D,III,1947-08-25,Dr,igrottyqu@ox.ac.uk,F,749-15-2603,SSN,LEG337867,W2,Mandarin,2017-08-24,,967
Pywell,Idette,H,II,1947-08-26,Mr,ipywellqv@google.com.au,F,534-88-7041,TIN,LEG794049,W2,Mandarin,2017-08-25,2028-08-25,968
Semrad,Benita,O,II,1947-08-27,Ms,bsemradqw@yahoo.com,F,575-59-3111,TIN,LEG519170,W2,Mandarin,2017-08-26,2028-08-26,969
Yanin,Leonanie,Q,Sr,1947-08-28,Ms,lyaninqx@hud.gov,M,216-93-2407,SSN,LEG094402,EX,Spanish,2017-08-27,2028-08-27,970
Ajean,Junie,J,NA,1947-08-29,Mr,jajeanqy@google.pl,F,738-37-9633,SSN,LEG046489,EX,Spanish,2017-08-28,,971
MacCallester,Tuck,A,NA,1947-08-30,Ms,tmaccallesterqz@photobucket.com,M,279-15-5972,TIN,LEG963786,W1,Mandarin,2017-08-29,,972
MacLaverty,Orson,P,Sr,1947-08-31,Dr,omaclavertyr0@whitehouse.gov,F,850-21-9940,TIN,LEG992523,W1,Mandarin,2017-08-30,,973
Oglesbee,Randie,P,Jr,1947-09-01,Mrs,roglesbeer1@ihg.com,M,744-25-9968,SSN,LEG824145,W2,English,2017-08-31,,974
Couttes,Art,N,Jr,1947-09-02,Mr,acouttesr2@networksolutions.com,F,604-66-0522,SSN,LEG313577,EX,English,2017-09-01,,975
Wilkinson,Had,R,Jr,1947-09-03,Mr,hwilkinsonr3@chron.com,M,779-83-3868,SSN,LEG886004,W2,English,2017-09-02,,976
Sex,Nesta,J,II,1947-09-04,Ms,nsexr4@jimdo.com,M,316-39-7327,SSN,LEG042215,W4,Spanish,2017-09-03,,977
Stanbrooke,Anstice,P,II,1947-09-05,Ms,astanbrooker5@google.com,F,155-39-1610,TIN,LEG644866,W2,Mandarin,2017-09-04,2028-09-04,978
Hallworth,Alonzo,X,Sr,1947-09-06,Ms,ahallworthr6@4shared.com,F,661-71-8966,SSN,LEG965472,W1,Mandarin,2017-09-05,2028-09-05,979
Dufton,Bette-ann,P,II,1947-09-07,Ms,bduftonr7@networkadvertising.org,M,554-69-6509,TIN,LEG290744,W4,Mandarin,2017-09-06,2028-09-06,980
Duligall,Cris,E,Jr,1947-09-08,Ms,cduligallr8@samsung.com,F,695-52-1454,TIN,LEG446933,EX,Mandarin,2017-09-07,,981
Blowes,Ulrika,J,NA,1947-09-09,Mrs,ublowesr9@chron.com,M,370-25-6075,SSN,LEG113337,W2,English,2017-09-08,,982
Gover,Cleavland,U,Jr,1947-09-10,Dr,cgoverra@ucoz.com,F,341-49-1295,SSN,LEG618237,EX,Mandarin,2017-09-09,,983
Decayette,Andromache,K,NA,1947-09-11,Mrs,adecayetterb@etsy.com,M,140-11-2973,TIN,LEG759428,EX,Spanish,2017-09-10,,984
Cominoli,Evie,O,NA,1947-09-12,Mr,ecominolirc@nymag.com,F,130-76-9709,SSN,LEG508551,W1,Mandarin,2017-09-11,,985
Boothroyd,Alejandrina,R,III,1947-09-13,Ms,aboothroydrd@state.tx.us,M,735-38-1846,SSN,LEG226460,W2,English,2017-09-12,,986
Tompsett,Jozef,N,III,1947-09-14,Mr,jtompsettre@google.nl,M,629-44-9894,TIN,LEG248493,W1,English,2017-09-13,,987
Furlonge,Alejandra,Y,Jr,1947-09-15,Mr,afurlongerf@artisteer.com,M,784-69-2324,TIN,LEG055535,EX,English,2017-09-14,2028-09-14,988
Ponte,Garner,A,II,1947-09-16,Mr,gponterg@prlog.org,F,306-88-2602,TIN,LEG358756,W4,Mandarin,2017-09-15,2028-09-15,989
Kernar,Cesya,O,III,1947-09-17,Mrs,ckernarrh@senate.gov,M,367-27-4685,SSN,LEG172423,W4,Mandarin,2017-09-16,2028-09-16,990
Plumbley,Johan,R,III,1947-09-18,Ms,jplumbleyri@hatena.ne.jp,M,769-22-0443,TIN,LEG138158,W1,Mandarin,2017-09-17,,991
McHan,Stu,J,Jr,1947-09-19,Ms,smchanrj@e-recht24.de,M,892-62-1831,TIN,LEG697683,W2,Spanish,2017-09-18,,992
Gyves,Eliza,F,NA,1947-09-20,Mr,egyvesrk@istockphoto.com,F,749-77-1547,TIN,LEG381516,W1,Spanish,2017-09-19,,993
Scruton,Elwira,M,II,1947-09-21,Ms,escrutonrl@bizjournals.com,F,182-61-5183,SSN,LEG142698,W4,English,2017-09-20,,994
Padkin,Deanna,G,III,1947-09-22,Dr,dpadkinrm@noaa.gov,F,707-66-5824,TIN,LEG303419,EX,Spanish,2017-09-21,,995
Moylan,Sioux,Z,II,1947-09-23,Dr,smoylanrn@elpais.com,F,386-84-4770,TIN,LEG851693,W4,English,2017-09-22,,996
Gasker,Dorena,S,Jr,1947-09-24,Mr,dgaskerro@merriam-webster.com,M,441-23-9175,SSN,LEG304608,W1,Spanish,2017-09-23,,997
Gratrix,Quinta,S,III,1947-09-25,Ms,qgratrixrp@nymag.com,F,710-26-2561,SSN,LEG669804,W4,Mandarin,2017-09-24,2028-09-24,998
Flear,Ardra,B,III,1947-09-26,Dr,aflearrq@diigo.com,F,811-65-0456,SSN,LEG197560,W4,English,2017-09-25,2028-09-25,999
Alvis,Iago,N,II,1947-09-27,Mrs,ialvisrr@cpanel.net,F,421-97-8424,SSN,LEG167145,EX,Mandarin,2017-09-26,2028-09-26,1000
