ContractID,WellnessProgramID,EnrollDate,Status
1,2,2021-01-01,Lapsed
50840,3,2026-01-30,Active
17953,4,2024-03-24,Active
35789,5,2025-10-08,Complete
29993,1,2023-04-26,Active
14422,2,2026-03-13,Active
6502,3,2025-02-13,Active
13073,4,2026-06-12,Lapsed
3469,5,2023-09-10,Active
7846,1,2026-04-27,Complete
53599,2,2025-09-20,Active
28082,3,2025-12-24,Complete
38389,4,2025-05-19,Active
26337,5,2024-07-25,Active
9632,1,2025-12-12,Complete
15080,2,2026-05-22,Active
9830,3,2026-06-25,Complete
34680,4,2026-03-10,Active
1896,5,2026-06-30,Active
41174,1,2024-08-22,Lapsed
46276,2,2024-04-19,Active
41137,3,2025-02-02,Active
288,4,2025-08-10,Active
11902,5,2025-03-29,Active
3089,1,2023-10-08,Active
36166,2,2025-08-31,Active
57173,3,2026-05-06,Complete
16040,4,2026-06-03,Active
19296,5,2026-05-22,Active
47991,1,2025-08-31,Complete
4815,2,2025-08-19,Complete
55232,3,2025-09-27,Active
48710,4,2026-02-28,Complete
52476,5,2026-03-27,Active
9736,1,2026-05-19,Lapsed
44688,2,2026-01-18,Active
48772,3,2025-11-26,Lapsed
25142,4,2025-05-23,Active
18174,5,2026-04-25,Lapsed
53541,1,2024-10-08,Active
12459,2,2025-03-13,Active
37557,3,2026-03-24,Active
53689,4,2026-06-25,Complete
21474,5,2025-11-04,Active
47836,1,2026-06-02,Active
53476,2,2026-06-23,Complete
50863,3,2026-05-17,Active
17979,4,2025-06-13,Active
52785,5,2023-03-29,Active
19982,1,2026-03-20,Active
18651,2,2026-01-24,Active
54529,3,2026-06-30,Active
51015,4,2026-04-17,Lapsed
8501,5,2025-09-12,Active
27020,1,2026-03-24,Active
48424,2,2025-11-09,Active
56998,3,2024-09-19,Active
43274,4,2026-06-22,Active
37940,5,2023-08-06,Active
53597,1,2026-04-23,Active
7508,2,2025-12-09,Active
11979,3,2025-09-24,Lapsed
31457,4,2024-04-15,Lapsed
6214,5,2026-06-21,Lapsed
40958,1,2024-09-13,Active
8268,2,2025-11-12,Complete
29552,3,2026-03-10,Active
21204,4,2026-02-11,Complete
22827,5,2026-03-16,Lapsed
15852,1,2026-06-05,Active
48858,2,2026-06-20,Complete
4473,3,2026-06-23,Active
22946,4,2023-06-05,Active
52864,5,2026-06-21,Complete
7629,1,2025-08-25,Complete
33299,2,2026-01-15,Active
25505,3,2026-04-17,Active
57371,4,2026-05-13,Active
43280,5,2025-10-11,Active
59971,1,2026-06-05,Active
53631,2,2024-03-04,Active
54932,3,2026-04-06,Complete
10592,4,2023-12-13,Active
5882,5,2026-06-02,Active
50352,1,2026-04-06,Active
179,2,2025-10-10,Active
24687,3,2026-05-11,Active
1455,4,2026-02-26,Active
33202,5,2025-03-30,Active
29560,1,2025-12-28,Active
7005,2,2026-05-21,Active
52582,3,2025-07-13,Complete
55372,4,2026-05-17,Active
50525,5,2026-01-10,Active
10249,1,2025-07-02,Active
34793,2,2026-04-17,Active
19312,3,2026-06-12,Active
58834,4,2022-05-26,Active
48288,5,2025-03-02,Active
31520,1,2024-01-08,Active
51040,2,2025-11-10,Active
52914,3,2026-06-24,Complete
27274,4,2026-06-14,Active
12710,5,2025-03-11,Active
26062,1,2026-06-06,Complete
42727,2,2026-05-22,Complete
11390,3,2025-12-13,Lapsed
15571,4,2026-04-23,Active
16685,5,2025-03-07,Active
5733,1,2026-03-20,Active
41056,2,2026-06-09,Active
10462,3,2023-02-14,Active
44717,4,2026-03-09,Active
25084,5,2024-11-22,Active
32628,1,2026-05-29,Active
39609,2,2025-09-24,Active
41617,3,2026-02-15,Lapsed
41848,4,2026-01-14,Active
30402,5,2025-07-17,Active
20893,1,2026-04-21,Complete
15903,2,2025-08-09,Active
59677,3,2024-06-30,Active
40949,4,2025-05-09,Active
49063,5,2026-06-16,Active
33357,1,2026-06-09,Complete
27644,2,2024-09-25,Active
20906,3,2026-06-19,Active
34105,4,2026-06-02,Active
51352,5,2026-06-12,Active
17832,1,2025-05-01,Lapsed
40650,2,2026-03-22,Active
15999,3,2026-01-05,Active
6242,4,2026-06-13,Lapsed
4800,5,2025-05-11,Active
27409,1,2026-06-24,Complete
17535,2,2025-10-28,Active
11453,3,2026-03-22,Lapsed
49371,4,2026-06-28,Active
38085,5,2026-06-25,Complete
39760,1,2025-06-26,Active
4417,2,2023-12-14,Active
55253,3,2026-04-28,Active
33419,4,2026-05-24,Active
19786,5,2026-06-06,Complete
32606,1,2026-06-10,Active
57180,2,2024-02-02,Active
43195,3,2026-04-02,Active
8056,4,2026-05-12,Active
2140,5,2022-09-18,Active
54933,1,2025-07-19,Active
6358,2,2025-11-10,Complete
56072,3,2026-05-10,Active
39775,4,2026-05-04,Active
10671,5,2025-12-10,Active
5533,1,2025-11-25,Complete
5224,2,2026-04-12,Active
6746,3,2026-01-16,Active
53064,4,2025-06-30,Active
43825,5,2025-11-19,Active
3564,1,2025-12-25,Lapsed
17666,2,2026-06-11,Active
59326,3,2025-09-08,Active
11144,4,2022-02-18,Active
21575,5,2025-05-11,Active
59196,1,2024-07-14,Active
16245,2,2025-12-01,Active
50157,3,2026-01-10,Active
25086,4,2026-01-17,Active
57883,5,2026-06-01,Active
14084,1,2026-06-30,Active
55835,2,2026-06-13,Active
29292,3,2024-04-21,Active
7818,4,2023-11-14,Active
1437,5,2025-10-18,Active
12378,1,2026-03-26,Active
56936,2,2024-07-25,Active
50723,3,2024-05-12,Complete
34448,4,2025-11-14,Active
28410,5,2026-03-31,Active
4612,1,2026-06-16,Active
28481,2,2026-04-29,Active
47952,3,2025-09-18,Lapsed
49761,4,2025-11-18,Active
51481,5,2026-06-21,Active
50685,1,2026-05-30,Active
58722,2,2026-06-06,Complete
22657,3,2025-12-15,Active
22566,4,2025-10-24,Active
30470,5,2026-06-22,Complete
15604,1,2024-01-28,Active
42897,2,2023-10-09,Active
19032,3,2025-07-24,Active
8806,4,2026-02-17,Active
32156,5,2025-05-15,Active
14168,1,2024-11-24,Active
39369,2,2025-09-11,Active
15582,3,2023-04-27,Active
46117,4,2025-05-29,Complete
30202,5,2026-06-13,Active
2132,1,2026-06-14,Active
23075,2,2025-12-01,Active
54961,3,2024-09-18,Active
3372,4,2026-05-11,Lapsed
12536,5,2025-01-19,Active
14646,1,2025-11-08,Active
50468,2,2026-03-13,Complete
20520,3,2025-04-21,Complete
12403,4,2026-03-12,Active
18054,5,2025-07-05,Active
33218,1,2026-06-19,Active
54222,2,2024-09-11,Complete
28675,3,2026-05-13,Active
59938,4,2026-05-20,Active
33799,5,2026-05-16,Active
30044,1,2025-07-16,Active
33747,2,2026-04-27,Complete
37470,3,2026-06-14,Active
37428,4,2024-06-16,Active
20605,5,2026-06-28,Active
48977,1,2023-01-08,Lapsed
57726,2,2026-01-24,Complete
47426,3,2026-05-12,Complete
6471,4,2025-12-10,Lapsed
50879,5,2026-06-23,Active
41852,1,2025-07-16,Active
17301,2,2026-05-17,Active
40873,3,2026-05-20,Active
34186,4,2025-05-09,Complete
23222,5,2022-02-12,Active
44901,1,2025-05-14,Active
58214,2,2025-12-07,Active
4269,3,2026-05-02,Active
18486,4,2026-06-01,Active
38550,5,2026-06-02,Complete
11154,1,2026-05-26,Active
30889,2,2025-09-15,Active
36449,3,2026-03-17,Active
30805,4,2023-12-24,Complete
28634,5,2025-07-15,Active
59566,1,2025-07-03,Active
41757,2,2026-06-06,Active
53665,3,2025-11-11,Active
48824,4,2024-07-15,Active
27529,5,2026-03-07,Lapsed
27405,1,2026-01-28,Complete
4517,2,2024-07-24,Active
2828,3,2026-05-11,Complete
49830,4,2024-10-20,Active
32345,5,2024-05-23,Active
8662,1,2025-07-22,Lapsed
21543,2,2026-02-14,Active
20954,3,2024-10-23,Active
57003,4,2025-12-25,Active
19769,5,2026-06-26,Complete
52731,1,2026-06-19,Active
26020,2,2026-05-02,Active
51220,3,2025-05-10,Complete
56840,4,2026-03-26,Active
28132,5,2023-06-05,Complete
24961,1,2026-03-23,Active
430,2,2026-06-07,Active
2108,3,2026-03-29,Active
10879,4,2026-04-30,Active
36536,5,2024-05-08,Complete
32997,1,2024-11-28,Lapsed
25534,2,2025-10-27,Active
59475,3,2025-02-06,Complete
41518,4,2026-03-09,Active
39998,5,2026-06-27,Complete
26833,1,2026-05-08,Active
15887,2,2026-06-28,Active
27250,3,2025-03-10,Active
36132,4,2026-06-27,Active
26305,5,2026-05-12,Active
21496,1,2025-09-05,Active
39761,2,2026-02-05,Active
34022,3,2026-06-01,Active
57346,4,2023-11-17,Active
57100,5,2025-01-17,Active
42376,1,2026-02-11,Complete
41423,2,2024-08-11,Active
45749,3,2026-05-05,Active
24047,4,2025-10-19,Complete
43805,5,2023-04-15,Active
27374,1,2026-04-13,Active
29835,2,2023-06-29,Active
26352,3,2025-10-27,Active
47959,4,2024-12-29,Active
33349,5,2026-05-26,Active
37778,1,2024-10-06,Active
38479,2,2025-10-21,Active
30784,3,2026-02-25,Active
21446,4,2023-12-15,Active
16657,5,2026-06-12,Active
15473,1,2026-05-10,Lapsed
40703,2,2025-12-15,Complete
4104,3,2026-06-16,Active
522,4,2026-06-14,Active
52621,5,2025-12-13,Active
51147,1,2022-08-14,Complete
6439,2,2026-03-21,Lapsed
14689,3,2026-05-02,Active
43303,4,2026-06-19,Active
25148,5,2026-01-17,Complete
28385,1,2026-05-02,Complete
11107,2,2026-06-18,Complete
56660,3,2026-05-21,Lapsed
12090,4,2025-09-13,Lapsed
13758,5,2026-06-29,Lapsed
57126,1,2026-06-02,Active
54766,2,2026-03-27,Active
12032,3,2023-07-15,Active
43654,4,2024-10-25,Complete
59544,5,2026-06-03,Active
18661,1,2025-04-16,Lapsed
40136,2,2026-04-18,Active
33270,3,2024-04-08,Active
3192,4,2026-04-06,Complete
8348,5,2025-12-21,Lapsed
9623,1,2024-07-31,Active
15480,2,2026-03-18,Active
11442,3,2026-06-30,Complete
4317,4,2025-03-29,Active
38823,5,2024-11-25,Active
36850,1,2024-02-27,Complete
3071,2,2023-08-08,Lapsed
32564,3,2025-11-04,Active
12509,4,2026-04-22,Active
13611,5,2026-04-18,Active
33971,1,2026-06-16,Active
12972,2,2024-11-21,Active
542,3,2024-09-27,Active
10732,4,2024-11-14,Complete
52131,5,2026-04-04,Active
31157,1,2024-11-29,Active
15510,2,2025-03-05,Active
19129,3,2024-07-01,Active
37505,4,2026-01-23,Active
37157,5,2026-06-06,Active
10300,1,2024-04-23,Complete
47211,2,2025-10-20,Active
57042,3,2026-06-08,Active
26944,4,2025-07-14,Active
16055,5,2025-02-06,Lapsed
15330,1,2025-03-22,Active
53157,2,2026-04-02,Active
14516,3,2024-07-23,Active
7893,4,2025-03-23,Active
37685,5,2026-01-29,Active
45224,1,2024-10-09,Active
24787,2,2026-05-04,Active
9457,3,2026-06-24,Complete
3064,4,2026-04-13,Active
54437,5,2025-10-20,Active
26157,1,2026-06-09,Active
16340,2,2025-01-14,Complete
52156,3,2026-05-30,Active
59493,4,2024-12-12,Active
5569,5,2024-06-14,Active
18798,1,2025-06-08,Active
44838,2,2023-12-15,Lapsed
53463,3,2026-05-01,Active
48201,4,2026-05-30,Complete
50708,5,2025-05-29,Complete
25105,1,2026-05-07,Active
19247,2,2026-03-30,Active
24740,3,2026-06-10,Active
13880,4,2026-04-13,Active
905,5,2023-09-09,Active
9562,1,2025-08-16,Active
24911,2,2025-03-10,Lapsed
57120,3,2026-03-11,Complete
1892,4,2026-02-08,Active
30148,5,2025-09-12,Active
26831,1,2023-10-04,Complete
24613,2,2025-03-10,Active
4751,3,2026-06-15,Lapsed
20216,4,2026-05-11,Active
37274,5,2025-07-27,Complete
21869,1,2025-01-22,Active
48326,2,2026-04-30,Active
68,3,2021-12-15,Active
30980,4,2024-07-05,Active
24450,5,2023-02-18,Active
55909,1,2026-01-01,Active
46760,2,2026-06-19,Active
20675,3,2025-09-06,Lapsed
50897,4,2026-06-22,Active
37009,5,2024-08-16,Lapsed
49657,1,2025-04-13,Active
35018,2,2026-03-30,Active
27006,3,2026-06-17,Active
21995,4,2026-04-23,Complete
14216,5,2024-02-27,Active
8336,1,2025-01-20,Complete
24580,2,2024-10-26,Active
38887,3,2026-03-07,Active
59011,4,2025-12-01,Active
48796,5,2026-02-11,Active
58643,1,2026-02-18,Complete
31022,2,2025-09-24,Active
43900,3,2025-12-09,Complete
7111,4,2025-07-20,Active
2783,5,2025-01-16,Active
16380,1,2026-01-14,Active
26099,2,2026-01-18,Complete
5226,3,2026-06-02,Active
57514,4,2026-01-05,Active
12270,5,2026-03-12,Active
37899,1,2026-05-26,Lapsed
53926,2,2026-03-29,Active
36028,3,2025-10-28,Complete
50712,4,2026-06-25,Active
43385,5,2026-05-21,Active
11922,1,2025-12-02,Active
4021,2,2026-05-09,Active
18143,3,2026-03-03,Active
36418,4,2026-05-02,Active
12568,5,2026-03-19,Active
3954,1,2026-06-14,Active
28554,2,2025-05-20,Lapsed
2685,3,2026-03-30,Active
42301,4,2026-06-30,Complete
24475,5,2022-06-18,Lapsed
56769,1,2026-06-03,Active
36984,2,2026-04-04,Active
30787,3,2024-10-29,Active
46595,4,2026-02-02,Lapsed
32742,5,2025-12-05,Complete
56803,1,2026-01-31,Active
31595,2,2025-08-11,Active
54059,3,2026-04-27,Active
25457,4,2026-02-07,Active
11528,5,2026-02-16,Complete
54539,1,2023-03-14,Active
5144,2,2023-06-29,Active
30760,3,2026-06-18,Active
4015,4,2026-05-20,Active
41152,5,2025-07-01,Active
48545,1,2024-09-12,Active
28722,2,2026-04-24,Complete
22968,3,2026-04-09,Complete
36231,4,2025-10-17,Active
41329,5,2025-11-25,Complete
17093,1,2026-05-12,Complete
1918,2,2026-05-28,Complete
27929,3,2026-02-01,Active
12398,4,2026-06-29,Active
49856,5,2025-12-11,Active
11887,1,2025-12-13,Active
18438,2,2026-06-07,Lapsed
37443,3,2026-06-05,Lapsed
39370,4,2026-06-23,Active
47238,5,2026-06-12,Active
37074,1,2024-03-09,Complete
15987,2,2026-05-02,Active
46150,3,2026-01-07,Active
12753,4,2026-06-18,Active
494,5,2026-05-26,Active
30021,1,2025-06-18,Complete
43004,2,2026-05-14,Active
49289,3,2026-06-03,Complete
51268,4,2026-06-18,Active
26527,5,2026-05-11,Active
39629,1,2026-06-09,Active
15297,2,2026-02-07,Active
29367,3,2024-02-27,Lapsed
1130,4,2026-06-08,Active
22818,5,2025-06-06,Lapsed
19472,1,2026-06-17,Active
38152,2,2026-06-14,Active
24588,3,2026-03-10,Active
8736,4,2025-12-10,Lapsed
17351,5,2025-10-08,Active
20483,1,2024-04-24,Lapsed
24900,2,2026-01-29,Active
8290,3,2024-11-20,Active
19452,4,2026-03-03,Active
9735,5,2024-07-05,Active
45685,1,2023-10-25,Lapsed
28846,2,2023-12-29,Active
38620,3,2025-11-05,Active
27799,4,2025-06-06,Complete
10994,5,2026-03-25,Active
37738,1,2024-06-22,Lapsed
31943,2,2026-05-04,Lapsed
34420,3,2026-04-27,Active
25177,4,2026-03-12,Lapsed
5129,5,2025-11-07,Active
53165,1,2026-04-24,Active
53370,2,2023-11-17,Active
10478,3,2025-04-28,Active
13054,4,2024-09-26,Active
17901,5,2025-01-22,Complete
14969,1,2026-03-26,Active
11122,2,2024-10-18,Active
52091,3,2026-06-15,Active
40033,4,2026-06-26,Lapsed
49318,5,2024-04-06,Active
12302,1,2026-05-02,Active
22718,2,2026-06-10,Active
21674,3,2025-01-11,Active
6204,4,2026-04-10,Active
32843,5,2026-05-12,Active
23637,1,2026-02-06,Active
1724,2,2026-04-15,Active
5127,3,2026-02-15,Lapsed
46209,4,2024-03-23,Active
20318,5,2026-06-16,Lapsed
33702,1,2025-07-09,Active
31460,2,2025-10-04,Active
31073,3,2025-06-27,Active
27201,4,2023-03-02,Complete
6556,5,2026-04-22,Active
9962,1,2024-11-02,Active
3250,2,2026-06-06,Active
17724,3,2025-11-28,Lapsed
23213,4,2024-06-29,Complete
13991,5,2026-06-07,Complete
17694,1,2026-05-22,Complete
42417,2,2025-07-04,Active
30620,3,2022-12-10,Active
52167,4,2025-12-27,Active
41860,5,2026-06-10,Active
12878,1,2026-06-08,Active
11290,2,2025-03-10,Active
52092,3,2025-12-08,Active
27311,4,2026-06-13,Active
149,5,2026-03-03,Active
17458,1,2026-06-18,Active
43294,2,2026-05-29,Lapsed
50453,3,2026-06-26,Active
59230,4,2025-08-23,Active
38053,5,2024-07-10,Active
46305,1,2026-06-16,Lapsed
7417,2,2025-09-30,Active
38544,3,2026-04-09,Active
58089,4,2026-06-07,Active
14746,5,2026-05-18,Active
54755,1,2026-06-07,Active
22706,2,2024-10-06,Active
23520,3,2025-12-04,Active
53149,4,2025-11-08,Active
56242,5,2025-03-18,Complete
55998,1,2026-06-18,Active
53927,2,2022-06-18,Active
37889,3,2026-06-02,Active
58286,4,2026-03-01,Lapsed
43436,5,2025-05-02,Active
12489,1,2026-05-17,Lapsed
39324,2,2025-08-14,Lapsed
31984,3,2026-04-09,Complete
2734,4,2026-05-12,Complete
54599,5,2024-03-21,Lapsed
56652,1,2026-06-28,Active
17916,2,2026-03-29,Active
29222,3,2025-08-14,Active
29465,4,2024-12-08,Active
38127,5,2023-06-26,Active
38747,1,2024-09-22,Active
15613,2,2023-05-10,Active
6828,3,2024-11-18,Active
1315,4,2024-10-28,Active
2910,5,2023-06-29,Active
24666,1,2026-05-17,Active
43564,2,2025-12-02,Active
20589,3,2024-08-31,Lapsed
3882,4,2024-07-01,Complete
33225,5,2026-06-23,Active
58019,1,2025-02-19,Active
50836,2,2023-04-16,Complete
8156,3,2026-06-11,Complete
34617,4,2026-03-17,Active
26541,5,2026-04-15,Active
3085,1,2025-08-22,Active
15267,2,2025-07-20,Active
36951,3,2025-11-29,Lapsed
53508,4,2026-05-19,Active
28810,5,2023-09-10,Active
43558,1,2026-06-28,Active
31618,2,2026-06-19,Complete
42037,3,2025-11-07,Active
16996,4,2024-11-05,Complete
54458,5,2024-06-30,Lapsed
47631,1,2024-10-15,Complete
6962,2,2026-04-05,Active
9680,3,2025-09-14,Lapsed
42691,4,2024-12-01,Active
22631,5,2025-08-28,Active
22104,1,2025-10-02,Active
11049,2,2025-10-07,Active
43944,3,2026-06-01,Active
11350,4,2025-01-18,Active
11052,5,2024-12-10,Active
59705,1,2026-05-13,Active
22670,2,2024-11-30,Active
22708,3,2025-03-13,Active
33438,4,2026-05-25,Active
29114,5,2026-02-03,Complete
8352,1,2024-12-11,Complete
45166,2,2024-05-28,Active
38129,3,2026-02-02,Active
10536,4,2025-06-08,Lapsed
25151,5,2025-12-16,Active
50031,1,2026-04-30,Lapsed
14002,2,2025-09-21,Active
45190,3,2026-05-24,Active
52328,4,2026-05-07,Active
3223,5,2026-06-12,Active
45374,1,2024-05-09,Active
932,2,2026-05-23,Active
31397,3,2024-10-14,Active
32954,4,2026-02-11,Active
42771,5,2026-02-26,Active
23673,1,2023-09-07,Active
25603,2,2025-03-04,Active
10577,3,2026-06-15,Active
21350,4,2026-06-13,Active
33879,5,2026-04-03,Active
5192,1,2026-03-16,Complete
9778,2,2026-04-24,Active
16864,3,2025-05-07,Active
5174,4,2024-09-28,Active
31844,5,2026-01-06,Lapsed
29549,1,2024-12-19,Active
36119,2,2025-12-25,Active
14121,3,2026-01-15,Active
10308,4,2026-05-04,Active
37445,5,2026-06-29,Active
54215,1,2026-01-14,Active
15177,2,2026-02-08,Active
16765,3,2023-11-28,Complete
27192,4,2026-02-25,Active
21102,5,2026-02-19,Active
30815,1,2026-06-04,Active
28948,2,2025-11-30,Active
7254,3,2026-05-04,Complete
20727,4,2026-05-01,Active
20009,5,2026-04-01,Active
37831,1,2026-06-01,Active
51837,2,2026-05-07,Active
38799,3,2026-02-10,Active
55658,4,2025-06-14,Lapsed
1922,5,2026-02-10,Lapsed
1448,1,2026-02-12,Active
56611,2,2025-05-13,Active
33719,3,2026-02-22,Active
28259,4,2025-02-04,Active
16064,5,2026-06-30,Active
2196,1,2026-06-25,Active
25802,2,2026-01-12,Active
47435,3,2025-10-19,Complete
5813,4,2025-07-04,Active
57483,5,2026-03-27,Active
20996,1,2026-03-12,Active
15474,2,2026-03-09,Active
38370,3,2026-01-28,Complete
31331,4,2025-05-04,Complete
8320,5,2025-12-06,Active
26490,1,2026-05-25,Active
17182,2,2026-03-21,Complete
38737,3,2025-02-04,Active
22762,4,2024-02-04,Complete
36281,5,2026-03-17,Active
16602,1,2026-06-23,Active
54461,2,2026-06-23,Complete
48982,3,2026-05-23,Active
51736,4,2024-09-28,Active
57231,5,2023-11-07,Active
54138,1,2026-05-18,Active
57788,2,2026-05-05,Lapsed
44484,3,2026-06-14,Active
43494,4,2026-06-24,Active
39058,5,2026-06-30,Active
34306,1,2026-01-07,Lapsed
24424,2,2026-06-26,Active
28962,3,2025-08-18,Complete
6645,4,2026-05-27,Active
34285,5,2025-10-09,Active
37396,1,2025-03-26,Lapsed
50083,2,2024-11-07,Active
48674,3,2025-10-17,Active
51246,4,2026-07-01,Active
6980,5,2026-03-21,Lapsed
52761,1,2026-05-10,Active
35325,2,2026-06-21,Active
46347,3,2026-01-18,Complete
37865,4,2025-08-23,Active
21433,5,2025-08-07,Active
9663,1,2026-06-12,Complete
25110,2,2026-03-15,Complete
6770,3,2026-06-09,Lapsed
10265,4,2026-06-03,Active
14585,5,2026-06-18,Active
51049,1,2026-06-14,Complete
37916,2,2026-03-17,Complete
59445,3,2026-01-11,Active
13943,4,2026-04-20,Complete
6280,5,2024-03-05,Active
13374,1,2025-08-04,Lapsed
42924,2,2025-10-14,Active
51206,3,2026-06-28,Active
35431,4,2025-08-27,Lapsed
19630,5,2026-06-28,Active
49707,1,2026-01-11,Active
21495,2,2026-06-08,Lapsed
36302,3,2024-04-23,Active
3266,4,2025-08-08,Complete
54106,5,2024-07-25,Lapsed
33457,1,2025-08-21,Active
44833,2,2026-02-01,Active
13385,3,2025-10-14,Active
16778,4,2023-08-17,Active
42623,5,2026-04-29,Active
19932,1,2026-04-14,Active
45723,2,2026-03-13,Active
8145,3,2026-03-06,Lapsed
53579,4,2025-09-10,Complete
49978,5,2026-05-11,Active
43416,1,2026-06-01,Active
51402,2,2025-09-03,Complete
58235,3,2026-06-04,Active
47689,4,2025-05-05,Complete
33767,5,2025-01-16,Active
20136,1,2023-04-29,Active
4535,2,2025-10-23,Active
33000,3,2025-03-28,Lapsed
38838,4,2024-10-29,Lapsed
20745,5,2026-05-24,Active
4031,1,2023-05-18,Active
11465,2,2026-06-09,Active
569,3,2025-10-06,Active
54498,4,2026-01-11,Complete
23523,5,2026-04-25,Active
50261,1,2023-11-21,Active
24771,2,2026-06-26,Complete
48840,3,2026-06-21,Active
20038,4,2026-06-09,Complete
51901,5,2026-03-22,Complete
52478,1,2022-08-01,Active
39244,2,2025-05-21,Active
38441,3,2026-04-09,Active
46613,4,2025-12-17,Complete
23549,5,2023-12-11,Active
15462,1,2026-02-18,Active
11421,2,2026-06-06,Active
41609,3,2026-06-29,Complete
22822,4,2025-01-10,Active
27896,5,2025-01-22,Complete
28931,1,2026-03-20,Complete
15418,2,2025-01-29,Complete
8127,3,2025-11-12,Active
33066,4,2025-09-09,Active
35985,5,2025-02-01,Complete
34583,1,2026-06-05,Active
56540,2,2026-06-04,Active
51490,3,2026-05-27,Active
23457,4,2025-12-24,Active
24223,5,2026-06-07,Active
4980,1,2026-05-14,Active
37272,2,2026-04-03,Complete
46211,3,2026-06-13,Active
46895,4,2024-07-17,Active
51775,5,2026-06-19,Active
56882,1,2022-11-20,Active
58627,2,2026-06-28,Active
49232,3,2026-05-30,Active
24685,4,2026-04-11,Active
34743,5,2026-06-23,Active
57291,1,2026-06-20,Active
50497,2,2026-06-03,Active
54485,3,2026-05-15,Active
8750,4,2026-04-28,Active
21972,5,2026-04-13,Active
2650,1,2026-01-31,Complete
15596,2,2023-10-30,Active
50052,3,2026-02-14,Active
1680,4,2025-12-09,Active
33771,5,2023-08-20,Active
14803,1,2023-12-28,Active
27802,2,2025-12-07,Active
4336,3,2026-05-11,Complete
16589,4,2025-10-02,Active
12078,5,2025-07-02,Active
58518,1,2022-12-07,Lapsed
45227,2,2025-12-14,Active
47801,3,2026-02-04,Lapsed
35194,4,2024-11-24,Active
42176,5,2025-03-23,Active
33828,1,2026-03-08,Active
11272,2,2026-05-09,Active
25495,3,2025-08-01,Complete
28633,4,2025-12-31,Active
19261,5,2025-07-30,Active
25615,1,2023-08-25,Active
3172,2,2025-09-14,Active
59306,3,2026-06-18,Complete
51734,4,2025-07-31,Active
2860,5,2025-07-13,Active
10006,1,2024-01-19,Active
25722,2,2025-05-14,Active
52733,3,2024-02-22,Active
15008,4,2026-05-28,Active
12571,5,2026-06-29,Active
2949,1,2024-12-14,Active
27817,2,2026-03-09,Active
46990,3,2026-06-23,Active
336,4,2026-03-15,Active
22771,5,2025-05-29,Complete
53524,1,2026-06-09,Complete
43603,2,2023-11-06,Active
15245,3,2025-09-13,Active
52530,4,2026-06-27,Active
31602,5,2024-01-30,Active
16327,1,2024-08-14,Complete
15006,2,2026-05-31,Active
30559,3,2026-06-05,Active
4064,4,2024-04-22,Lapsed
27704,5,2024-09-27,Active
52287,1,2024-09-23,Complete
33776,2,2026-01-09,Active
7582,3,2026-02-09,Active
10263,4,2025-02-23,Active
24783,5,2026-06-20,Active
46915,1,2025-02-23,Active
14231,2,2025-05-06,Lapsed
39746,3,2026-02-05,Lapsed
35962,4,2025-11-11,Active
44361,5,2026-01-12,Active
12273,1,2025-10-29,Active
20861,2,2025-05-16,Complete
11951,3,2026-06-29,Active
17450,4,2026-06-23,Active
55948,5,2024-06-07,Active
21728,1,2026-05-25,Lapsed
59474,2,2026-06-07,Complete
31302,3,2026-05-22,Active
37523,4,2026-06-28,Active
8647,5,2026-02-19,Active
18591,1,2026-05-20,Active
37048,2,2025-06-16,Active
20049,3,2026-06-19,Complete
21594,4,2024-02-17,Active
43040,5,2024-10-03,Active
5873,1,2024-11-02,Active
41116,2,2022-12-31,Active
38470,3,2026-02-28,Complete
44290,4,2024-11-25,Active
8938,5,2026-04-18,Lapsed
51960,1,2024-06-18,Active
16972,2,2023-11-02,Active
2654,3,2023-06-19,Active
24277,4,2026-06-27,Complete
34143,5,2026-04-05,Active
16200,1,2025-12-20,Active
59270,2,2023-12-13,Lapsed
56259,3,2026-06-23,Active
19085,4,2026-06-19,Complete
54841,5,2025-08-13,Active
4378,1,2026-04-04,Active
55433,2,2023-11-27,Active
9010,3,2026-02-19,Active
50181,4,2026-05-02,Active
54846,5,2025-05-11,Active
42343,1,2025-07-23,Active
13463,2,2026-06-18,Active
5869,3,2024-11-18,Complete
34324,4,2026-05-25,Complete
3260,5,2026-04-21,Lapsed
1361,1,2026-06-30,Complete
1350,2,2026-05-27,Active
34185,3,2026-04-19,Active
8859,4,2026-04-13,Active
34801,5,2026-06-27,Active
58656,1,2026-01-01,Complete
51552,2,2026-05-30,Complete
34440,3,2026-05-24,Complete
16762,4,2026-01-08,Active
5011,5,2025-02-03,Complete
31112,1,2026-06-26,Active
627,2,2026-04-13,Complete
57397,3,2026-04-05,Lapsed
39211,4,2026-06-27,Active
7141,5,2026-04-08,Lapsed
31027,1,2026-06-08,Active
41859,2,2026-03-23,Active
19819,3,2025-11-23,Active
55159,4,2025-11-10,Active
23512,5,2025-09-10,Active
26896,1,2026-02-26,Active
35356,2,2026-02-26,Active
2548,3,2026-06-24,Complete
14249,4,2023-02-13,Active
30200,5,2024-04-08,Active
2474,1,2026-01-13,Active
10193,2,2025-02-07,Active
15536,3,2025-08-08,Complete
33193,4,2026-06-05,Active
4848,5,2026-04-25,Active
39685,1,2026-01-17,Complete
9080,2,2026-05-17,Lapsed
7550,3,2026-06-06,Active
37418,4,2026-06-30,Active
20538,5,2026-05-28,Complete
13840,1,2026-06-25,Complete
40423,2,2026-03-01,Active
15234,3,2024-12-06,Active
39424,4,2026-06-10,Active
49981,5,2026-06-05,Active
58027,1,2026-04-12,Active
44267,2,2025-03-05,Active
30800,3,2025-04-28,Active
46376,4,2026-04-25,Active
2583,5,2024-11-15,Active
8441,1,2026-02-18,Active
52249,2,2026-05-21,Active
39828,3,2025-08-10,Lapsed
41359,4,2026-05-02,Complete
51373,5,2026-03-28,Complete
49244,1,2025-01-16,Lapsed
5024,2,2025-03-19,Complete
43352,3,2025-12-16,Complete
26740,4,2025-04-09,Active
46244,5,2026-06-11,Lapsed
48235,1,2025-03-06,Lapsed
36458,2,2026-06-13,Lapsed
49780,3,2025-11-24,Active
20909,4,2025-11-04,Active
44868,5,2025-06-07,Active
50781,1,2026-05-25,Active
58768,2,2025-12-22,Complete
1077,3,2025-09-27,Complete
47505,4,2025-10-23,Active
26168,5,2024-03-17,Active
31692,1,2026-05-13,Active
27429,2,2026-01-29,Active
54158,3,2025-04-29,Lapsed
43751,4,2026-06-05,Active
40252,5,2025-11-09,Lapsed
35581,1,2026-04-25,Complete
26212,2,2026-06-30,Active
28819,3,2025-12-15,Active
22109,4,2026-05-05,Complete
22761,5,2023-03-17,Active
38700,1,2025-03-31,Complete
12251,2,2023-11-28,Active
46625,3,2026-01-05,Lapsed
26902,4,2026-05-08,Lapsed
24312,5,2026-03-29,Active
9926,1,2024-12-03,Active
17329,2,2025-10-05,Active
43033,3,2026-02-04,Active
48417,4,2026-06-22,Active
44470,5,2024-09-06,Active
2248,1,2026-03-05,Active
4245,2,2025-10-02,Active
9436,3,2026-04-20,Active
36939,4,2025-01-29,Lapsed
56190,5,2026-04-02,Active
55548,1,2026-06-20,Active
54370,2,2026-06-27,Active
21595,3,2024-07-31,Active
6872,4,2026-05-23,Active
7202,5,2025-02-10,Active
35341,1,2025-11-14,Complete
394,2,2025-05-13,Active
27385,3,2025-12-14,Complete
50046,4,2024-05-13,Active
42899,5,2024-03-12,Complete
24840,1,2024-08-25,Active
12721,2,2025-03-19,Active
42325,3,2025-12-11,Lapsed
22545,4,2025-09-03,Lapsed
15894,5,2026-05-22,Complete
37451,1,2026-06-30,Active
20437,2,2026-06-07,Active
2955,3,2025-09-12,Active
38449,4,2026-06-10,Active
20682,5,2026-06-05,Active
16680,1,2026-06-02,Active
43189,2,2025-06-20,Active
11582,3,2024-09-28,Active
24551,4,2026-06-08,Active
56574,5,2025-12-24,Active
53408,1,2023-10-08,Active
17645,2,2025-08-04,Complete
51885,3,2026-05-28,Complete
21831,4,2025-01-31,Active
44927,5,2025-12-12,Lapsed
43027,1,2024-09-01,Active
34652,2,2024-11-11,Active
1222,3,2025-07-07,Active
29475,4,2026-03-15,Active
18473,5,2026-05-29,Active
58457,1,2026-04-30,Active
25369,2,2026-05-05,Active
45609,3,2025-06-26,Active
19055,4,2025-12-28,Active
42549,5,2026-06-25,Lapsed
16832,1,2026-03-15,Active
31778,2,2026-02-02,Lapsed
48895,3,2023-07-15,Active
55798,4,2026-03-27,Active
1917,5,2025-09-16,Active
17491,1,2023-11-10,Active
29436,2,2025-07-16,Active
19591,3,2025-10-23,Active
59235,4,2026-03-02,Active
42055,5,2025-04-06,Active
89,1,2025-06-01,Active
18132,2,2026-02-25,Active
12821,3,2024-08-11,Active
28691,4,2025-05-28,Active
32701,5,2024-04-22,Active
46473,1,2026-04-11,Complete
51076,2,2026-06-04,Lapsed
2406,3,2025-10-19,Complete
9937,4,2026-04-25,Complete
19377,5,2024-03-04,Active
23727,1,2026-06-16,Active
34668,2,2023-11-07,Active
10522,3,2025-09-22,Complete
41087,4,2025-10-17,Active
3541,5,2026-06-30,Complete
53855,1,2024-05-14,Lapsed
48360,2,2026-04-06,Active
51860,3,2026-04-18,Active
41049,4,2024-10-23,Active
47652,5,2026-01-17,Active
57584,1,2026-02-05,Active
30822,2,2025-03-05,Complete
9817,3,2026-05-31,Active
58178,4,2024-10-02,Lapsed
2958,5,2026-06-21,Active
52532,1,2026-04-24,Active
11296,2,2025-06-12,Lapsed
49644,3,2026-06-30,Active
9678,4,2026-05-02,Active
44446,5,2025-10-12,Active
10632,1,2025-03-29,Active
53735,2,2025-10-04,Active
38236,3,2025-11-16,Active
39876,4,2023-05-05,Active
35257,5,2024-01-24,Active
13988,1,2026-03-14,Active
37796,2,2026-01-26,Active
50591,3,2025-09-19,Complete
49717,4,2023-09-20,Active
40171,5,2026-01-08,Active
51846,1,2026-06-28,Active
11496,2,2026-06-16,Active
30269,3,2026-03-24,Active
15292,4,2026-04-21,Active
56868,5,2025-09-17,Lapsed
36816,1,2023-12-29,Complete
27760,2,2025-07-09,Active
15693,3,2026-06-18,Active
18519,4,2025-05-29,Complete
19776,5,2026-04-30,Lapsed
49954,1,2026-06-27,Complete
59907,2,2024-10-27,Active
43959,3,2024-09-26,Complete
50732,4,2026-05-22,Complete
39000,5,2026-05-30,Active
50330,1,2023-05-23,Complete
15491,2,2026-01-03,Active
32859,3,2025-06-07,Lapsed
27234,4,2026-02-27,Active
31843,5,2024-02-03,Active
30348,1,2026-06-04,Active
21821,2,2025-11-27,Lapsed
24255,3,2026-01-05,Active
6776,4,2024-12-06,Active
39545,5,2026-01-25,Active
34025,1,2026-06-22,Active
27161,2,2026-06-15,Lapsed
708,3,2025-10-17,Active
8513,4,2024-12-29,Active
23589,5,2026-06-24,Active
53114,1,2026-06-23,Active
50266,2,2024-04-05,Lapsed
6233,3,2025-12-06,Active
56464,4,2025-09-20,Active
23372,5,2025-11-30,Lapsed
2234,1,2026-05-17,Active
29466,2,2026-05-02,Active
3292,3,2026-06-18,Complete
46729,4,2025-08-03,Active
12959,5,2025-09-22,Active
58158,1,2025-02-28,Complete
18985,2,2024-02-02,Active
9874,3,2026-04-04,Active
16552,4,2025-11-28,Active
24314,5,2026-06-20,Complete
24082,1,2026-05-25,Active
14819,2,2025-06-02,Active
41074,3,2026-04-22,Active
17844,4,2025-10-19,Complete
47242,5,2026-05-21,Active
18253,1,2026-06-21,Active
10207,2,2026-02-28,Active
24922,3,2026-04-13,Active
22457,4,2024-10-06,Active
40718,5,2026-06-05,Lapsed
28394,1,2026-06-28,Active
2359,2,2026-05-21,Active
2594,3,2024-04-19,Active
11685,4,2026-03-03,Complete
54886,5,2026-02-16,Complete
43007,1,2026-03-22,Active
24169,2,2026-02-04,Complete
8330,3,2026-04-11,Complete
11032,4,2024-08-22,Active
39046,5,2026-03-09,Active
37504,1,2025-07-18,Active
18245,2,2026-03-11,Active
34742,3,2026-05-30,Active
2322,4,2025-05-29,Active
17849,5,2026-06-30,Active
34493,1,2026-06-14,Active
10336,2,2025-07-17,Active
32797,3,2025-12-03,Complete
17037,4,2026-03-25,Active
45514,5,2026-01-08,Active
50023,1,2026-04-11,Lapsed
10830,2,2023-12-23,Active
29228,3,2026-06-13,Active
2125,4,2024-03-02,Active
37994,5,2025-06-30,Active
32537,1,2021-08-09,Lapsed
5327,2,2026-05-20,Active
16809,3,2025-05-22,Complete
19459,4,2026-05-19,Active
43048,5,2026-05-11,Lapsed
20233,1,2026-06-02,Active
59685,2,2025-07-06,Active
22997,3,2025-06-04,Active
45651,4,2026-02-23,Active
32786,5,2026-06-20,Active
49380,1,2024-05-10,Active
16096,2,2025-09-25,Lapsed
51870,3,2024-07-31,Complete
53455,4,2023-10-20,Active
35875,5,2026-06-27,Active
3220,1,2024-11-23,Active
28169,2,2026-04-16,Active
59955,3,2025-09-06,Active
52117,4,2026-05-31,Active
14829,5,2026-02-02,Complete
37808,1,2023-04-30,Active
43458,2,2026-05-07,Active
21476,3,2024-10-30,Complete
32913,4,2026-04-28,Lapsed
59813,5,2025-09-24,Active
16083,1,2025-09-27,Complete
22828,2,2024-05-12,Complete
43425,3,2026-04-29,Active
42708,4,2024-12-21,Active
15883,5,2026-01-22,Active
10549,1,2026-01-03,Lapsed
48148,2,2025-08-07,Active
21525,3,2024-10-23,Active
8115,4,2025-08-05,Active
38713,5,2025-04-27,Active
27590,1,2026-01-22,Active
53573,2,2026-04-22,Active
21304,3,2025-11-28,Active
51030,4,2026-04-30,Active
53868,5,2026-03-08,Complete
34892,1,2024-12-11,Active
30047,2,2026-06-12,Complete
57910,3,2025-12-26,Active
38070,4,2026-06-26,Complete
10106,5,2026-04-27,Complete
39610,1,2026-03-02,Active
40607,2,2026-01-04,Active
35882,3,2026-06-26,Complete
18418,4,2026-02-16,Active
25256,5,2026-01-21,Complete
14142,1,2026-03-09,Active
29205,2,2026-06-11,Complete
49953,3,2026-03-12,Lapsed
43130,4,2026-06-13,Complete
2792,5,2026-06-24,Active
4318,1,2025-01-22,Active
56136,2,2026-06-24,Complete
29246,3,2022-07-30,Active
42868,4,2025-11-28,Active
21098,5,2025-06-20,Complete
45502,1,2025-02-22,Active
22704,2,2026-02-11,Complete
4408,3,2024-04-13,Active
38089,4,2024-05-12,Active
23357,5,2025-01-22,Complete
37061,1,2026-02-05,Active
40522,2,2026-04-06,Active
45717,3,2025-03-22,Active
30582,4,2026-06-21,Complete
55769,5,2025-04-06,Active
24856,1,2024-10-18,Active
6583,2,2023-08-29,Active
35105,3,2026-04-08,Active
57140,4,2026-04-13,Lapsed
24554,5,2023-08-17,Active
2567,1,2026-06-04,Lapsed
13370,2,2025-06-20,Active
57232,3,2025-10-31,Active
15610,4,2024-04-30,Active
32886,5,2026-06-11,Active
36912,1,2026-04-09,Complete
22588,2,2025-05-28,Active
34367,3,2025-11-21,Active
19432,4,2025-04-18,Lapsed
21567,5,2022-11-01,Active
26032,1,2026-06-20,Lapsed
42283,2,2024-02-24,Active
19413,3,2025-10-16,Active
58232,4,2026-06-26,Active
59788,5,2025-04-20,Active
16125,1,2025-12-21,Active
6414,2,2025-12-21,Complete
39898,3,2022-08-15,Active
45404,4,2026-06-11,Complete
27138,5,2025-10-13,Active
57404,1,2025-05-29,Active
58461,2,2024-02-12,Complete
7055,3,2022-07-09,Active
13425,4,2026-06-26,Active
827,5,2026-06-02,Lapsed
34276,1,2025-12-09,Lapsed
18558,2,2025-02-20,Lapsed
28801,3,2025-05-07,Active
47855,4,2026-06-25,Active
48871,5,2023-04-09,Active
54667,1,2026-06-21,Active
47878,2,2024-05-17,Active
48689,3,2025-01-16,Active
47316,4,2026-05-11,Active
14416,5,2026-05-05,Active
49635,1,2023-12-06,Active
20184,2,2026-06-19,Complete
36827,3,2026-03-27,Active
11230,4,2025-10-19,Active
11786,5,2026-02-06,Active
597,1,2026-06-14,Active
38819,2,2025-01-16,Active
43907,3,2023-04-23,Active
18932,4,2026-06-26,Lapsed
35176,5,2025-03-26,Active
55443,1,2026-03-16,Complete
31057,2,2025-08-20,Complete
49211,3,2025-02-04,Active
54442,4,2026-04-19,Active
7553,5,2025-09-17,Complete
42388,1,2026-02-12,Active
23010,2,2023-12-23,Active
49987,3,2024-04-15,Complete
40833,4,2026-06-06,Lapsed
16403,5,2024-04-11,Active
275,1,2026-02-18,Complete
26393,2,2024-04-07,Active
57747,3,2024-03-18,Active
33168,4,2024-10-21,Complete
49948,5,2024-12-22,Lapsed
44287,1,2026-05-08,Active
36745,2,2026-06-29,Active
13274,3,2026-05-29,Complete
32516,4,2025-01-28,Complete
46008,5,2026-02-12,Active
17397,1,2026-03-17,Complete
51590,2,2024-04-16,Active
40526,3,2025-12-07,Complete
39603,4,2026-05-07,Lapsed
56087,5,2024-08-24,Active
41703,1,2025-10-28,Active
49913,2,2025-03-01,Active
36755,3,2026-05-02,Active
49091,4,2025-05-16,Active
49803,5,2025-03-27,Active
59811,1,2026-02-14,Active
51140,2,2026-01-09,Active
13223,3,2025-06-01,Lapsed
52316,4,2025-03-01,Complete
44862,5,2024-04-03,Active
57834,1,2026-04-03,Active
52921,2,2025-02-25,Lapsed
26142,3,2026-01-02,Active
11108,4,2026-01-05,Active
16727,5,2025-12-30,Active
53057,1,2026-04-05,Active
35385,2,2024-05-17,Active
36963,3,2026-01-06,Complete
53384,4,2026-05-17,Complete
26542,5,2026-05-28,Active
441,1,2024-01-04,Active
18501,2,2025-05-31,Complete
10444,3,2026-06-19,Active
33007,4,2026-01-06,Active
18234,5,2025-09-06,Active
54433,1,2025-09-17,Active
17685,2,2026-03-12,Complete
23850,3,2024-10-05,Complete
3538,4,2026-02-24,Active
37535,5,2026-06-14,Lapsed
46838,1,2025-06-09,Active
33207,2,2026-06-11,Active
4472,3,2026-05-16,Active
49247,4,2026-04-08,Lapsed
18348,5,2026-06-28,Active
17163,1,2026-06-22,Active
46472,2,2023-10-31,Lapsed
24741,3,2025-12-29,Active
32078,4,2024-02-04,Active
47283,5,2022-02-23,Active
18077,1,2025-03-26,Complete
56871,2,2026-06-07,Active
41214,3,2026-04-06,Active
54376,4,2025-12-06,Active
50780,5,2024-12-04,Active
11664,1,2025-12-11,Active
50175,2,2023-06-02,Active
48922,3,2024-06-22,Active
18852,4,2026-06-30,Complete
23663,5,2024-03-02,Complete
28832,1,2026-05-09,Active
18604,2,2026-05-29,Active
52550,3,2026-01-13,Active
14007,4,2023-08-15,Complete
6640,5,2026-05-09,Active
39619,1,2026-06-23,Complete
21946,2,2026-02-12,Complete
29551,3,2026-06-27,Active
55336,4,2026-02-09,Active
56483,5,2025-03-20,Lapsed
46532,1,2026-04-03,Active
23852,2,2026-06-02,Active
34145,3,2026-06-29,Complete
53692,4,2025-08-30,Active
21952,5,2025-08-07,Lapsed
47064,1,2026-05-19,Active
44781,2,2023-08-27,Active
26722,3,2026-05-28,Active
39121,4,2026-06-29,Active
39825,5,2026-06-04,Active
55137,1,2025-01-29,Active
44364,2,2026-05-29,Complete
38673,3,2026-06-02,Active
46094,4,2024-08-06,Active
6282,5,2026-05-01,Active
32840,1,2026-05-19,Active
29889,2,2026-04-06,Active
57851,3,2023-01-02,Active
58231,4,2024-12-06,Active
28336,5,2026-06-12,Active
18543,1,2024-12-18,Complete
13035,2,2026-06-23,Active
19778,3,2023-09-30,Active
20479,4,2026-06-20,Active
17582,5,2023-04-12,Active
17432,1,2026-05-05,Active
17937,2,2024-08-07,Active
13508,3,2026-04-16,Complete
52620,4,2026-03-20,Active
5210,5,2025-08-02,Active
50042,1,2025-10-21,Active
12127,2,2026-05-22,Active
41016,3,2024-12-28,Active
32284,4,2026-06-03,Active
31977,5,2025-11-12,Complete
30488,1,2026-04-04,Complete
6482,2,2026-04-11,Active
12784,3,2026-06-30,Complete
51747,4,2026-04-02,Active
17655,5,2024-06-09,Active
33998,1,2026-05-08,Active
22563,2,2025-11-04,Active
44442,3,2026-01-31,Active
35380,4,2026-03-20,Active
11944,5,2026-06-17,Active
55162,1,2026-06-03,Lapsed
44402,2,2025-12-20,Active
23326,3,2026-06-15,Complete
25291,4,2026-06-23,Active
42274,5,2025-07-30,Active
15421,1,2026-03-22,Complete
13637,2,2026-05-23,Active
59062,3,2025-03-15,Lapsed
24035,4,2026-05-31,Active
28892,5,2025-08-08,Complete
55914,1,2024-11-13,Active
1440,2,2024-12-01,Active
28071,3,2026-03-18,Active
28647,4,2023-02-17,Active
4186,5,2025-01-31,Active
4273,1,2026-06-18,Complete
57592,2,2025-06-10,Active
26031,3,2022-12-09,Active
801,4,2025-05-02,Active
2950,5,2024-07-30,Active
32460,1,2025-09-25,Lapsed
34504,2,2025-11-13,Active
37690,3,2024-04-14,Active
55891,4,2024-10-04,Complete
846,5,2025-01-28,Active
40545,1,2026-05-16,Active
26488,2,2025-12-12,Complete
54128,3,2026-06-05,Lapsed
10511,4,2026-03-04,Active
51526,5,2026-04-27,Active
31360,1,2026-04-28,Active
46506,2,2026-06-16,Lapsed
21968,3,2022-05-11,Active
25905,4,2026-06-30,Active
11452,5,2024-04-15,Active
52423,1,2026-01-26,Complete
44458,2,2025-12-13,Complete
45931,3,2024-05-24,Active
14420,4,2024-09-28,Active
51586,5,2026-06-17,Active
475,1,2025-12-31,Active
21705,2,2024-12-01,Active
58887,3,2025-08-29,Active
22439,4,2026-06-30,Complete
55760,5,2025-09-03,Active
38264,1,2024-04-30,Lapsed
7499,2,2024-05-20,Active
38982,3,2026-02-25,Active
46236,4,2026-06-20,Active
1166,5,2025-11-02,Active
56453,1,2026-06-10,Active
58841,2,2025-02-15,Active
7439,3,2025-08-05,Active
23882,4,2023-03-05,Complete
44810,5,2025-07-28,Active
45752,1,2026-06-27,Active
26600,2,2025-05-26,Active
46438,3,2026-04-28,Complete
53143,4,2023-01-19,Complete
54360,5,2026-06-24,Active
28432,1,2026-04-12,Active
34362,2,2026-06-12,Complete
49038,3,2025-07-14,Active
8149,4,2025-04-24,Active
45325,5,2026-06-16,Complete
3823,1,2025-10-25,Active
23542,2,2026-05-29,Lapsed
43394,3,2026-04-28,Active
46601,4,2025-04-23,Active
1969,5,2025-01-26,Active
14337,1,2025-10-23,Active
47082,2,2026-06-05,Lapsed
50539,3,2026-06-18,Active
44639,4,2024-09-16,Complete
11893,5,2026-06-29,Active
38146,1,2026-05-08,Complete
47225,2,2025-11-30,Active
56858,3,2026-04-08,Lapsed
4545,4,2025-12-30,Complete
26145,5,2024-12-18,Complete
6541,1,2026-04-22,Active
24431,2,2026-03-29,Active
7905,3,2026-06-18,Complete
623,4,2025-05-23,Complete
14663,5,2025-11-24,Active
38816,1,2025-02-15,Lapsed
28223,2,2026-05-20,Active
667,3,2025-03-09,Complete
38590,4,2026-04-11,Complete
25453,5,2026-04-23,Active
52776,1,2026-06-26,Complete
12851,2,2026-06-26,Complete
18110,3,2024-11-11,Complete
102,4,2024-01-31,Active
10354,5,2025-06-23,Active
41961,1,2026-06-07,Active
30460,2,2025-05-30,Active
31926,3,2025-05-09,Active
54109,4,2026-01-12,Active
14090,5,2026-03-31,Active
44368,1,2026-06-21,Active
26354,2,2026-01-31,Active
41502,3,2026-05-28,Active
28302,4,2025-12-17,Lapsed
23374,5,2025-10-16,Lapsed
20286,1,2026-02-21,Active
5596,2,2023-08-18,Active
2066,3,2026-02-19,Complete
8858,4,2025-09-25,Active
53940,5,2026-06-21,Lapsed
15324,1,2025-09-11,Active
7469,2,2025-06-11,Active
32344,3,2026-04-10,Active
14064,4,2022-11-24,Active
39415,5,2025-11-13,Active
43718,1,2026-06-14,Active
52645,2,2024-10-13,Active
24940,3,2023-08-23,Active
34899,4,2026-06-26,Lapsed
58829,5,2025-10-06,Complete
42494,1,2024-08-01,Active
39466,2,2026-05-20,Active
49732,3,2026-05-16,Active
27928,4,2026-04-24,Active
42024,5,2026-04-12,Active
151,1,2026-05-29,Complete
10233,2,2025-08-27,Active
57468,3,2026-05-30,Complete
21632,4,2026-04-13,Active
50399,5,2026-02-16,Active
31439,1,2026-01-30,Complete
37454,2,2026-06-11,Active
38115,3,2025-07-18,Active
59622,4,2025-08-01,Lapsed
36218,5,2026-04-16,Active
13481,1,2026-03-02,Complete
46461,2,2026-06-18,Complete
23439,3,2026-05-01,Complete
35612,4,2026-05-22,Active
11013,5,2026-02-24,Active
10454,1,2024-10-21,Active
24211,2,2026-04-09,Lapsed
22390,3,2026-04-01,Active
24480,4,2022-05-30,Active
31758,5,2026-02-05,Active
48735,1,2026-04-21,Active
17470,2,2026-05-11,Complete
33802,3,2025-10-10,Active
25705,4,2025-11-30,Complete
30279,5,2025-10-12,Complete
58147,1,2026-05-13,Active
6385,2,2026-05-17,Active
59591,3,2025-11-03,Complete
57867,4,2025-07-26,Active
4758,5,2025-05-20,Active
874,1,2025-04-06,Complete
53585,2,2023-08-22,Active
38910,3,2026-03-19,Active
7257,4,2026-01-01,Active
18140,5,2022-03-26,Lapsed
46603,1,2025-11-06,Active
12422,2,2026-03-11,Active
33553,3,2024-08-12,Complete
45193,4,2025-02-24,Active
41913,5,2025-08-31,Active
1985,1,2026-06-28,Complete
26171,2,2024-10-09,Active
35693,3,2025-12-11,Active
3609,4,2024-10-12,Complete
5033,5,2026-02-10,Active
17184,1,2025-08-16,Active
34550,2,2026-03-07,Active
27901,3,2026-04-22,Active
50394,4,2024-10-20,Active
12507,5,2026-05-01,Active
14985,1,2025-11-09,Active
32222,2,2026-05-31,Lapsed
34480,3,2025-12-23,Complete
24269,4,2024-09-09,Active
37317,5,2026-04-20,Complete
57849,1,2026-05-15,Active
42230,2,2026-06-05,Active
36968,3,2026-03-03,Complete
37493,4,2026-06-29,Complete
19605,5,2025-09-21,Active
27137,1,2025-11-20,Active
37056,2,2026-05-31,Active
8749,3,2025-02-11,Complete
49965,4,2022-01-31,Complete
11550,5,2024-08-30,Active
15169,1,2025-02-05,Active
50429,2,2026-01-15,Complete
8527,3,2024-05-06,Active
42601,4,2024-03-21,Active
50520,5,2026-03-10,Active
41917,1,2026-01-22,Active
17895,2,2026-06-25,Active
26334,3,2025-07-08,Active
15351,4,2024-10-25,Active
54367,5,2025-04-30,Active
49355,1,2023-08-04,Active
33912,2,2026-02-09,Complete
32883,3,2025-01-09,Active
8260,4,2026-01-15,Active
36571,5,2026-05-20,Complete
9486,1,2025-12-28,Lapsed
14796,2,2026-04-08,Active
35131,3,2026-02-01,Active
31528,4,2025-11-05,Complete
43847,5,2024-10-03,Active
49032,1,2026-02-08,Complete
30723,2,2026-06-29,Active
18159,3,2023-08-20,Lapsed
9891,4,2024-08-30,Active
29712,5,2025-10-04,Active
15328,1,2025-11-19,Active
45945,2,2025-02-02,Lapsed
9462,3,2026-04-07,Active
23672,4,2024-02-11,Active
20358,5,2026-02-12,Complete
17479,1,2025-01-10,Active
43181,2,2024-08-30,Complete
22069,3,2026-01-25,Complete
48826,4,2025-07-12,Active
56321,5,2026-04-13,Active
22971,1,2026-01-19,Lapsed
1640,2,2026-02-14,Active
18967,3,2026-03-30,Complete
10598,4,2026-06-07,Active
48466,5,2025-07-26,Complete
26875,1,2026-04-15,Complete
34507,2,2025-02-07,Active
45087,3,2025-11-21,Complete
40260,4,2026-02-14,Active
12051,5,2025-11-09,Active
30663,1,2026-01-11,Active
50704,2,2026-06-07,Active
38059,3,2026-06-19,Complete
28566,4,2026-05-05,Active
56649,5,2026-02-28,Lapsed
56962,1,2023-06-27,Lapsed
47500,2,2026-02-21,Active
45013,3,2026-06-06,Active
58175,4,2025-02-18,Complete
28805,5,2025-10-20,Active
39142,1,2026-02-09,Active
7594,2,2024-02-16,Active
51779,3,2025-07-15,Active
48648,4,2026-05-18,Active
22830,5,2024-11-08,Active
29482,1,2023-10-31,Lapsed
34179,2,2023-10-07,Active
22796,3,2024-11-02,Active
14215,4,2023-06-02,Active
37364,5,2026-01-05,Active
8110,1,2026-05-06,Active
41179,2,2026-03-10,Active
467,3,2026-06-26,Complete
50692,4,2026-04-05,Active
5607,5,2023-04-13,Active
26043,1,2024-07-29,Active
37937,2,2024-07-13,Complete
20781,3,2026-06-28,Active
57476,4,2026-03-23,Active
3751,5,2026-06-22,Active
45512,1,2026-03-08,Active
22324,2,2026-05-04,Active
3410,3,2024-08-15,Complete
1878,4,2025-06-16,Active
6011,5,2026-03-26,Active
34833,1,2025-07-05,Active
5295,2,2026-06-10,Active
7918,3,2026-06-13,Active
58438,4,2024-12-06,Lapsed
7812,5,2026-04-09,Complete
28230,1,2025-11-23,Active
32302,2,2022-11-19,Active
22028,3,2024-12-22,Active
32119,4,2025-03-05,Active
18037,5,2026-05-15,Active
4703,1,2026-06-29,Complete
56661,2,2026-05-18,Active
55654,3,2023-04-22,Lapsed
17757,4,2026-04-21,Complete
59900,5,2026-06-30,Active
53818,1,2026-01-20,Active
51234,2,2025-03-19,Active
25918,3,2025-08-05,Active
32982,4,2025-10-29,Active
43798,5,2025-08-21,Active
5153,1,2026-04-19,Active
44021,2,2026-05-30,Active
36684,3,2026-06-05,Active
12451,4,2026-02-22,Complete
58374,5,2026-05-25,Complete
52149,1,2026-06-03,Active
40673,2,2026-06-06,Active
41405,3,2026-01-01,Complete
44652,4,2024-11-19,Active
1630,5,2026-01-30,Active
29395,1,2025-10-18,Active
40338,2,2025-05-10,Active
41548,3,2026-06-24,Active
42292,4,2024-01-15,Lapsed
43666,5,2026-01-08,Lapsed
27629,1,2026-03-22,Active
19221,2,2025-08-28,Lapsed
13543,3,2026-05-23,Complete
47903,4,2022-09-12,Active
58575,5,2022-08-12,Active
54697,1,2025-05-31,Active
23465,2,2023-12-16,Active
17186,3,2026-06-25,Active
20427,4,2026-06-25,Active
591,5,2023-06-25,Complete
56130,1,2026-06-13,Active
21818,2,2026-06-25,Complete
52372,3,2024-09-09,Complete
33901,4,2024-07-22,Active
24928,5,2026-05-12,Lapsed
10219,1,2026-05-11,Active
3858,2,2026-02-20,Active
33525,3,2025-12-28,Active
9588,4,2026-06-30,Complete
35005,5,2025-12-02,Complete
9213,1,2026-06-08,Lapsed
4814,2,2026-06-22,Active
40770,3,2026-01-18,Active
19123,4,2026-06-12,Active
2087,5,2026-01-13,Active
13200,1,2026-05-08,Complete
49,2,2024-09-20,Lapsed
19602,3,2026-02-24,Complete
34090,4,2026-05-25,Complete
36424,5,2026-04-06,Active
18161,1,2026-05-17,Lapsed
35437,2,2025-06-05,Complete
38237,3,2025-04-12,Active
9435,4,2023-08-19,Active
6969,5,2026-06-19,Active
4406,1,2026-02-06,Active
24131,2,2026-01-22,Complete
43376,3,2026-05-13,Active
40815,4,2025-03-26,Complete
25222,5,2026-05-23,Active
4381,1,2026-06-21,Active
58907,2,2026-06-25,Active
47081,3,2026-06-22,Active
17593,4,2026-03-04,Complete
18126,5,2024-05-31,Active
36479,1,2024-08-06,Active
37639,2,2026-06-18,Complete
18225,3,2026-02-04,Active
32183,4,2026-05-06,Active
26892,5,2024-07-27,Complete
43781,1,2024-01-31,Active
41109,2,2024-04-15,Complete
3037,3,2025-12-25,Complete
9620,4,2025-04-22,Active
278,5,2025-12-05,Complete
22996,1,2026-06-24,Lapsed
46436,2,2025-06-15,Complete
43649,3,2026-06-15,Active
55894,4,2025-04-02,Active
15868,5,2024-11-25,Active
22216,1,2023-09-13,Complete
52233,2,2025-10-20,Active
49872,3,2025-10-13,Lapsed
25373,4,2026-06-13,Active
46688,5,2026-05-18,Active
53254,1,2025-05-12,Active
51894,2,2025-09-26,Active
46560,3,2026-01-25,Active
6131,4,2025-07-06,Active
5599,5,2025-10-28,Active
3401,1,2024-02-15,Complete
39012,2,2025-12-30,Active
43513,3,2026-03-14,Complete
57772,4,2026-06-16,Active
31940,5,2025-08-22,Lapsed
34588,1,2025-01-11,Active
48140,2,2025-07-17,Active
30923,3,2025-06-29,Active
25212,4,2025-04-08,Active
34697,5,2025-12-26,Active
44731,1,2025-04-25,Complete
20534,2,2026-01-08,Active
19280,3,2026-04-02,Active
31666,4,2026-06-28,Active
35470,5,2026-06-29,Complete
18165,1,2025-05-21,Active
27569,2,2025-05-22,Active
45298,3,2026-04-11,Active
5637,4,2026-02-02,Complete
53087,5,2026-05-10,Lapsed
40065,1,2026-06-20,Complete
34675,2,2025-05-26,Complete
47877,3,2026-05-28,Active
40785,4,2025-09-27,Lapsed
18581,5,2025-08-24,Complete
12376,1,2025-09-30,Active
46929,2,2025-11-16,Complete
39959,3,2026-06-29,Lapsed
28982,4,2025-08-06,Complete
8789,5,2026-04-25,Active
6354,1,2026-02-03,Complete
25063,2,2026-04-06,Lapsed
57135,3,2026-01-20,Active
39081,4,2026-06-18,Active
36717,5,2025-01-14,Active
30835,1,2024-08-26,Active
20472,2,2024-01-27,Active
52569,3,2026-06-15,Active
45970,4,2026-03-07,Complete
11792,5,2026-01-03,Complete
56654,1,2026-06-27,Active
14261,2,2026-01-11,Active
19696,3,2025-07-10,Lapsed
18129,4,2026-04-27,Active
22926,5,2026-05-18,Active
5218,1,2026-05-13,Active
45369,2,2026-03-08,Active
22773,3,2025-03-03,Active
19284,4,2024-10-28,Active
24262,5,2025-12-30,Active
6277,1,2026-06-15,Active
7989,2,2026-02-27,Active
12070,3,2025-05-18,Active
20211,4,2026-04-13,Complete
30667,5,2025-07-19,Active
2639,1,2025-08-25,Active
53008,2,2025-11-24,Complete
22311,3,2026-01-25,Active
51701,4,2026-04-13,Active
17092,5,2026-04-10,Active
26499,1,2025-02-06,Lapsed
10971,2,2025-12-25,Complete
10289,3,2025-07-25,Lapsed
24859,4,2026-02-18,Complete
27819,5,2024-05-13,Complete
55792,1,2026-04-16,Active
59409,2,2024-05-28,Lapsed
25971,3,2026-01-08,Active
45588,4,2026-01-29,Active
27465,5,2026-01-28,Complete
50151,1,2025-07-12,Complete
11424,2,2026-04-13,Active
2963,3,2026-06-17,Active
5941,4,2026-01-07,Lapsed
11188,5,2025-06-25,Active
37973,1,2026-06-21,Lapsed
1039,2,2026-03-15,Active
42192,3,2024-07-23,Active
3840,4,2024-05-06,Active
52845,5,2025-09-13,Active
13364,1,2025-11-12,Active
42437,2,2023-10-22,Active
8933,3,2026-06-26,Lapsed
6490,4,2026-06-27,Active
38469,5,2026-01-13,Complete
57685,1,2026-03-01,Complete
34762,2,2023-05-06,Complete
22268,3,2025-01-16,Complete
41535,4,2023-10-19,Complete
59083,5,2024-05-06,Complete
4074,1,2024-11-07,Active
55265,2,2026-03-30,Complete
14862,3,2025-07-27,Active
32108,4,2025-12-09,Active
43085,5,2024-06-12,Complete
59923,1,2025-05-05,Active
59977,2,2026-02-27,Lapsed
14908,3,2025-12-04,Active
32228,4,2025-08-11,Active
18883,5,2026-03-18,Complete
33402,1,2026-05-21,Active
48935,2,2026-06-01,Complete
21141,3,2026-05-27,Active
8774,4,2025-06-19,Active
9382,5,2024-11-18,Active
32055,1,2026-06-22,Complete
57765,2,2026-05-15,Active
41620,3,2024-05-31,Active
19872,4,2026-05-23,Active
18946,5,2026-05-21,Lapsed
40096,1,2026-01-16,Active
24221,2,2026-06-29,Complete
6239,3,2026-04-02,Active
44820,4,2026-01-02,Active
26785,5,2026-05-22,Active
41871,1,2026-06-21,Active
17477,2,2026-01-25,Lapsed
54167,3,2024-05-11,Active
42568,4,2026-04-30,Active
40050,5,2026-03-13,Active
4944,1,2026-01-08,Active
43469,2,2026-06-22,Active
53660,3,2023-05-24,Active
47001,4,2025-10-09,Complete
9539,5,2023-05-09,Lapsed
13057,1,2023-05-14,Complete
34908,2,2023-04-29,Active
53053,3,2026-06-28,Complete
51172,4,2023-05-24,Complete
25883,5,2026-06-07,Active
44711,1,2026-06-19,Active
1609,2,2026-05-11,Active
10429,3,2026-01-01,Complete
59992,4,2026-05-18,Active
56695,5,2025-07-28,Lapsed
52234,1,2026-01-24,Complete
54424,2,2026-06-11,Lapsed
58221,3,2026-06-24,Lapsed
55925,4,2026-06-11,Active
58456,5,2024-03-28,Active
38616,1,2025-02-04,Active
24017,2,2026-05-12,Active
19996,3,2025-02-12,Active
44192,4,2026-06-22,Active
1468,5,2024-12-13,Lapsed
27160,1,2024-01-25,Active
26445,2,2024-07-19,Active
44106,3,2026-06-09,Active
47480,4,2026-06-07,Active
42497,5,2024-09-20,Lapsed
9638,1,2025-11-14,Active
59356,2,2023-09-13,Active
18948,3,2026-05-14,Active
43072,4,2025-12-13,Active
31893,5,2025-11-14,Active
36711,1,2026-03-08,Active
21044,2,2023-03-28,Active
33665,3,2026-06-09,Active
35915,4,2023-10-14,Active
26275,5,2025-06-08,Active
2735,1,2025-11-19,Active
50890,2,2026-06-10,Active
5768,3,2024-08-08,Active
47634,4,2024-01-19,Active
23730,5,2024-10-22,Complete
40708,1,2026-01-30,Active
53739,2,2026-05-08,Active
36342,3,2026-02-16,Active
54056,4,2025-05-18,Active
14993,5,2026-06-26,Lapsed
29942,1,2025-06-27,Active
40828,2,2026-06-27,Active
11898,3,2023-11-02,Active
4891,4,2026-04-05,Complete
5133,5,2025-09-01,Active
32705,1,2023-08-11,Complete
25960,2,2025-08-27,Complete
12833,3,2026-04-11,Active
6244,4,2026-03-24,Active
30965,5,2025-04-26,Complete
29735,1,2025-11-20,Active
40547,2,2026-06-30,Active
18362,3,2025-11-02,Active
47506,4,2026-02-26,Active
57861,5,2025-08-12,Active
44006,1,2026-06-20,Complete
46352,2,2025-04-17,Active
52583,3,2024-06-17,Active
55844,4,2023-10-03,Complete
45098,5,2023-04-17,Active
27401,1,2025-11-15,Active
38870,2,2026-06-09,Active
18791,3,2025-07-19,Complete
46022,4,2026-02-10,Active
8770,5,2026-06-11,Active
51003,1,2025-12-20,Complete
43012,2,2026-06-27,Active
7722,3,2024-12-21,Active
19077,4,2026-01-22,Active
53962,5,2026-06-28,Complete
23489,1,2026-06-08,Active
19791,2,2026-06-20,Active
23889,3,2023-10-04,Active
59674,4,2026-05-25,Active
16591,5,2026-04-06,Complete
13863,1,2026-05-07,Lapsed
28774,2,2025-02-10,Complete
37408,3,2024-12-28,Complete
35332,4,2026-04-02,Complete
21722,5,2025-03-13,Active
24429,1,2025-12-03,Active
52046,2,2026-02-15,Active
5887,3,2026-05-27,Active
22225,4,2026-06-22,Active
37757,5,2026-03-31,Complete
55588,1,2024-02-16,Active
26998,2,2024-12-22,Active
24473,3,2025-12-04,Complete
46638,4,2025-07-27,Active
21146,5,2026-06-07,Lapsed
7529,1,2024-06-05,Active
10143,2,2025-05-24,Active
10156,3,2025-04-05,Active
48183,4,2026-02-04,Active
42194,5,2026-01-09,Lapsed
32364,1,2026-04-06,Complete
43714,2,2026-03-20,Complete
48653,3,2026-04-22,Lapsed
58673,4,2026-05-30,Active
55123,5,2026-05-20,Active
1766,1,2026-03-30,Complete
5590,2,2023-09-21,Active
24139,3,2025-04-02,Active
55290,4,2024-06-29,Active
44083,5,2026-04-17,Active
8422,1,2026-04-25,Active
4420,2,2025-11-26,Active
50229,3,2026-05-22,Active
35900,4,2025-09-04,Active
32300,5,2023-08-07,Complete
581,1,2026-06-13,Active
51235,2,2026-06-13,Active
45468,3,2024-09-19,Active
1498,4,2026-04-26,Complete
17783,5,2025-12-29,Complete
24168,1,2022-05-16,Complete
8332,2,2026-01-13,Complete
724,3,2026-04-05,Active
8359,4,2026-05-14,Active
7464,5,2026-05-21,Complete
53908,1,2026-06-13,Active
11103,2,2026-02-24,Active
40439,3,2025-10-14,Active
55489,4,2025-03-17,Active
59646,5,2025-10-22,Active
48373,1,2026-05-30,Active
48493,2,2025-04-24,Complete
4028,3,2026-06-07,Active
21366,4,2026-03-12,Lapsed
44472,5,2025-04-28,Active
620,1,2024-06-18,Complete
45567,2,2026-05-01,Active
58293,3,2025-12-16,Active
45515,4,2025-11-26,Active
2687,5,2025-07-31,Active
41401,1,2026-04-28,Complete
24747,2,2026-06-20,Active
16802,3,2026-06-30,Active
59847,4,2025-09-29,Active
8392,5,2026-03-13,Complete
9237,1,2025-11-12,Active
55292,2,2024-01-17,Active
5762,3,2026-03-16,Complete
52151,4,2026-06-28,Lapsed
48795,5,2025-02-28,Active
41177,1,2024-08-05,Active
15102,2,2025-07-08,Active
25201,3,2025-10-21,Lapsed
6957,4,2025-11-28,Complete
41842,5,2025-07-13,Active
10419,1,2026-04-21,Complete
21617,2,2025-05-12,Active
41166,3,2025-08-01,Active
31550,4,2026-05-30,Lapsed
47334,5,2026-04-16,Active
12672,1,2026-06-15,Active
7264,2,2025-03-06,Complete
29729,3,2026-03-10,Complete
57853,4,2026-06-24,Active
35840,5,2026-06-26,Complete
16881,1,2026-04-12,Active
16477,2,2026-05-31,Active
28067,3,2025-07-25,Active
45596,4,2023-06-14,Active
45067,5,2025-03-30,Complete
37295,1,2025-04-28,Active
40692,2,2025-04-07,Active
28134,3,2026-06-10,Active
19609,4,2023-04-20,Active
44896,5,2026-05-31,Complete
8826,1,2026-06-24,Active
53237,2,2025-06-08,Active
1257,3,2025-07-06,Active
31286,4,2026-04-20,Active
45548,5,2026-05-15,Complete
4894,1,2026-01-21,Active
44804,2,2023-01-19,Active
37847,3,2025-09-29,Active
10564,4,2025-10-22,Active
16271,5,2026-06-23,Complete
40893,1,2026-05-22,Complete
478,2,2026-02-19,Active
48269,3,2026-05-27,Lapsed
36557,4,2025-08-21,Active
46931,5,2025-01-03,Active
44661,1,2024-08-28,Active
41662,2,2025-03-09,Complete
59317,3,2026-06-20,Active
9563,4,2023-08-14,Active
16220,5,2025-08-29,Active
9614,1,2025-08-10,Complete
24461,2,2026-06-04,Active
27998,3,2026-02-27,Active
38160,4,2026-05-15,Active
37879,5,2025-08-27,Active
51123,1,2026-06-30,Lapsed
21774,2,2026-04-30,Active
52700,3,2024-12-19,Lapsed
51502,4,2023-10-21,Active
43663,5,2026-04-27,Active
14550,1,2026-04-21,Lapsed
41528,2,2024-08-21,Active
55549,3,2023-08-21,Active
29485,4,2024-11-14,Lapsed
2692,5,2026-06-26,Active
48551,1,2022-08-06,Active
9813,2,2026-03-20,Active
18701,3,2026-04-22,Active
58490,4,2025-02-22,Active
59132,5,2026-02-22,Complete
48564,1,2026-04-08,Active
48462,2,2026-03-05,Active
30720,3,2024-06-22,Active
28868,4,2026-01-18,Active
15377,5,2026-03-11,Active
56297,1,2026-03-31,Active
13511,2,2026-01-31,Active
12061,3,2025-09-20,Active
7923,4,2025-08-03,Lapsed
38985,5,2025-03-24,Active
47521,1,2025-03-16,Complete
47489,2,2026-01-13,Lapsed
49876,3,2025-01-22,Active
36885,4,2026-06-03,Lapsed
9542,5,2025-11-11,Complete
51341,1,2024-08-04,Active
8760,2,2024-02-14,Complete
30204,3,2026-02-10,Active
58264,4,2025-10-24,Active
19545,5,2025-10-24,Active
51670,1,2026-01-08,Active
6065,2,2026-06-04,Active
48065,3,2026-04-06,Complete
41466,4,2026-03-17,Active
5677,5,2026-06-13,Active
30926,1,2026-02-13,Active
34998,2,2026-02-08,Complete
33290,3,2026-05-23,Complete
26705,4,2024-07-27,Active
10342,5,2026-04-11,Active
20826,1,2026-06-20,Active
51833,2,2026-02-23,Active
40963,3,2025-12-07,Active
18264,4,2023-11-06,Active
16195,5,2026-06-28,Active
37034,1,2026-05-24,Lapsed
40954,2,2026-02-07,Active
46302,3,2025-04-10,Active
8901,4,2026-02-21,Active
47790,5,2026-04-09,Lapsed
16759,1,2025-06-03,Active
24970,2,2026-05-23,Complete
27040,3,2026-01-07,Lapsed
47950,4,2026-06-28,Active
20991,5,2025-02-14,Active
3810,1,2026-04-13,Complete
48868,2,2025-05-16,Active
13443,3,2026-04-16,Active
15816,4,2025-11-13,Active
49613,5,2024-09-14,Complete
12372,1,2025-08-05,Active
32599,2,2025-12-22,Active
825,3,2026-06-15,Active
44078,4,2024-08-19,Active
37885,5,2024-09-17,Complete
41840,1,2025-06-07,Active
28011,2,2026-06-25,Active
17647,3,2026-06-07,Active
54145,4,2025-12-31,Active
26532,5,2025-03-12,Active
8622,1,2026-05-25,Complete
47538,2,2025-12-25,Active
28870,3,2026-03-06,Complete
38153,4,2024-09-01,Active
15361,5,2026-06-12,Lapsed
51561,1,2026-04-20,Active
3224,2,2025-12-09,Active
17586,3,2026-02-08,Active
52497,4,2026-03-25,Active
36653,5,2024-10-28,Active
24414,1,2024-10-15,Active
17981,2,2024-10-16,Active
19563,3,2024-01-08,Complete
26320,4,2026-04-12,Complete
46476,5,2025-11-15,Active
24187,1,2025-04-06,Active
37404,2,2025-10-01,Active
15091,3,2024-11-02,Active
50401,4,2025-10-10,Complete
44666,5,2026-06-28,Active
17982,1,2026-05-31,Active
9753,2,2026-06-15,Active
52999,3,2025-06-22,Active
16268,4,2025-07-12,Complete
17510,5,2026-01-23,Complete
307,1,2026-05-18,Active
34435,2,2026-03-02,Active
55467,3,2026-06-11,Complete
17449,4,2025-03-26,Active
38252,5,2026-06-16,Active
37374,1,2026-06-04,Active
17513,2,2025-11-02,Active
2167,3,2026-01-27,Active
54869,4,2025-07-11,Active
32248,5,2026-06-13,Active
35316,1,2025-12-02,Active
56944,2,2024-12-29,Lapsed
40554,3,2025-06-21,Complete
43923,4,2026-06-20,Active
22312,5,2025-11-03,Active
45944,1,2024-09-16,Active
37356,2,2023-12-22,Complete
41427,3,2026-01-15,Active
4828,4,2025-06-16,Active
30767,5,2025-01-09,Active
57064,1,2022-10-18,Active
29314,2,2026-06-16,Lapsed
29202,3,2025-06-02,Complete
57377,4,2026-03-09,Active
43238,5,2026-05-19,Complete
56129,1,2026-05-20,Active
18447,2,2025-08-30,Active
28447,3,2025-08-20,Active
57393,4,2026-01-20,Active
54291,5,2025-11-16,Active
35297,1,2026-01-02,Active
24458,2,2025-03-11,Complete
9601,3,2025-09-06,Active
11140,4,2026-06-30,Active
49151,5,2025-07-11,Active
7912,1,2024-03-11,Complete
51622,2,2025-10-30,Complete
52659,3,2025-10-02,Active
28459,4,2023-08-13,Active
26521,5,2025-11-23,Active
27222,1,2026-02-19,Complete
54379,2,2026-03-25,Active
59761,3,2026-07-01,Active
3655,4,2026-05-13,Active
3092,5,2026-06-24,Active
5774,1,2025-11-24,Lapsed
3676,2,2024-05-18,Complete
31012,3,2024-11-20,Active
17534,4,2026-06-24,Active
14219,5,2026-03-26,Active
40608,1,2025-07-20,Active
22321,2,2023-10-17,Active
56405,3,2026-04-15,Complete
22002,4,2026-03-17,Active
21385,5,2026-06-07,Complete
46856,1,2026-06-17,Complete
42873,2,2026-04-23,Active
39641,3,2025-09-21,Active
5947,4,2026-04-07,Active
27101,5,2025-01-16,Complete
13905,1,2026-05-11,Active
56708,2,2025-11-07,Active
23214,3,2026-03-26,Active
51640,4,2025-05-31,Lapsed
29505,5,2025-11-08,Lapsed
23122,1,2026-02-28,Active
39570,2,2026-05-27,Active
24654,3,2026-06-14,Active
5173,4,2024-08-13,Active
18596,5,2026-01-24,Active
53282,1,2026-06-16,Active
37564,2,2025-09-21,Lapsed
1215,3,2026-06-13,Active
2471,4,2026-03-07,Complete
47517,5,2026-05-17,Active
21793,1,2026-06-18,Active
59601,2,2022-06-20,Active
51472,3,2026-05-18,Active
25271,4,2026-01-15,Active
47984,5,2026-02-15,Active
47621,1,2025-11-30,Active
47809,2,2025-08-09,Active
2824,3,2026-01-18,Lapsed
29640,4,2025-12-21,Active
48915,5,2026-02-26,Active
58611,1,2026-06-29,Active
6767,2,2024-12-06,Complete
39203,3,2026-05-30,Active
28270,4,2026-03-12,Complete
2894,5,2026-06-24,Lapsed
43293,1,2026-06-28,Lapsed
2825,2,2026-05-10,Active
8477,3,2023-11-20,Active
35045,4,2025-09-28,Active
13699,5,2026-05-24,Complete
19975,1,2025-09-02,Complete
52252,2,2024-03-07,Active
35709,3,2025-06-21,Active
7495,4,2024-07-28,Active
1855,5,2026-03-07,Active
42485,1,2026-02-19,Active
13582,2,2023-11-04,Active
9082,3,2026-04-19,Lapsed
24290,4,2026-04-04,Active
9494,5,2026-04-30,Active
17995,1,2026-05-08,Active
32969,2,2025-11-24,Lapsed
42518,3,2026-06-21,Active
26451,4,2026-06-15,Active
22843,5,2024-10-18,Active
12474,1,2025-08-21,Active
35216,2,2026-06-25,Complete
782,3,2025-11-20,Active
56172,4,2025-06-04,Active
46631,5,2025-08-13,Active
46471,1,2025-11-08,Complete
40323,2,2025-10-16,Active
17436,3,2025-01-15,Active
47712,4,2025-10-08,Lapsed
38784,5,2026-03-06,Active
17509,1,2025-04-01,Active
24474,2,2026-02-20,Complete
4415,3,2026-01-18,Active
869,4,2026-02-09,Complete
40145,5,2025-02-04,Lapsed
25898,1,2025-11-20,Active
25619,2,2025-12-22,Active
29864,3,2026-02-06,Active
37486,4,2026-06-17,Active
7076,5,2023-03-06,Active
11879,1,2026-06-03,Active
39082,2,2026-03-04,Active
34082,3,2026-06-17,Active
22992,4,2026-04-13,Active
26525,5,2024-03-06,Active
2590,1,2024-09-19,Active
29217,2,2025-12-11,Complete
17668,3,2026-02-20,Complete
54263,4,2024-12-05,Lapsed
51999,5,2025-11-30,Active
12015,1,2025-09-25,Active
32623,2,2026-02-26,Active
19647,3,2023-02-07,Active
4443,4,2026-04-11,Active
789,5,2026-03-04,Active
52907,1,2026-03-17,Active
44528,2,2024-10-11,Active
44948,3,2023-08-16,Complete
33214,4,2026-02-06,Active
7803,5,2026-06-23,Complete
13842,1,2026-06-11,Active
6126,2,2025-09-29,Active
12895,3,2025-05-30,Complete
26594,4,2026-03-02,Active
27050,5,2025-01-02,Active
5464,1,2026-06-14,Active
51777,2,2026-06-15,Complete
28037,3,2026-05-20,Lapsed
56551,4,2025-07-20,Complete
43869,5,2026-06-20,Complete
1656,1,2025-01-06,Active
24627,2,2025-05-14,Lapsed
3556,3,2026-01-05,Active
1617,4,2026-04-22,Active
35485,5,2026-02-25,Active
49795,1,2026-05-09,Active
2155,2,2026-06-15,Active
5008,3,2025-03-20,Active
32366,4,2026-03-12,Lapsed
16468,5,2025-09-04,Active
29801,1,2026-04-12,Active
6723,2,2025-08-27,Complete
2178,3,2025-06-18,Lapsed
3134,4,2024-11-09,Active
48869,5,2026-01-26,Lapsed
37082,1,2026-05-24,Active
6379,2,2025-07-22,Lapsed
914,3,2025-12-24,Active
43770,4,2024-09-02,Active
46761,5,2025-11-06,Active
44491,1,2025-12-08,Complete
51776,2,2026-02-07,Active
6968,3,2025-07-18,Active
54041,4,2026-05-24,Active
10542,5,2026-05-25,Complete
33723,1,2026-05-15,Complete
51651,2,2025-06-04,Lapsed
7275,3,2026-06-30,Active
36092,4,2024-10-22,Active
47882,5,2024-05-13,Active
59667,1,2025-02-13,Active
22637,2,2026-04-04,Complete
3679,3,2026-04-20,Active
50972,4,2026-06-10,Active
44390,5,2023-09-21,Active
4282,1,2026-06-25,Complete
29645,2,2025-04-26,Active
46470,3,2026-03-14,Lapsed
13225,4,2026-05-27,Active
7600,5,2024-01-15,Active
21912,1,2026-04-02,Active
39938,2,2024-11-22,Active
39647,3,2024-04-25,Active
10618,4,2026-06-04,Active
13470,5,2026-06-25,Active
36313,1,2026-02-17,Lapsed
13201,2,2025-12-03,Active
27616,3,2023-07-01,Active
13112,4,2026-04-30,Active
42753,5,2026-02-09,Active
3002,1,2025-05-02,Active
11719,2,2026-03-21,Active
20360,3,2026-06-18,Active
36210,4,2026-05-07,Active
17785,5,2025-07-21,Active
23838,1,2025-06-28,Active
41764,2,2026-04-10,Complete
51648,3,2026-05-18,Active
6160,4,2024-11-17,Complete
39879,5,2026-06-27,Complete
50515,1,2026-06-22,Active
55861,2,2026-04-13,Complete
20810,3,2026-04-18,Lapsed
56322,4,2026-04-12,Active
54817,5,2026-03-23,Complete
15359,1,2023-12-23,Active
49773,2,2025-10-30,Active
36254,3,2024-10-22,Active
3582,4,2026-03-30,Lapsed
50484,5,2026-05-12,Active
52294,1,2025-08-07,Active
5551,2,2023-09-17,Active
11713,3,2024-07-21,Lapsed
50032,4,2025-11-22,Active
59879,5,2025-11-08,Active
29853,1,2025-02-28,Active
21326,2,2026-01-21,Complete
1044,3,2026-02-22,Active
23924,4,2025-08-11,Active
20510,5,2026-06-05,Active
50710,1,2024-06-11,Complete
17118,2,2026-06-07,Active
56364,3,2026-03-30,Active
18645,4,2025-01-08,Active
4874,5,2026-06-04,Active
45093,1,2026-06-04,Active
7077,2,2025-04-29,Complete
40066,3,2026-06-29,Active
20919,4,2025-10-02,Active
32592,5,2026-06-30,Active
55021,1,2025-10-07,Active
38746,2,2026-03-12,Active
27935,3,2026-06-23,Active
8183,4,2026-01-28,Active
39717,5,2025-04-23,Complete
31001,1,2026-05-29,Active
32260,2,2026-06-06,Complete
14221,3,2026-04-09,Lapsed
51023,4,2024-06-07,Complete
26328,5,2026-03-15,Complete
6918,1,2026-06-26,Complete
52127,2,2026-01-09,Active
49587,3,2026-01-17,Active
16181,4,2026-05-16,Active
2225,5,2024-09-22,Active
8230,1,2026-06-06,Complete
28066,2,2026-03-10,Complete
20944,3,2026-05-23,Complete
23964,4,2024-11-13,Active
21365,5,2026-04-21,Complete
2276,1,2026-05-25,Active
3567,2,2025-10-22,Active
11414,3,2026-06-28,Active
34242,4,2025-08-19,Complete
20103,5,2025-05-19,Complete
34843,1,2025-11-16,Active
13814,2,2025-12-04,Complete
2400,3,2026-04-14,Active
14669,4,2024-12-23,Active
31291,5,2026-03-16,Active
27391,1,2026-06-28,Complete
53789,2,2025-07-03,Active
59220,3,2026-04-03,Lapsed
46822,4,2026-05-31,Lapsed
37091,5,2026-05-10,Active
1565,1,2026-06-14,Active
11947,2,2024-03-15,Complete
39669,3,2026-06-20,Active
35246,4,2024-12-02,Active
33080,5,2025-09-26,Active
56471,1,2025-04-03,Active
46050,2,2024-08-14,Complete
51652,3,2026-06-10,Active
38211,4,2025-06-20,Complete
1748,5,2026-04-06,Active
7173,1,2025-05-11,Active
15958,2,2025-07-21,Active
30231,3,2026-02-07,Active
42598,4,2025-05-04,Active
34266,5,2026-06-22,Complete
56842,1,2026-03-27,Lapsed
49224,2,2023-12-20,Lapsed
27328,3,2026-04-03,Lapsed
24855,4,2025-05-25,Active
29527,5,2026-04-22,Active
27422,1,2026-02-24,Active
39993,2,2024-06-30,Active
38845,3,2026-02-04,Active
55244,4,2026-05-28,Active
33708,5,2024-02-05,Complete
17183,1,2024-03-04,Lapsed
3879,2,2026-06-30,Active
15431,3,2026-05-26,Active
59294,4,2026-06-27,Complete
9304,5,2026-02-24,Active
51800,1,2026-06-29,Active
59360,2,2026-06-16,Active
38229,3,2026-06-30,Active
59665,4,2025-05-25,Active
3045,5,2023-11-24,Active
28474,1,2022-05-25,Active
32219,2,2024-07-15,Active
26375,3,2025-07-25,Complete
45090,4,2026-02-19,Complete
35781,5,2026-04-28,Active
37910,1,2026-04-22,Active
48938,2,2026-04-22,Active
39024,3,2025-08-09,Lapsed
11857,4,2025-06-22,Active
26701,5,2023-10-09,Active
49741,1,2026-06-25,Active
27275,2,2026-06-12,Active
46446,3,2025-02-15,Active
15336,4,2025-08-23,Complete
14776,5,2026-03-11,Active
27572,1,2026-06-07,Active
9391,2,2024-11-17,Active
7507,3,2025-10-26,Active
46709,4,2026-06-14,Active
16579,5,2025-01-08,Active
24465,1,2025-08-17,Lapsed
16413,2,2026-07-01,Lapsed
42171,3,2025-04-14,Active
15312,4,2026-06-04,Active
29236,5,2026-06-29,Active
1923,1,2026-02-01,Active
36859,2,2024-11-21,Active
49448,3,2026-06-30,Complete
38073,4,2026-06-26,Complete
59395,5,2026-01-02,Active
12937,1,2026-05-23,Complete
37522,2,2026-04-25,Lapsed
36277,3,2026-05-13,Active
25942,4,2025-09-12,Active
23159,5,2026-03-29,Active
39689,1,2025-11-13,Active
2884,2,2022-09-26,Complete
36265,3,2026-05-10,Active
2683,4,2025-01-07,Active
54394,5,2026-06-21,Active
39778,1,2026-06-27,Active
3309,2,2026-05-14,Active
54934,3,2026-06-20,Active
50950,4,2026-06-27,Active
58565,5,2026-05-27,Complete
32780,1,2026-06-28,Active
45571,2,2025-09-03,Active
10290,3,2025-10-02,Active
29829,4,2026-06-25,Complete
35979,5,2026-04-17,Complete
33036,1,2025-07-16,Active
3829,2,2025-12-13,Active
9364,3,2024-11-05,Complete
15865,4,2024-12-21,Active
22615,5,2026-05-16,Complete
22676,1,2026-05-30,Active
32873,2,2026-02-10,Lapsed
13099,3,2026-04-25,Active
56587,4,2026-06-22,Active
5234,5,2024-10-15,Active
51690,1,2026-05-28,Active
9336,2,2025-11-13,Complete
34094,3,2025-12-22,Lapsed
6807,4,2026-02-12,Complete
24945,5,2024-02-08,Complete
57640,1,2025-06-19,Active
15456,2,2026-06-24,Complete
36065,3,2026-06-28,Lapsed
5613,4,2026-06-25,Active
59898,5,2026-03-11,Active
43852,1,2025-07-18,Complete
17045,2,2026-03-11,Active
44032,3,2026-06-15,Active
19940,4,2026-04-12,Active
18865,5,2026-06-09,Active
31128,1,2026-06-29,Complete
49850,2,2025-06-27,Active
15769,3,2023-12-23,Lapsed
4367,4,2024-06-25,Active
35479,5,2025-10-14,Complete
52586,1,2026-04-26,Active
45424,2,2026-06-16,Active
57650,3,2024-07-04,Active
8560,4,2025-12-07,Complete
27094,5,2026-06-08,Complete
14747,1,2026-03-15,Active
17818,2,2025-11-15,Complete
32689,3,2025-07-23,Active
56263,4,2021-09-21,Active
41651,5,2026-04-13,Active
57295,1,2025-11-01,Active
44459,2,2025-11-27,Active
3369,3,2026-04-01,Lapsed
48948,4,2025-05-11,Complete
11981,5,2026-02-20,Active
49694,1,2026-06-29,Active
36998,2,2025-12-15,Active
54941,3,2026-01-17,Active
26747,4,2025-09-24,Active
18744,5,2024-01-19,Active
44243,1,2023-10-16,Lapsed
1681,2,2025-02-21,Active
2750,3,2024-03-09,Active
11084,4,2025-12-29,Active
4070,5,2025-10-27,Complete
36217,1,2025-01-21,Lapsed
55210,2,2026-04-16,Active
57408,3,2026-06-23,Active
53479,4,2026-01-02,Complete
46955,5,2026-06-06,Lapsed
57575,1,2024-04-20,Active
290,2,2024-09-27,Active
59941,3,2026-03-29,Complete
57769,4,2026-03-21,Active
16718,5,2023-12-17,Active
51398,1,2025-07-05,Active
42311,2,2026-06-13,Active
1205,3,2026-05-31,Active
53221,4,2026-06-18,Active
33915,5,2026-04-06,Complete
20869,1,2026-01-28,Active
17399,2,2025-05-08,Active
40086,3,2026-06-29,Complete
50403,4,2026-06-13,Active
19645,5,2026-02-01,Active
16746,1,2024-05-31,Active
17716,2,2025-09-30,Lapsed
38278,3,2026-05-31,Active
39454,4,2025-06-30,Active
24207,5,2025-08-31,Active
12237,1,2026-05-04,Active
53505,2,2025-10-12,Active
3856,3,2026-05-03,Active
1708,4,2026-01-15,Active
10565,5,2024-10-30,Lapsed
43134,1,2026-02-18,Lapsed
43595,2,2026-06-15,Active
45878,3,2025-11-20,Active
57477,4,2025-10-08,Complete
36043,5,2025-11-02,Active
53617,1,2023-07-13,Active
59999,2,2025-09-05,Active
53664,3,2025-06-17,Complete
5843,4,2025-01-14,Complete
28425,5,2026-05-15,Active
31345,1,2026-06-13,Complete
3831,2,2026-06-11,Active
28370,3,2024-05-29,Active
17918,4,2022-01-26,Lapsed
27987,5,2026-05-15,Active
31092,1,2024-08-20,Active
35990,2,2026-05-22,Active
49161,3,2026-06-19,Active
252,4,2026-05-14,Active
11973,5,2025-08-18,Complete
45703,1,2026-06-28,Active
43717,2,2025-10-21,Active
15109,3,2025-01-17,Active
29463,4,2026-06-26,Active
51766,5,2026-06-27,Active
13689,1,2023-01-11,Active
36681,2,2025-12-16,Complete
53242,3,2025-09-26,Complete
56185,4,2023-08-22,Active
38527,5,2025-03-01,Active
33145,1,2026-05-26,Active
7584,2,2026-05-03,Active
11838,3,2025-12-07,Complete
17049,4,2026-01-29,Active
38376,5,2026-05-14,Lapsed
54781,1,2024-06-18,Active
8609,2,2025-03-03,Active
1475,3,2026-06-09,Active
29309,4,2025-10-06,Complete
58591,5,2026-06-26,Active
27083,1,2025-12-14,Active
8697,2,2026-05-31,Complete
49672,3,2026-05-15,Active
20243,4,2025-03-24,Active
57566,5,2026-06-07,Active
51477,1,2023-10-24,Complete
15263,2,2026-02-07,Active
12147,3,2025-06-15,Complete
24150,4,2026-01-16,Active
46750,5,2026-06-15,Active
45988,1,2026-05-08,Active
14355,2,2025-12-29,Active
51277,3,2026-06-24,Active
6267,4,2026-06-01,Complete
18686,5,2025-10-03,Active
29884,1,2025-10-12,Active
6305,2,2025-03-28,Active
34399,3,2025-09-28,Active
57746,4,2023-10-10,Active
26295,5,2025-07-23,Active
28451,1,2025-02-06,Active
9291,2,2026-06-26,Active
11576,3,2024-12-24,Active
44055,4,2026-03-25,Active
51100,5,2025-11-22,Lapsed
23991,1,2024-04-01,Active
7869,2,2026-04-19,Active
37587,3,2026-01-11,Active
24560,4,2026-05-03,Complete
3775,5,2025-04-02,Active
57921,1,2026-06-30,Complete
34790,2,2025-06-02,Complete
8271,3,2026-06-20,Active
10983,4,2023-10-30,Active
897,5,2026-06-17,Active
23277,1,2026-04-28,Complete
24327,2,2025-11-19,Active
33507,3,2022-04-21,Active
14838,4,2022-12-21,Active
41515,5,2026-06-20,Active
46309,1,2025-12-11,Active
34165,2,2026-02-23,Active
3416,3,2026-03-19,Active
33543,4,2023-05-03,Active
14390,5,2023-09-27,Lapsed
35672,1,2026-04-05,Complete
39027,2,2025-07-18,Active
38688,3,2023-01-12,Active
49012,4,2026-06-30,Active
27660,5,2026-03-15,Active
36751,1,2026-06-22,Active
20132,2,2023-09-22,Lapsed
56784,3,2026-03-28,Active
36881,4,2026-03-25,Active
22948,5,2026-04-26,Active
15975,1,2025-06-19,Lapsed
40227,2,2025-07-19,Active
38135,3,2025-05-14,Active
47092,4,2026-05-10,Active
56150,5,2026-05-22,Complete
5193,1,2025-10-09,Active
20694,2,2026-05-08,Complete
27943,3,2026-06-27,Active
55337,4,2025-08-25,Active
37515,5,2026-03-01,Lapsed
38957,1,2026-03-09,Complete
36616,2,2025-09-23,Active
54736,3,2026-06-29,Active
16725,4,2025-02-28,Active
16825,5,2026-06-16,Active
19100,1,2026-05-20,Complete
55997,2,2026-03-15,Active
17594,3,2025-12-04,Complete
37929,4,2026-05-28,Active
3151,5,2024-07-31,Lapsed
4300,1,2025-12-27,Active
18766,2,2025-09-05,Active
21677,3,2025-07-19,Lapsed
39890,4,2025-05-22,Active
2463,5,2026-06-04,Active
55437,1,2026-06-06,Complete
25396,2,2024-04-04,Active
47698,3,2026-06-17,Active
37569,4,2025-12-28,Active
14677,5,2026-05-22,Active
17378,1,2024-10-03,Complete
26001,2,2026-05-30,Active
33148,3,2026-02-20,Active
38301,4,2026-04-14,Lapsed
13263,5,2024-03-17,Active
42445,1,2025-04-16,Lapsed
17817,2,2024-08-22,Active
12877,3,2023-06-19,Lapsed
22077,4,2026-04-11,Complete
4803,5,2025-08-09,Active
36517,1,2026-05-15,Complete
2017,2,2025-12-19,Active
16712,3,2026-06-04,Active
43915,4,2025-03-04,Active
18484,5,2026-02-01,Active
35647,1,2026-06-12,Active
21660,2,2026-01-06,Complete
26817,3,2026-06-23,Active
44392,4,2024-07-19,Active
44966,5,2023-09-26,Complete
7326,1,2024-06-18,Complete
34033,2,2026-05-30,Active
48179,3,2025-09-29,Active
2413,4,2025-05-29,Lapsed
20150,5,2026-03-20,Active
12344,1,2021-07-18,Active
35724,2,2026-04-30,Active
17799,3,2026-03-05,Active
24848,4,2025-03-04,Active
40085,5,2026-05-07,Active
33572,1,2024-12-25,Active
15287,2,2026-05-25,Complete
42986,3,2025-09-03,Active
13088,4,2026-06-28,Complete
10621,5,2025-11-13,Active
39192,1,2026-04-06,Active
54789,2,2026-06-29,Active
53328,3,2023-08-11,Active
30089,4,2023-10-24,Lapsed
193,5,2026-05-31,Active
49270,1,2026-05-14,Active
10455,2,2026-03-15,Complete
45331,3,2026-05-15,Active
59178,4,2026-04-27,Active
38477,5,2024-09-05,Active
57560,1,2026-06-28,Active
3259,2,2026-06-28,Active
17915,3,2026-02-14,Lapsed
8672,4,2026-06-21,Lapsed
20981,5,2026-06-02,Lapsed
15475,1,2026-04-01,Active
3182,2,2024-03-28,Lapsed
46318,3,2026-06-24,Active
47374,4,2024-05-01,Active
12613,5,2025-04-11,Active
40875,1,2025-03-19,Active
40305,2,2025-12-19,Lapsed
7503,3,2024-06-10,Active
30215,4,2025-08-23,Active
4297,5,2026-03-24,Active
21100,1,2023-08-18,Active
15877,2,2024-01-28,Active
59477,3,2025-07-27,Lapsed
12054,4,2025-11-01,Active
54613,5,2026-01-05,Active
4917,1,2025-12-20,Active
17574,2,2025-04-30,Complete
47545,3,2024-02-13,Active
39909,4,2024-12-16,Active
46159,5,2026-03-24,Active
7730,1,2026-05-30,Active
48452,2,2026-05-10,Active
500,3,2025-05-03,Active
32433,4,2026-05-11,Active
15977,5,2026-06-07,Active
41819,1,2025-01-09,Lapsed
52872,2,2025-04-11,Complete
3344,3,2022-12-24,Active
3553,4,2026-04-28,Complete
19289,5,2026-06-10,Active
38850,1,2025-09-29,Active
35758,2,2025-09-20,Active
44095,3,2026-06-29,Active
24004,4,2024-10-25,Active
12400,5,2026-06-25,Active
20316,1,2025-11-24,Active
14201,2,2025-03-10,Lapsed
28575,3,2026-06-11,Active
19082,4,2026-04-19,Complete
46759,5,2026-05-19,Active
33142,1,2026-06-19,Active
57571,2,2024-11-14,Active
17244,3,2025-12-23,Active
16585,4,2025-03-06,Active
24861,5,2026-05-17,Lapsed
48153,1,2026-06-26,Active
7769,2,2026-04-08,Active
39085,3,2025-12-25,Active
4893,4,2026-05-01,Active
51107,5,2025-07-18,Active
12332,1,2025-09-13,Active
24809,2,2025-12-28,Active
8360,3,2023-06-07,Lapsed
4593,4,2024-02-11,Active
31099,5,2026-06-23,Active
26123,1,2024-08-15,Active
20209,2,2025-04-19,Active
11365,3,2026-06-28,Active
2997,4,2026-05-25,Active
48600,5,2026-04-12,Active
24402,1,2026-05-06,Active
28644,2,2026-06-29,Lapsed
24235,3,2026-05-29,Active
49189,4,2022-08-15,Active
48393,5,2026-03-30,Complete
58744,1,2025-05-15,Complete
24924,2,2026-06-22,Active
53372,3,2026-05-09,Complete
51008,4,2026-01-05,Active
53465,5,2025-11-14,Active
51231,1,2026-05-31,Active
32236,2,2026-04-19,Active
37307,3,2025-07-21,Complete
6768,4,2024-10-19,Active
32575,5,2023-07-13,Active
38933,1,2025-08-09,Active
49486,2,2025-02-11,Active
46398,3,2024-05-30,Active
41480,4,2026-06-15,Active
48608,5,2025-05-09,Active
36237,1,2023-10-04,Active
42289,2,2026-06-29,Complete
20274,3,2026-03-04,Active
30059,4,2024-01-13,Lapsed
37466,5,2025-09-29,Lapsed
12732,1,2026-05-08,Complete
28073,2,2026-05-21,Complete
41792,3,2026-06-29,Active
55964,4,2026-01-30,Active
5125,5,2024-05-13,Active
41083,1,2025-10-06,Active
33068,2,2026-06-25,Active
41546,3,2026-05-04,Complete
12504,4,2026-05-06,Active
27789,5,2026-03-21,Active
21097,1,2026-02-09,Complete
39630,2,2026-06-30,Active
28562,3,2026-04-29,Active
46588,4,2025-11-28,Complete
2356,5,2026-05-26,Lapsed
43760,1,2025-11-27,Active
23030,2,2025-06-08,Complete
19204,3,2026-04-14,Active
5531,4,2026-05-22,Active
40044,5,2024-02-19,Active
55986,1,2025-01-04,Active
53917,2,2026-01-16,Active
27386,3,2025-11-01,Active
7506,4,2026-06-22,Active
8567,5,2026-04-10,Active
50604,1,2026-03-10,Active
31455,2,2026-05-09,Active
48190,3,2026-02-28,Active
11910,4,2025-09-19,Active
32690,5,2026-06-28,Active
49374,1,2026-03-18,Active
10680,2,2026-04-14,Active
56585,3,2026-06-30,Active
21187,4,2025-03-10,Active
4845,5,2025-09-20,Complete
18652,1,2025-12-13,Lapsed
36278,2,2026-06-11,Active
21855,3,2023-03-24,Complete
35495,4,2023-07-22,Active
53936,5,2025-09-19,Active
24086,1,2025-04-12,Complete
50949,2,2025-09-01,Active
49571,3,2026-05-27,Active
3759,4,2026-06-14,Active
37814,5,2024-08-25,Active
13726,1,2026-05-30,Active
48162,2,2026-06-22,Active
39680,3,2024-09-13,Active
13146,4,2025-06-24,Active
21953,5,2025-08-06,Complete
25985,1,2023-05-08,Complete
24577,2,2024-07-07,Active
45819,3,2026-03-11,Active
21948,4,2025-07-31,Active
32651,5,2025-07-30,Lapsed
34360,1,2026-03-27,Active
26613,2,2023-08-22,Complete
7108,3,2026-04-01,Complete
6019,4,2025-02-11,Active
29997,5,2024-03-18,Complete
2038,1,2026-06-10,Lapsed
13015,2,2026-05-11,Active
2205,3,2026-03-25,Active
11476,4,2026-05-15,Active
29631,5,2026-03-24,Lapsed
46007,1,2026-02-04,Lapsed
57237,2,2026-03-27,Active
24629,3,2026-02-26,Complete
22542,4,2025-06-09,Active
48502,5,2023-01-30,Active
13325,1,2024-04-07,Active
17295,2,2026-01-07,Lapsed
45652,3,2025-01-21,Complete
33124,4,2026-04-17,Active
707,5,2026-05-24,Active
41500,1,2026-04-04,Active
27937,2,2026-06-17,Active
8975,3,2026-02-08,Lapsed
42256,4,2025-05-24,Active
9055,5,2026-05-06,Active
27287,1,2025-09-06,Active
1201,2,2024-10-28,Active
25099,3,2026-06-29,Active
28849,4,2023-12-15,Lapsed
27992,5,2026-06-11,Complete
11298,1,2026-06-11,Complete
115,2,2026-01-02,Active
45619,3,2026-05-11,Lapsed
51378,4,2026-06-23,Active
24227,5,2026-06-16,Active
34410,1,2026-03-02,Active
27108,2,2025-06-29,Active
58753,3,2026-03-10,Lapsed
51650,4,2025-09-10,Complete
3103,5,2026-03-15,Active
5654,1,2026-04-26,Complete
18173,2,2025-07-14,Active
6882,3,2025-08-23,Active
36259,4,2025-10-23,Active
59637,5,2026-05-26,Active
19252,1,2026-01-03,Active
12875,2,2025-05-09,Active
20593,3,2024-06-28,Active
54120,4,2026-05-01,Complete
3668,5,2026-04-11,Active
48590,1,2026-06-02,Active
37953,2,2023-09-20,Active
8294,3,2024-06-06,Complete
58548,4,2026-06-04,Active
14166,5,2026-06-20,Active
49984,1,2024-10-03,Active
27022,2,2026-03-20,Complete
56832,3,2025-03-02,Lapsed
19568,4,2026-06-19,Lapsed
37116,5,2026-04-26,Active
1100,1,2026-06-20,Complete
38368,2,2026-06-18,Active
8541,3,2026-05-30,Lapsed
58223,4,2026-06-24,Active
10172,5,2026-06-15,Active
30388,1,2026-06-21,Active
49285,2,2024-03-16,Complete
39530,3,2026-05-12,Active
47661,4,2026-01-18,Complete
11945,5,2025-09-27,Active
17974,1,2024-11-06,Active
39715,2,2025-11-29,Active
8837,3,2026-04-25,Active
24590,4,2025-06-27,Active
18998,5,2026-04-22,Active
53190,1,2025-12-31,Active
21110,2,2025-10-01,Complete
21763,3,2024-11-14,Complete
10103,4,2026-04-14,Active
26851,5,2023-08-16,Active
51841,1,2024-01-26,Active
53523,2,2023-05-19,Complete
54381,3,2026-01-19,Active
37077,4,2024-05-17,Complete
8977,5,2026-06-25,Complete
57117,1,2025-03-16,Active
6149,2,2025-12-03,Active
35475,3,2026-06-22,Active
22846,4,2025-10-13,Complete
43228,5,2025-01-16,Complete
40151,1,2026-06-22,Active
5994,2,2024-04-20,Active
3251,3,2025-03-12,Active
21071,4,2025-03-25,Active
49921,5,2026-06-23,Active
59943,1,2026-02-28,Active
29885,2,2026-03-30,Active
11770,3,2026-02-14,Active
22752,4,2026-06-25,Complete
14096,5,2026-04-21,Active
59823,1,2025-11-09,Active
48535,2,2026-06-05,Complete
10868,3,2026-06-04,Active
17082,4,2026-01-20,Active
48390,5,2026-06-04,Active
33860,1,2026-02-11,Active
46879,2,2026-06-18,Lapsed
9953,3,2023-12-28,Active
2626,4,2025-03-25,Complete
29491,5,2022-03-02,Active
56919,1,2025-06-04,Complete
58659,2,2026-02-06,Active
51201,3,2025-04-28,Complete
20054,4,2024-10-17,Active
25188,5,2026-03-26,Complete
32281,1,2024-11-14,Active
46363,2,2026-06-29,Active
21854,3,2023-07-06,Complete
26566,4,2026-02-18,Lapsed
616,5,2026-03-03,Active
56311,1,2025-05-30,Complete
33031,2,2026-05-05,Active
46517,3,2025-09-04,Lapsed
34211,4,2026-06-28,Lapsed
35632,5,2026-03-24,Complete
20549,1,2026-04-07,Complete
28763,2,2026-01-14,Active
6516,3,2026-05-31,Active
12044,4,2025-08-29,Active
14028,5,2024-05-16,Active
46717,1,2025-05-25,Active
7552,2,2026-04-11,Lapsed
58942,3,2024-08-20,Lapsed
54175,4,2025-05-01,Active
4913,5,2026-05-09,Active
56119,1,2026-06-05,Active
58409,2,2026-05-02,Complete
51475,3,2024-05-26,Active
23242,4,2025-08-17,Lapsed
6903,5,2026-02-08,Complete
49067,1,2026-04-24,Active
20758,2,2024-06-24,Active
1219,3,2023-07-23,Active
48267,4,2025-11-15,Active
46495,5,2025-10-28,Active
35122,1,2026-04-20,Active
50565,2,2026-03-06,Complete
18191,3,2026-02-15,Active
58776,4,2025-06-29,Active
370,5,2026-02-10,Active
47811,1,2024-09-20,Active
32499,2,2025-09-17,Active
31660,3,2026-02-14,Complete
45775,4,2024-03-18,Active
9242,5,2025-01-04,Active
20447,1,2025-07-23,Active
3257,2,2026-06-08,Active
17968,3,2026-04-09,Active
59260,4,2026-06-30,Active
48125,5,2024-09-13,Active
51638,1,2025-12-17,Active
16205,2,2024-10-30,Complete
4161,3,2026-06-19,Active
26268,4,2025-09-06,Active
41208,5,2026-03-05,Complete
6800,1,2024-01-24,Active
26585,2,2025-04-10,Active
1682,3,2022-12-21,Active
38976,4,2023-08-05,Active
26410,5,2026-06-25,Active
58590,1,2026-05-25,Active
7219,2,2025-11-12,Active
13572,3,2025-02-15,Complete
20156,4,2023-06-17,Complete
6175,5,2026-04-08,Active
9648,1,2022-07-26,Active
42894,2,2025-09-15,Active
42577,3,2025-09-11,Active
1830,4,2026-06-29,Active
2032,5,2025-12-31,Active
29289,1,2026-06-23,Complete
17868,2,2024-11-20,Complete
25937,3,2026-04-25,Active
16407,4,2026-02-03,Complete
24446,5,2025-07-12,Active
4966,1,2024-11-10,Complete
38395,2,2024-09-06,Lapsed
27635,3,2026-04-06,Lapsed
19164,4,2026-04-16,Active
35029,5,2025-05-19,Active
49933,1,2025-11-20,Active
1318,2,2026-02-27,Active
944,3,2024-03-08,Active
11134,4,2025-10-04,Active
4488,5,2025-12-15,Active
2998,1,2026-01-20,Complete
23029,2,2026-05-16,Active
49623,3,2022-06-16,Active
11692,4,2025-01-21,Active
58846,5,2026-05-12,Active
38274,1,2026-06-30,Active
11959,2,2026-06-26,Lapsed
54944,3,2025-03-10,Active
46258,4,2025-11-03,Active
48660,5,2026-02-04,Active
24976,1,2024-09-07,Active
23986,2,2026-06-16,Active
59682,3,2025-09-11,Active
59308,4,2025-10-10,Active
27770,5,2026-02-13,Lapsed
10601,1,2026-03-14,Active
23902,2,2026-06-15,Active
58406,3,2026-06-14,Active
34730,4,2025-10-25,Active
41268,5,2026-01-28,Complete
643,1,2026-05-11,Active
41339,2,2024-09-05,Active
5937,3,2026-04-16,Complete
1402,4,2023-08-21,Active
29656,5,2025-04-18,Active
30939,1,2026-06-29,Active
31132,2,2026-06-06,Active
15173,3,2026-05-11,Complete
25868,4,2026-06-05,Active
2956,5,2023-09-20,Active
53620,1,2026-01-26,Active
33559,2,2026-05-20,Active
49743,3,2022-02-26,Active
4886,4,2026-06-30,Active
14902,5,2026-06-26,Active
26088,1,2025-03-29,Active
46083,2,2026-02-19,Active
40233,3,2026-05-21,Active
43042,4,2025-12-11,Active
44770,5,2026-04-13,Active
5644,1,2024-03-16,Active
45554,2,2025-08-09,Active
1508,3,2026-06-11,Active
24756,4,2026-03-27,Active
28587,5,2026-04-01,Active
12278,1,2026-05-26,Active
50239,2,2024-08-15,Active
23808,3,2026-06-23,Lapsed
56844,4,2026-04-11,Active
26916,5,2026-06-16,Active
46475,1,2026-05-31,Complete
29470,2,2026-06-19,Active
12086,3,2025-02-28,Complete
50418,4,2026-04-26,Active
36156,5,2026-06-18,Active
49540,1,2026-04-16,Complete
36500,2,2026-06-12,Complete
34656,3,2025-09-22,Complete
2028,4,2025-10-05,Active
3262,5,2025-12-09,Active
4125,1,2025-05-29,Active
15818,2,2025-08-18,Complete
32017,3,2025-12-27,Complete
13466,4,2024-03-13,Active
5718,5,2025-12-28,Lapsed
26922,1,2026-06-14,Complete
31975,2,2026-03-21,Active
7080,3,2026-05-19,Active
6056,4,2024-11-07,Active
2975,5,2024-07-31,Active
19030,1,2024-01-01,Active
47420,2,2026-05-04,Complete
45201,3,2025-06-15,Active
56976,4,2026-06-01,Complete
52345,5,2026-05-22,Active
17303,1,2025-06-11,Lapsed
17978,2,2024-02-06,Active
26238,3,2024-05-11,Active
39210,4,2024-02-03,Active
38453,5,2026-06-25,Active
20816,1,2025-09-26,Active
3788,2,2024-06-22,Active
55423,3,2026-04-05,Active
10146,4,2026-04-27,Active
13028,5,2026-05-27,Complete
37279,1,2025-02-20,Active
15051,2,2026-03-03,Active
25227,3,2026-05-14,Active
55579,4,2026-05-05,Active
7140,5,2024-06-25,Active
14332,1,2026-04-23,Active
14672,2,2026-06-21,Active
17925,3,2026-05-18,Complete
45946,4,2026-04-03,Complete
23251,5,2025-12-08,Active
29479,1,2024-03-12,Complete
23815,2,2026-06-27,Active
17492,3,2025-01-29,Active
28965,4,2026-01-16,Active
33373,5,2026-03-15,Active
5045,1,2026-03-12,Complete
3614,2,2024-09-07,Active
44703,3,2026-04-01,Active
6584,4,2025-07-15,Active
57150,5,2025-02-19,Active
7578,1,2025-06-22,Complete
14361,2,2025-10-02,Active
5381,3,2026-02-23,Active
56755,4,2025-12-30,Complete
44365,5,2026-06-20,Active
20314,1,2026-06-04,Complete
29529,2,2024-06-12,Lapsed
18154,3,2025-05-21,Active
47483,4,2025-08-05,Active
38682,5,2025-07-15,Active
31476,1,2025-09-14,Active
44325,2,2026-06-09,Active
12912,3,2025-04-22,Active
42305,4,2026-03-25,Active
49158,5,2024-06-01,Active
35719,1,2026-05-29,Active
32329,2,2023-04-21,Active
45238,3,2025-09-05,Complete
43377,4,2025-10-18,Active
48802,5,2025-09-30,Active
47370,1,2026-06-27,Active
10001,2,2026-04-15,Active
922,3,2024-05-14,Lapsed
23784,4,2026-06-28,Active
47347,5,2026-06-08,Active
8827,1,2026-02-13,Complete
1731,2,2026-03-02,Lapsed
27565,3,2025-08-11,Complete
12047,4,2025-04-11,Active
14277,5,2026-02-20,Active
9220,1,2026-06-30,Complete
18272,2,2026-06-23,Active
28335,3,2025-01-11,Active
13043,4,2024-05-13,Active
32151,5,2026-05-20,Active
7060,1,2023-12-21,Active
6052,2,2026-03-11,Active
49216,3,2026-06-10,Active
44593,4,2026-06-04,Active
58970,5,2026-03-12,Active
33271,1,2026-04-06,Active
51396,2,2026-06-26,Active
673,3,2025-04-04,Active
24696,4,2022-06-06,Active
54980,5,2025-03-23,Active
46653,1,2025-03-13,Active
31284,2,2025-09-27,Complete
20206,3,2026-03-24,Lapsed
29609,4,2025-09-17,Active
37220,5,2026-06-26,Active
47575,1,2026-02-21,Active
29995,2,2026-03-07,Active
37751,3,2025-03-26,Active
5628,4,2026-03-25,Active
16250,5,2026-06-20,Complete
55268,1,2026-06-28,Active
59013,2,2026-06-17,Complete
45271,3,2026-06-20,Complete
9371,4,2026-06-24,Complete
14738,5,2025-12-09,Complete
49526,1,2026-06-22,Lapsed
59561,2,2025-10-29,Complete
9872,3,2026-05-17,Active
44298,4,2026-05-14,Complete
50921,5,2024-08-17,Lapsed
20426,1,2025-04-20,Active
31773,2,2024-12-25,Active
18792,3,2025-12-28,Active
30728,4,2023-12-20,Active
7452,5,2026-05-11,Active
18067,1,2024-07-31,Active
6542,2,2024-10-05,Complete
13276,3,2026-03-02,Active
9514,4,2025-07-05,Active
26173,5,2024-02-16,Active
59503,1,2025-07-31,Active
22644,2,2024-10-19,Active
27346,3,2024-12-24,Complete
45729,4,2026-06-23,Active
52604,5,2026-06-25,Complete
34685,1,2026-03-26,Active
17401,2,2026-05-15,Active
27883,3,2025-04-21,Active
5571,4,2026-06-29,Active
38185,5,2023-04-21,Active
7644,1,2026-05-04,Active
26718,2,2025-06-19,Active
23990,3,2025-10-13,Active
51176,4,2023-06-28,Active
888,5,2026-04-03,Active
38159,1,2025-05-08,Complete
49173,2,2024-11-05,Lapsed
13408,3,2026-06-12,Active
51336,4,2026-04-16,Active
48028,5,2024-02-03,Active
31830,1,2025-11-12,Active
59820,2,2026-05-31,Active
12668,3,2026-04-10,Active
51815,4,2024-03-17,Active
25644,5,2025-03-09,Complete
41763,1,2026-05-29,Active
24230,2,2024-12-26,Active
20770,3,2026-06-16,Active
12123,4,2026-06-09,Complete
14108,5,2026-06-29,Active
21104,1,2026-04-25,Active
17618,2,2024-05-18,Complete
46526,3,2025-07-07,Active
57220,4,2024-08-11,Complete
7757,5,2026-06-19,Active
38251,1,2026-04-13,Lapsed
154,2,2025-09-27,Active
43224,3,2026-05-22,Complete
33238,4,2026-06-21,Active
42397,5,2026-06-23,Active
42647,1,2026-05-28,Active
49024,2,2026-02-24,Active
51953,3,2026-05-14,Active
3409,4,2024-11-28,Active
56774,5,2026-02-27,Complete
51495,1,2026-05-15,Active
49164,2,2025-02-16,Complete
34688,3,2026-06-20,Active
29010,4,2026-05-15,Active
22829,5,2026-06-27,Complete
39304,1,2026-06-23,Complete
9098,2,2026-03-15,Active
36189,3,2026-04-05,Active
14543,4,2026-06-16,Lapsed
31822,5,2021-07-16,Active
48647,1,2024-11-23,Active
42984,2,2026-06-10,Complete
59135,3,2026-06-17,Active
57671,4,2026-06-25,Active
18296,5,2025-10-14,Active
29310,1,2026-04-04,Active
23355,2,2023-03-24,Lapsed
44937,3,2025-12-04,Active
24534,4,2026-02-14,Lapsed
17164,5,2026-01-15,Active
58523,1,2024-11-24,Active
29697,2,2026-04-14,Active
16276,3,2026-06-18,Active
28735,4,2026-05-25,Complete
50642,5,2023-06-30,Active
19220,1,2025-11-07,Active
35726,2,2026-06-24,Lapsed
23312,3,2023-10-30,Active
29263,4,2026-04-20,Active
51385,5,2022-10-17,Lapsed
26194,1,2025-06-23,Lapsed
4352,2,2025-08-23,Lapsed
18529,3,2026-02-12,Active
39312,4,2026-05-31,Active
1555,5,2025-09-02,Active
6496,1,2026-06-09,Active
54446,2,2024-09-18,Active
28899,3,2026-03-16,Lapsed
27639,4,2026-06-25,Active
7146,5,2025-09-27,Active
23109,1,2025-12-18,Lapsed
48829,2,2026-05-16,Complete
894,3,2026-04-30,Active
8578,4,2025-04-14,Active
46054,5,2026-06-27,Active
5270,1,2022-07-03,Active
47709,2,2025-11-16,Active
34484,3,2026-05-12,Active
51200,4,2025-11-20,Active
33433,5,2026-05-13,Complete
7982,1,2026-03-24,Active
35522,2,2026-02-19,Active
59008,3,2026-01-09,Complete
41673,4,2026-06-13,Lapsed
16465,5,2025-11-25,Active
34004,1,2026-06-13,Complete
40709,2,2024-10-21,Active
23844,3,2025-04-29,Lapsed
24819,4,2026-06-10,Active
57677,5,2025-12-11,Active
49257,1,2025-10-04,Active
19747,2,2026-06-23,Complete
20525,3,2026-05-19,Lapsed
2487,4,2026-05-20,Complete
29103,5,2025-12-20,Active
7390,1,2025-09-29,Active
25221,2,2025-07-04,Active
19056,3,2026-02-27,Active
21672,4,2024-10-07,Lapsed
21352,5,2026-03-21,Lapsed
20702,1,2025-11-23,Active
5866,2,2023-12-21,Active
54113,3,2026-02-24,Active
58924,4,2026-06-06,Active
8255,5,2025-12-18,Active
11210,1,2025-09-16,Active
17004,2,2026-02-14,Active
20259,3,2026-06-27,Active
46193,4,2025-12-05,Active
57294,5,2026-06-03,Active
56153,1,2025-06-22,Complete
45321,2,2026-02-21,Complete
40818,3,2026-05-31,Active
57419,4,2025-09-12,Lapsed
52144,5,2026-06-25,Active
27723,1,2023-08-29,Active
33423,2,2025-09-10,Active
490,3,2026-06-28,Complete
2483,4,2025-08-03,Active
34433,5,2024-11-22,Active
13760,1,2026-02-10,Active
27228,2,2025-05-11,Active
13327,3,2026-06-02,Complete
56168,4,2026-02-25,Active
18640,5,2026-06-03,Active
57057,1,2024-12-12,Active
33318,2,2026-03-20,Active
42781,3,2025-05-05,Lapsed
15032,4,2025-09-01,Complete
11171,5,2026-02-26,Active
8482,1,2025-12-04,Complete
45145,2,2024-10-19,Active
30584,3,2025-08-30,Lapsed
37249,4,2026-04-28,Lapsed
59538,5,2026-06-15,Active
31239,1,2025-02-14,Active
32515,2,2026-05-31,Active
17819,3,2026-02-15,Complete
30022,4,2026-05-05,Active
7155,5,2026-05-14,Active
1442,1,2025-08-17,Active
25663,2,2026-04-24,Active
10862,3,2022-12-08,Active
24906,4,2026-04-14,Active
5319,5,2026-06-07,Active
10900,1,2026-03-01,Complete
2896,2,2026-05-01,Active
39139,3,2022-04-22,Active
25226,4,2026-05-21,Active
38337,5,2025-04-03,Active
42733,1,2026-06-21,Active
27969,2,2022-11-17,Active
51731,3,2026-04-22,Active
54524,4,2026-04-13,Active
53547,5,2026-01-12,Active
56885,1,2024-05-24,Complete
46268,2,2026-05-29,Active
6430,3,2024-07-16,Complete
16357,4,2026-06-19,Complete
32012,5,2021-08-29,Active
35113,1,2026-05-12,Active
23615,2,2026-04-25,Complete
37135,3,2026-01-14,Complete
29184,4,2025-06-28,Active
58964,5,2026-05-28,Active
491,1,2026-04-10,Active
15907,2,2024-11-03,Lapsed
50152,3,2024-11-23,Active
31510,4,2025-06-07,Active
45816,5,2024-12-06,Complete
10964,1,2026-01-02,Active
58106,2,2026-06-30,Complete
41224,3,2025-01-25,Active
20133,4,2024-09-18,Active
2645,5,2026-06-24,Active
45114,1,2025-12-27,Active
42101,2,2026-06-30,Active
43854,3,2025-08-09,Active
40687,4,2026-06-30,Complete
19299,5,2024-03-18,Active
32412,1,2026-06-29,Active
35901,2,2025-11-19,Active
57986,3,2026-05-16,Lapsed
32142,4,2026-04-20,Active
54929,5,2026-06-21,Active
41148,1,2024-12-31,Active
38650,2,2026-05-01,Lapsed
42415,3,2023-05-21,Active
20659,4,2026-04-17,Active
5182,5,2025-12-25,Active
54209,1,2026-04-23,Active
30540,2,2024-11-18,Active
56915,3,2026-05-23,Complete
23454,4,2024-01-05,Active
33523,5,2025-12-02,Active
53595,1,2025-11-15,Complete
51417,2,2025-07-28,Active
1782,3,2026-03-06,Active
35908,4,2026-04-26,Active
27378,5,2026-05-22,Complete
1458,1,2026-06-14,Lapsed
49153,2,2024-08-04,Active
19855,3,2026-06-28,Active
12632,4,2026-06-07,Active
2926,5,2026-02-11,Active
41948,1,2026-06-04,Active
38398,2,2022-12-08,Lapsed
9294,3,2024-08-12,Active
5595,4,2025-09-15,Active
201,5,2024-09-14,Active
24209,1,2026-03-05,Active
16361,2,2026-05-07,Lapsed
23976,3,2024-06-11,Active
46548,4,2023-06-14,Active
44339,5,2026-01-13,Active
2076,1,2025-08-02,Active
58179,2,2026-05-03,Active
30419,3,2025-12-31,Active
3977,4,2026-01-27,Active
38333,5,2025-10-09,Active
39948,1,2026-02-08,Active
16432,2,2023-11-03,Complete
5014,3,2026-06-30,Active
28813,4,2026-02-13,Active
43981,5,2026-06-28,Complete
57454,1,2026-06-23,Lapsed
17169,2,2026-06-28,Active
47720,3,2026-05-11,Active
24185,4,2025-04-08,Active
16201,5,2024-11-30,Active
27460,1,2024-08-01,Lapsed
50241,2,2026-04-29,Active
1654,3,2025-04-02,Active
35513,4,2026-04-21,Active
43083,5,2026-04-13,Complete
28506,1,2024-07-12,Active
22425,2,2025-01-20,Complete
13600,3,2026-04-01,Complete
17976,4,2024-10-25,Lapsed
42321,5,2026-05-30,Active
7904,1,2026-02-19,Lapsed
24725,2,2026-05-17,Lapsed
17331,3,2024-06-29,Lapsed
54006,4,2025-09-22,Active
15772,5,2025-08-22,Complete
7991,1,2026-04-11,Active
7000,2,2025-02-01,Active
16907,3,2026-06-08,Active
9888,4,2025-12-08,Active
22809,5,2026-06-16,Active
26267,1,2026-06-15,Lapsed
39502,2,2023-10-02,Active
19927,3,2026-04-19,Active
23709,4,2025-07-12,Complete
18376,5,2025-10-31,Active
6787,1,2026-05-16,Active
32052,2,2026-04-28,Complete
13039,3,2024-05-03,Complete
39183,4,2026-06-04,Lapsed
50438,5,2026-05-03,Active
33463,1,2026-06-02,Active
46017,2,2025-10-26,Complete
41614,3,2026-02-17,Complete
40647,4,2023-10-06,Active
40527,5,2024-08-01,Active
9260,1,2026-03-26,Lapsed
35453,2,2026-02-18,Active
36392,3,2026-06-29,Complete
9749,4,2025-09-18,Active
32728,5,2025-11-26,Active
42096,1,2026-05-10,Active
54939,2,2023-12-14,Active
57270,3,2025-12-13,Lapsed
56664,4,2026-05-09,Active
32100,5,2025-08-03,Active
12737,1,2026-05-28,Active
34945,2,2026-02-17,Active
8,3,2023-09-05,Active
57545,4,2026-03-20,Lapsed
21056,5,2026-05-04,Active
23755,1,2026-01-26,Complete
35555,2,2024-08-19,Active
22197,3,2026-02-09,Lapsed
23607,4,2026-01-28,Active
34178,5,2026-05-23,Active
13687,1,2026-04-24,Complete
42236,2,2026-04-26,Active
28070,3,2026-04-15,Active
32317,4,2025-11-27,Lapsed
51554,5,2025-06-18,Complete
15300,1,2021-12-19,Active
23005,2,2025-12-28,Active
29861,3,2025-12-17,Lapsed
38684,4,2025-04-20,Active
15867,5,2026-04-18,Active
38521,1,2026-02-17,Lapsed
36597,2,2026-05-14,Active
4203,3,2026-05-22,Complete
45137,4,2026-02-01,Active
39937,5,2024-11-04,Active
47091,1,2026-04-25,Lapsed
53840,2,2025-09-18,Complete
7113,3,2026-01-10,Active
29989,4,2026-02-19,Active
31452,5,2026-01-30,Active
17495,1,2025-01-23,Lapsed
23788,2,2026-06-24,Active
57179,3,2026-07-01,Active
40168,4,2024-05-16,Active
15972,5,2026-04-13,Active
35642,1,2025-03-04,Lapsed
29880,2,2026-04-06,Active
9283,3,2026-03-17,Active
4537,4,2024-03-18,Active
50048,5,2025-07-02,Active
49997,1,2024-12-04,Complete
52088,2,2023-07-23,Active
6003,3,2024-05-29,Active
24052,4,2024-05-21,Active
28693,5,2025-09-07,Active
56028,1,2024-11-15,Active
13816,2,2024-10-21,Active
59936,3,2025-04-12,Lapsed
13886,4,2026-06-24,Lapsed
10162,5,2023-01-25,Complete
56481,1,2025-10-08,Active
31909,2,2026-01-26,Active
4675,3,2025-02-02,Active
46620,4,2026-04-11,Active
20168,5,2024-05-15,Complete
53986,1,2024-01-28,Complete
3868,2,2026-06-07,Active
37577,3,2026-03-10,Complete
18806,4,2025-03-27,Complete
21252,5,2026-02-07,Active
22730,1,2025-03-21,Complete
58562,2,2026-01-19,Active
56714,3,2025-04-30,Active
47382,4,2026-05-30,Active
37453,5,2026-03-09,Active
21422,1,2026-05-01,Active
57486,2,2025-12-13,Active
13894,3,2026-03-01,Active
12455,4,2023-06-24,Active
46557,5,2026-01-26,Active
4175,1,2026-04-30,Active
49085,2,2025-10-10,Complete
1120,3,2022-10-27,Active
52954,4,2025-04-08,Active
44540,5,2023-08-21,Active
3270,1,2026-05-24,Active
5229,2,2025-07-10,Active
44228,3,2026-01-29,Active
55491,4,2023-10-22,Complete
30535,5,2025-08-06,Active
52767,1,2026-06-27,Active
1288,2,2026-06-18,Lapsed
40693,3,2026-06-25,Lapsed
53273,4,2026-02-22,Active
31752,5,2024-07-25,Active
48184,1,2024-09-06,Active
38343,2,2026-06-18,Active
21182,3,2024-07-23,Active
55262,4,2026-04-24,Active
15561,5,2025-06-21,Active
22817,1,2026-02-08,Active
55345,2,2025-12-08,Active
51363,3,2023-09-23,Active
47257,4,2026-06-29,Active
5638,5,2026-03-06,Active
23511,1,2026-05-06,Active
36889,2,2026-03-21,Complete
55648,3,2025-06-08,Lapsed
27098,4,2026-05-13,Lapsed
27891,5,2026-01-10,Complete
13502,1,2026-05-18,Active
5929,2,2024-09-06,Active
31108,3,2026-04-17,Active
58556,4,2026-06-04,Active
11083,5,2026-03-31,Active
34403,1,2023-04-26,Lapsed
52518,2,2025-03-08,Lapsed
19736,3,2026-04-06,Active
27457,4,2026-03-07,Active
36085,5,2026-04-28,Lapsed
1535,1,2025-02-23,Active
59466,2,2026-03-19,Active
25647,3,2026-06-23,Active
44730,4,2025-04-29,Lapsed
44953,5,2025-05-09,Complete
3658,1,2025-07-11,Active
33709,2,2025-08-22,Active
30082,3,2025-12-02,Active
55194,4,2026-03-10,Active
38295,5,2025-01-19,Active
35844,1,2026-02-20,Active
54388,2,2026-05-07,Active
27638,3,2026-06-26,Active
29199,4,2025-09-11,Lapsed
25338,5,2026-03-10,Active
39305,1,2026-04-12,Active
5050,2,2026-01-02,Active
24322,3,2026-06-07,Active
5697,4,2025-12-24,Complete
21541,5,2023-06-20,Complete
22386,1,2026-01-14,Active
40787,2,2025-10-04,Lapsed
14735,3,2026-06-22,Complete
45565,4,2026-04-02,Active
23407,5,2025-02-08,Active
43800,1,2023-11-05,Complete
48232,2,2024-11-21,Active
15122,3,2026-05-11,Active
33589,4,2026-06-30,Active
12106,5,2025-04-21,Active
25332,1,2026-05-02,Complete
5609,2,2026-05-24,Lapsed
255,3,2026-06-17,Active
47556,4,2026-06-17,Active
22011,5,2025-12-11,Active
28361,1,2026-04-21,Active
39941,2,2026-05-03,Complete
14561,3,2026-06-11,Active
19083,4,2026-06-12,Complete
53893,5,2025-12-10,Active
44498,1,2025-11-26,Active
30548,2,2026-05-03,Active
14080,3,2025-05-01,Active
47622,4,2026-06-06,Active
45895,5,2024-09-16,Active
11097,1,2024-10-28,Active
45462,2,2026-04-03,Active
58331,3,2026-04-15,Active
51834,4,2026-03-16,Active
48825,5,2025-09-11,Active
22858,1,2026-06-20,Active
51574,2,2026-06-24,Active
613,3,2025-08-18,Active
59265,4,2024-08-15,Active
8138,5,2024-04-11,Active
24130,1,2026-05-17,Active
48989,2,2025-09-10,Complete
34710,3,2025-09-02,Active
13257,4,2024-07-13,Active
32938,5,2026-06-27,Active
11805,1,2025-11-10,Active
42493,2,2025-06-01,Active
21514,3,2026-06-08,Active
4760,4,2023-12-28,Lapsed
41061,5,2026-01-03,Active
52084,1,2025-08-30,Lapsed
6533,2,2025-12-04,Complete
29585,3,2025-09-19,Lapsed
9913,4,2026-03-18,Active
30423,5,2025-04-14,Active
47063,1,2026-05-05,Active
30408,2,2025-11-30,Active
9157,3,2025-10-19,Active
2127,4,2026-02-28,Complete
56226,5,2026-06-11,Active
34918,1,2024-10-31,Active
35663,2,2026-06-30,Active
36111,3,2026-01-15,Complete
47183,4,2026-04-22,Active
58554,5,2026-01-31,Active
48271,1,2026-04-23,Active
25329,2,2026-04-10,Active
37608,3,2023-11-03,Active
24978,4,2025-10-07,Active
39521,5,2026-03-24,Active
43459,1,2024-10-11,Active
28492,2,2026-05-21,Active
44602,3,2026-04-01,Active
10066,4,2026-06-12,Active
37407,5,2026-05-12,Complete
22891,1,2025-12-31,Active
12049,2,2025-05-13,Active
11908,3,2024-12-17,Active
51838,4,2025-10-24,Active
50792,5,2026-06-10,Active
37223,1,2025-05-03,Lapsed
25911,2,2023-12-12,Active
34182,3,2023-06-18,Complete
6755,4,2026-03-10,Active
3347,5,2023-11-19,Active
3744,1,2026-06-26,Active
33323,2,2025-11-10,Active
48838,3,2024-07-25,Complete
1059,4,2026-06-19,Active
608,5,2021-11-19,Active
46815,1,2026-06-30,Lapsed
2996,2,2024-09-02,Active
23400,3,2025-07-25,Active
14225,4,2024-03-25,Active
14960,5,2026-06-03,Active
56984,1,2024-11-06,Complete
59363,2,2026-01-27,Lapsed
35462,3,2025-11-18,Active
4908,4,2025-03-28,Active
42824,5,2025-12-08,Active
42093,1,2026-02-16,Active
50327,2,2026-06-02,Active
26782,3,2024-06-14,Active
14656,4,2026-03-30,Active
22414,5,2026-01-16,Active
15162,1,2026-06-06,Active
35958,2,2026-06-18,Complete
12492,3,2025-12-17,Lapsed
50891,4,2026-03-08,Lapsed
46921,5,2026-06-13,Active
48147,1,2025-08-23,Active
2055,2,2026-03-23,Active
49689,3,2025-12-31,Complete
29049,4,2026-06-27,Active
41068,5,2024-09-10,Active
55934,1,2026-04-25,Active
48465,2,2025-09-28,Complete
43442,3,2025-12-05,Active
5316,4,2025-01-02,Active
11234,5,2026-03-20,Active
55857,1,2022-10-14,Active
13484,2,2026-05-16,Active
2872,3,2026-06-30,Complete
30256,4,2025-02-13,Active
57339,5,2025-07-14,Lapsed
1050,1,2026-01-28,Complete
15520,2,2025-05-21,Active
30079,3,2026-06-12,Complete
10045,4,2026-06-17,Active
25768,5,2025-06-08,Active
13660,1,2026-06-26,Active
25683,2,2025-07-18,Active
29290,3,2026-04-08,Active
36482,4,2025-07-20,Active
53885,5,2026-04-14,Lapsed
38218,1,2023-09-20,Active
53397,2,2024-09-11,Active
40445,3,2026-04-04,Active
53043,4,2026-01-17,Active
58730,5,2025-12-30,Active
58367,1,2024-08-18,Active
27703,2,2022-06-11,Active
11152,3,2025-12-01,Complete
8475,4,2026-03-19,Active
22113,5,2025-11-23,Complete
45103,1,2026-04-04,Active
39886,2,2025-07-07,Active
25323,3,2026-05-25,Active
44030,4,2026-05-04,Active
6287,5,2026-04-30,Active
45642,1,2026-03-31,Active
7537,2,2025-07-19,Active
4721,3,2025-12-03,Complete
54827,4,2026-02-01,Active
41709,5,2025-11-27,Active
36179,1,2026-06-28,Lapsed
54231,2,2026-04-03,Active
32221,3,2024-07-15,Active
20706,4,2024-11-16,Active
22336,5,2026-05-10,Active
6760,1,2025-10-04,Active
15597,2,2025-08-10,Active
56318,3,2025-11-09,Active
17730,4,2025-07-19,Active
41322,5,2024-08-01,Active
56591,1,2026-03-20,Active
57543,2,2026-06-11,Lapsed
10402,3,2024-12-05,Active
54188,4,2026-05-18,Active
14727,5,2026-06-28,Complete
21401,1,2023-07-02,Complete
8613,2,2023-12-06,Active
10083,3,2025-05-13,Complete
40160,4,2025-01-20,Active
36633,5,2026-04-21,Active
14248,1,2026-06-08,Active
6551,2,2025-10-27,Active
225,3,2025-12-08,Active
30732,4,2023-07-06,Active
37366,5,2026-06-23,Active
28874,1,2022-11-15,Active
34738,2,2026-05-15,Active
15642,3,2025-06-27,Complete
45958,4,2025-02-12,Active
3258,5,2026-04-21,Complete
52626,1,2024-11-07,Active
16794,2,2026-04-30,Complete
47326,3,2025-02-05,Active
50917,4,2025-07-19,Active
40310,5,2026-06-12,Lapsed
15715,1,2025-12-29,Active
13717,2,2026-05-14,Active
19302,3,2026-05-23,Complete
43212,4,2026-04-03,Complete
4557,5,2026-06-16,Active
41097,1,2024-03-31,Active
4693,2,2026-06-26,Active
32522,3,2025-10-26,Active
29727,4,2026-05-18,Active
54147,5,2026-06-25,Active
38866,1,2026-03-19,Active
3949,2,2026-04-21,Active
15962,3,2026-05-29,Active
54671,4,2024-09-21,Active
13342,5,2026-04-04,Lapsed
9117,1,2026-06-01,Active
4253,2,2026-02-11,Active
18866,3,2026-01-28,Active
16008,4,2025-12-22,Active
18368,5,2026-06-14,Complete
59701,1,2026-01-28,Active
3983,2,2025-08-11,Active
31511,3,2025-08-17,Active
8803,4,2025-12-13,Active
56278,5,2026-06-23,Complete
23240,1,2026-05-02,Active
20848,2,2025-08-18,Active
46918,3,2026-01-28,Lapsed
26926,4,2026-03-30,Lapsed
49763,5,2026-06-09,Active
18372,1,2025-01-23,Lapsed
36720,2,2023-12-06,Active
42421,3,2025-08-11,Active
57382,4,2026-02-08,Active
33540,5,2025-09-25,Active
51694,1,2025-02-23,Active
47632,2,2025-02-09,Active
50858,3,2025-09-12,Lapsed
56790,4,2026-04-29,Active
2816,5,2026-04-26,Complete
58281,1,2026-06-28,Active
2057,2,2026-06-06,Active
18107,3,2025-11-18,Complete
22313,4,2025-07-02,Active
55185,5,2026-05-09,Active
58814,1,2026-01-21,Active
51459,2,2023-10-15,Lapsed
48366,3,2026-06-10,Complete
54784,4,2026-03-16,Active
26287,5,2024-03-21,Active
42624,1,2025-11-08,Active
57442,2,2024-04-20,Active
15212,3,2025-11-15,Complete
35629,4,2025-09-25,Active
4512,5,2026-03-12,Active
38321,1,2025-12-14,Active
25744,2,2025-08-16,Active
44288,3,2026-03-23,Active
57094,4,2026-02-28,Complete
33697,5,2025-04-09,Complete
18364,1,2026-06-09,Active
30435,2,2023-11-07,Active
59527,3,2026-06-08,Active
31129,4,2024-08-17,Active
13496,5,2026-06-16,Active
36387,1,2025-06-10,Active
37635,2,2026-04-08,Active
33001,3,2026-04-08,Complete
1900,4,2025-07-06,Active
19024,5,2026-05-04,Active
2713,1,2022-11-28,Lapsed
33296,2,2025-04-09,Active
37997,3,2025-12-24,Active
48388,4,2026-06-25,Complete
54077,5,2026-06-12,Active
49084,1,2025-10-03,Active
2295,2,2023-12-12,Active
24782,3,2025-11-14,Active
16147,4,2025-04-23,Complete
6550,5,2026-06-27,Complete
54661,1,2025-07-12,Complete
21025,2,2026-05-19,Active
13212,3,2026-06-10,Active
49481,4,2025-04-10,Active
33811,5,2025-06-29,Lapsed
52679,1,2026-03-21,Active
54372,2,2026-04-05,Lapsed
22719,3,2025-09-27,Active
32391,4,2026-06-14,Complete
57330,5,2025-06-15,Active
30556,1,2026-06-23,Active
54176,2,2026-05-23,Active
4375,3,2026-03-09,Active
42553,4,2025-08-19,Complete
4006,5,2026-04-12,Active
45563,1,2024-05-25,Lapsed
37740,2,2026-04-13,Active
42590,3,2025-11-14,Active
25404,4,2024-10-08,Active
37436,5,2026-05-01,Active
34443,1,2025-01-04,Active
54302,2,2023-01-28,Active
4569,3,2025-03-31,Active
32372,4,2026-05-30,Lapsed
35620,5,2026-06-30,Active
46213,1,2025-12-31,Complete
21093,2,2025-12-14,Active
30632,3,2025-06-25,Active
51958,4,2024-01-12,Lapsed
2128,5,2026-03-13,Active
10599,1,2023-12-18,Active
4939,2,2026-06-06,Active
17080,3,2022-01-08,Active
57186,4,2025-08-07,Active
42429,5,2026-06-22,Active
30527,1,2026-05-15,Active
18091,2,2023-03-22,Active
48705,3,2025-12-17,Active
6123,4,2025-11-21,Active
3726,5,2023-03-08,Active
45443,1,2025-12-04,Active
52977,2,2026-02-23,Lapsed
16174,3,2026-05-28,Active
35465,4,2026-06-24,Complete
22801,5,2025-02-21,Active
16960,1,2024-07-09,Active
53774,2,2026-02-18,Lapsed
16813,3,2024-10-07,Complete
57143,4,2025-09-05,Active
15716,5,2025-11-29,Active
17071,1,2026-04-08,Active
4571,2,2026-06-10,Active
23995,3,2024-10-13,Active
32359,4,2026-05-13,Active
5149,5,2026-03-01,Complete
1490,1,2023-02-01,Active
4246,2,2026-04-09,Active
8899,3,2025-12-25,Complete
49664,4,2022-12-10,Lapsed
8437,5,2026-02-06,Active
58525,1,2026-05-04,Lapsed
52379,2,2025-10-22,Active
51717,3,2026-06-15,Active
855,4,2026-06-20,Active
50810,5,2026-04-19,Active
8628,1,2025-09-28,Active
4033,2,2026-05-20,Active
1620,3,2024-07-03,Active
22419,4,2025-08-29,Complete
35534,5,2026-05-15,Active
4479,1,2026-05-24,Active
9465,2,2026-01-21,Active
37542,3,2026-05-28,Lapsed
15901,4,2025-02-03,Complete
35762,5,2026-02-18,Active
29428,1,2026-04-05,Active
20330,2,2026-03-21,Active
31954,3,2025-01-13,Active
7627,4,2024-12-09,Active
49596,5,2024-05-25,Lapsed
57955,1,2026-04-06,Complete
52480,2,2025-05-13,Active
37245,3,2025-10-03,Active
29983,4,2026-02-14,Active
13033,5,2026-01-04,Active
2218,1,2026-05-03,Active
18748,2,2025-12-19,Active
37160,3,2024-03-07,Complete
54710,4,2026-02-07,Complete
59896,5,2026-03-21,Active
40850,1,2026-05-14,Active
24883,2,2024-10-16,Active
13045,3,2024-11-14,Active
10545,4,2026-06-29,Lapsed
4279,5,2026-05-23,Active
495,1,2025-12-14,Active
9973,2,2025-12-25,Active
53145,3,2024-03-24,Active
15354,4,2026-06-27,Active
26919,5,2026-05-31,Active
26861,1,2026-06-07,Active
4085,2,2025-12-19,Active
20182,3,2025-08-09,Active
41075,4,2025-11-24,Complete
40741,5,2024-12-16,Active
21509,1,2022-05-23,Complete
31383,2,2026-01-14,Active
44546,3,2025-10-08,Active
27186,4,2026-03-23,Active
3010,5,2026-05-24,Lapsed
35098,1,2026-04-22,Active
17711,2,2024-11-16,Active
18868,3,2023-02-08,Active
44920,4,2026-06-12,Active
25000,5,2025-12-05,Active
11757,1,2026-02-28,Active
25623,2,2025-09-18,Active
5344,3,2026-05-11,Active
46774,4,2026-03-16,Active
16587,5,2026-06-28,Active
25766,1,2026-04-09,Complete
59364,2,2026-03-16,Complete
19614,3,2026-04-04,Active
17007,4,2026-05-06,Complete
44342,5,2026-06-13,Active
17558,1,2026-06-20,Active
22339,2,2024-11-20,Active
30384,3,2026-01-01,Complete
31015,4,2026-04-06,Complete
24601,5,2026-01-03,Complete
49120,1,2026-06-30,Active
36510,2,2026-06-11,Active
8951,3,2026-04-10,Active
4067,4,2023-11-25,Active
23041,5,2026-03-12,Lapsed
13504,1,2026-04-13,Complete
23543,2,2025-10-29,Active
31682,3,2026-06-23,Active
33613,4,2026-04-19,Complete
50472,5,2025-06-02,Active
11779,1,2026-02-01,Active
35753,2,2026-05-02,Active
6315,3,2026-03-11,Complete
1716,4,2025-12-25,Complete
14805,5,2026-02-23,Complete
31311,1,2026-06-05,Active
27833,2,2025-03-29,Active
3314,3,2026-01-25,Active
58645,4,2026-06-22,Complete
55862,5,2026-06-29,Active
52230,1,2026-04-01,Lapsed
2180,2,2024-11-10,Lapsed
32025,3,2024-10-03,Active
33094,4,2026-05-06,Active
23491,5,2021-12-30,Active
55569,1,2025-05-07,Active
32675,2,2026-05-22,Active
2058,3,2024-10-29,Active
49749,4,2024-06-18,Complete
8313,5,2025-03-03,Active
36260,1,2023-11-25,Active
14325,2,2026-03-02,Active
3695,3,2024-10-18,Active
875,4,2026-05-30,Active
35670,5,2024-10-01,Active
41231,1,2025-12-20,Active
52450,2,2024-11-15,Active
19866,3,2026-05-29,Complete
30012,4,2026-04-02,Active
5876,5,2025-08-17,Active
10588,1,2026-06-15,Active
42966,2,2024-11-20,Active
25661,3,2026-03-11,Active
37158,4,2026-06-03,Complete
25265,5,2025-11-13,Active
20164,1,2023-06-22,Lapsed
21170,2,2026-06-30,Complete
29637,3,2025-06-30,Active
11135,4,2026-01-11,Active
19225,5,2024-12-27,Active
41682,1,2026-05-29,Active
9988,2,2025-08-07,Active
40150,3,2026-04-16,Complete
49867,4,2026-04-14,Active
18718,5,2025-03-16,Active
4548,1,2025-12-28,Active
40186,2,2024-03-09,Lapsed
21420,3,2025-09-27,Active
22458,4,2026-06-23,Active
41655,5,2023-06-08,Complete
57018,1,2025-09-23,Active
56011,2,2026-01-14,Active
2428,3,2026-06-06,Lapsed
9360,4,2025-06-22,Lapsed
35899,5,2026-04-01,Active
42525,1,2026-06-08,Active
4759,2,2025-07-31,Active
55147,3,2025-08-08,Complete
34107,4,2026-05-27,Active
28749,5,2025-02-28,Active
41021,1,2024-09-19,Lapsed
31818,2,2026-06-20,Active
50246,3,2025-08-08,Active
40738,4,2026-06-20,Active
47592,5,2026-01-03,Lapsed
19064,1,2025-01-14,Active
4003,2,2025-11-01,Active
28102,3,2026-04-15,Active
29042,4,2024-12-13,Lapsed
27212,5,2026-02-11,Active
35587,1,2024-04-20,Complete
28095,2,2025-06-01,Complete
27294,3,2026-06-30,Complete
33116,4,2025-11-03,Lapsed
44141,5,2025-09-07,Lapsed
126,1,2026-06-28,Complete
177,2,2025-02-21,Complete
18571,3,2025-06-23,Active
4118,4,2025-09-29,Active
26526,5,2026-04-30,Complete
48458,1,2026-04-01,Complete
36589,2,2026-06-21,Active
52090,3,2025-04-25,Active
43653,4,2025-05-31,Active
45235,5,2026-06-01,Complete
42622,1,2026-05-18,Active
56925,2,2026-06-08,Active
53076,3,2026-06-28,Active
58704,4,2024-11-05,Active
11280,5,2024-04-05,Lapsed
1434,1,2026-06-07,Active
3941,2,2026-06-19,Active
26756,3,2025-12-07,Active
47739,4,2026-03-19,Active
53643,5,2026-05-17,Complete
22369,1,2025-09-29,Lapsed
25815,2,2026-02-12,Active
40024,3,2025-07-11,Active
57154,4,2025-11-24,Active
27285,5,2023-12-01,Active
4224,1,2025-01-21,Lapsed
44779,2,2025-06-11,Complete
22136,3,2025-07-31,Active
9609,4,2025-03-25,Complete
15381,5,2026-01-11,Active
31534,1,2025-06-26,Active
19519,2,2025-05-20,Active
19144,3,2024-07-13,Active
16447,4,2026-06-30,Complete
11578,5,2026-04-17,Complete
51171,1,2024-02-01,Active
24555,2,2026-06-07,Complete
48878,3,2026-04-01,Active
33456,4,2025-10-27,Active
53392,5,2024-08-27,Active
59434,1,2026-06-26,Active
50411,2,2024-07-06,Lapsed
15631,3,2026-03-07,Active
19330,4,2026-02-02,Active
16128,5,2026-01-25,Active
52870,1,2025-11-01,Active
32551,2,2025-09-16,Active
18511,3,2026-06-24,Lapsed
11085,4,2025-03-16,Complete
18516,5,2026-06-09,Complete
3887,1,2025-03-10,Active
59495,2,2025-01-16,Lapsed
36785,3,2026-05-25,Active
13241,4,2026-02-23,Active
38156,5,2026-06-11,Active
57715,1,2025-07-25,Complete
50086,2,2026-03-11,Active
26016,3,2023-04-28,Active
42992,4,2025-06-10,Active
2758,5,2025-02-16,Lapsed
22871,1,2026-01-06,Active
2597,2,2025-04-18,Active
55434,3,2026-06-25,Active
767,4,2026-05-19,Active
40727,5,2025-09-12,Active
15339,1,2026-02-15,Active
28494,2,2025-11-04,Active
43731,3,2026-03-05,Active
54664,4,2026-03-04,Lapsed
49473,5,2024-10-26,Active
46096,1,2025-02-11,Active
7063,2,2025-07-19,Active
46585,3,2026-04-24,Complete
32464,4,2026-01-23,Complete
45873,5,2025-04-22,Active
50095,1,2024-11-06,Active
7894,2,2023-12-14,Active
40424,3,2026-04-07,Complete
49758,4,2025-07-15,Active
92,5,2024-06-11,Active
2804,1,2026-02-21,Lapsed
20877,2,2026-03-28,Active
23023,3,2025-09-27,Complete
37484,4,2025-03-22,Active
19723,5,2025-08-27,Active
37387,1,2026-04-13,Active
48264,2,2025-06-17,Active
38234,3,2026-06-06,Active
23448,4,2026-05-08,Active
53199,5,2026-02-20,Complete
44877,1,2025-08-03,Active
43364,2,2024-07-11,Active
30107,3,2025-09-10,Lapsed
43492,4,2026-06-13,Lapsed
11628,5,2024-11-14,Complete
3861,1,2026-06-27,Active
24492,2,2025-10-14,Lapsed
37947,3,2026-06-27,Active
29891,4,2025-06-23,Active
907,5,2025-11-10,Complete
29447,1,2026-06-01,Active
25088,2,2026-06-28,Active
42909,3,2026-05-10,Active
56677,4,2025-09-25,Active
33287,5,2026-02-19,Active
8640,1,2025-05-12,Active
48482,2,2025-02-03,Active
17662,3,2025-01-06,Complete
43794,4,2024-11-04,Active
18470,5,2025-04-18,Complete
40030,1,2026-06-25,Active
24892,2,2026-01-09,Active
11030,3,2026-05-30,Complete
12148,4,2026-04-14,Active
50325,5,2026-06-26,Active
37975,1,2025-07-03,Active
32278,2,2025-09-13,Active
9502,3,2025-04-07,Lapsed
43766,4,2025-06-05,Active
58653,5,2026-05-01,Complete
2418,1,2026-06-16,Complete
27397,2,2022-05-29,Active
12951,3,2025-08-30,Active
3304,4,2024-07-16,Active
59421,5,2026-02-25,Active
1419,1,2026-05-08,Active
28051,2,2026-06-29,Active
17136,3,2025-11-26,Lapsed
52081,4,2026-04-25,Active
44589,5,2023-02-15,Active
33319,1,2024-05-05,Active
42791,2,2024-11-03,Complete
25452,3,2025-06-11,Lapsed
46361,4,2026-06-22,Active
10707,5,2025-07-31,Active
45399,1,2026-04-03,Complete
20165,2,2026-06-25,Active
39789,3,2026-06-14,Active
39245,4,2026-02-28,Active
37857,5,2025-05-05,Active
17631,1,2026-06-25,Active
37811,2,2024-08-12,Active
29268,3,2025-03-01,Active
47876,4,2026-04-08,Complete
9720,5,2026-06-11,Active
39265,1,2026-04-17,Lapsed
27748,2,2024-04-15,Active
10332,3,2026-04-08,Complete
43375,4,2026-06-14,Active
53104,5,2025-09-01,Active
3634,1,2025-06-16,Complete
416,2,2025-09-11,Complete
11429,3,2026-03-07,Complete
7416,4,2026-06-28,Lapsed
26249,5,2026-06-29,Active
51974,1,2025-09-19,Active
11575,2,2025-09-20,Complete
44275,3,2026-04-16,Active
7517,4,2026-04-16,Lapsed
54770,5,2025-10-05,Active
37868,1,2024-01-20,Complete
7117,2,2026-01-13,Active
53543,3,2024-10-29,Active
13932,4,2026-04-24,Active
53766,5,2025-07-30,Active
12661,1,2026-05-28,Active
57579,2,2025-07-31,Active
51888,3,2022-10-17,Active
11633,4,2025-01-06,Active
17897,5,2024-03-01,Active
34980,1,2026-06-29,Active
21975,2,2026-06-13,Active
13923,3,2026-05-26,Active
45615,4,2023-01-12,Complete
7938,5,2026-03-21,Active
51421,1,2026-02-14,Active
56946,2,2026-01-21,Complete
41640,3,2026-01-01,Active
43367,4,2025-07-12,Active
36294,5,2024-12-16,Active
46122,1,2025-07-12,Lapsed
57097,2,2026-06-10,Lapsed
34772,3,2025-02-13,Active
47235,4,2026-06-10,Active
46899,5,2026-02-09,Active
1975,1,2026-05-07,Active
25590,2,2026-05-31,Complete
20287,3,2026-04-18,Active
16134,4,2026-04-01,Active
39964,5,2025-11-18,Active
7321,1,2026-06-23,Active
45589,2,2026-03-19,Active
8059,3,2025-11-26,Active
44165,4,2025-07-07,Active
6245,5,2025-06-12,Active
14911,1,2024-04-23,Complete
49746,2,2026-06-03,Active
25162,3,2026-06-27,Active
30383,4,2022-12-27,Active
17143,5,2025-03-14,Active
38679,1,2026-06-24,Complete
2929,2,2026-06-21,Active
28123,3,2025-03-25,Complete
43642,4,2026-03-16,Active
50636,5,2025-12-29,Active
40391,1,2024-05-09,Complete
36274,2,2026-01-20,Active
37682,3,2024-06-18,Active
8355,4,2024-11-08,Active
35396,5,2025-02-15,Active
30001,1,2026-01-01,Lapsed
50387,2,2025-03-17,Active
44520,3,2026-05-10,Active
55608,4,2026-06-06,Complete
39118,5,2026-06-15,Active
47528,1,2025-09-12,Complete
52104,2,2026-03-22,Lapsed
46788,3,2026-05-26,Active
34973,4,2025-08-16,Complete
4308,5,2026-04-28,Active
58060,1,2026-02-01,Active
1154,2,2025-07-05,Complete
43362,3,2026-06-09,Active
41762,4,2025-01-19,Active
23112,5,2024-01-17,Active
41217,1,2026-05-26,Active
970,2,2024-10-30,Complete
20739,3,2026-05-22,Lapsed
7240,4,2025-09-03,Active
27002,5,2025-12-29,Lapsed
53731,1,2026-04-28,Lapsed
47201,2,2026-05-15,Active
58035,3,2023-09-27,Lapsed
56401,4,2026-03-17,Active
39077,5,2026-03-28,Active
34626,1,2026-06-07,Active
12405,2,2026-01-24,Active
7184,3,2023-04-17,Active
31364,4,2026-03-18,Active
39363,5,2025-01-31,Active
27223,1,2024-03-23,Active
59014,2,2024-05-01,Active
8371,3,2025-12-20,Active
29030,4,2025-09-25,Active
11371,5,2026-03-19,Active
56065,1,2025-11-19,Active
14642,2,2025-08-18,Active
14846,3,2025-11-19,Active
59505,4,2026-05-24,Active
2130,5,2022-12-20,Active
5819,1,2026-05-19,Active
55160,2,2024-03-28,Active
2380,3,2026-06-11,Lapsed
52710,4,2026-06-10,Active
11830,5,2025-06-20,Lapsed
19870,1,2023-07-12,Active
18620,2,2026-06-01,Complete
35987,3,2025-09-01,Active
53815,4,2026-05-16,Active
21638,5,2026-05-14,Complete
55445,1,2025-09-12,Active
5228,2,2026-06-26,Complete
16491,3,2025-01-23,Active
50743,4,2026-03-10,Active
1563,5,2023-04-24,Active
22990,1,2026-05-31,Active
52027,2,2023-09-20,Lapsed
45470,3,2025-09-27,Active
3796,4,2026-03-18,Lapsed
16656,5,2026-02-16,Active
50904,1,2025-01-14,Lapsed
59355,2,2026-06-04,Active
25314,3,2024-10-31,Active
20051,4,2023-01-03,Active
55761,5,2025-09-01,Active
54177,1,2025-06-13,Active
20941,2,2026-06-05,Active
36790,3,2025-10-28,Active
52086,4,2026-05-28,Active
4713,5,2025-06-30,Active
24302,1,2024-07-21,Active
30178,2,2025-10-29,Active
52365,3,2025-09-08,Complete
28313,4,2025-02-28,Active
54149,5,2026-03-29,Lapsed
48906,1,2025-06-09,Active
16060,2,2023-07-12,Lapsed
31496,3,2025-05-22,Active
29521,4,2026-05-19,Complete
31225,5,2025-07-26,Active
54722,1,2026-03-16,Complete
47697,2,2025-12-09,Active
33928,3,2025-09-25,Active
43058,4,2026-01-24,Active
51034,5,2025-12-29,Lapsed
34690,1,2026-06-24,Active
32059,2,2023-01-11,Active
25060,3,2026-06-08,Active
14398,4,2026-02-11,Active
7620,5,2026-02-25,Active
35936,1,2026-02-27,Active
33074,2,2026-05-09,Active
20986,3,2025-10-30,Active
21475,4,2025-07-26,Active
33315,5,2026-06-30,Complete
26114,1,2025-02-08,Active
10701,2,2026-02-10,Active
56298,3,2025-08-01,Complete
12228,4,2026-05-17,Active
5390,5,2026-04-29,Active
41243,1,2026-05-29,Active
19767,2,2025-12-19,Active
38063,3,2026-01-29,Active
53889,4,2025-03-28,Active
11046,5,2023-11-23,Lapsed
8888,1,2026-05-25,Active
47742,2,2024-02-10,Complete
33661,3,2026-06-02,Active
34941,4,2026-02-07,Active
59440,5,2025-05-01,Active
5201,1,2026-05-12,Active
58928,2,2025-11-25,Active
36782,3,2026-06-06,Active
9711,4,2024-09-28,Active
24635,5,2026-05-13,Active
35393,1,2024-01-08,Active
20066,2,2024-01-23,Complete
43697,3,2026-03-28,Complete
32128,4,2024-09-21,Active
45698,5,2026-04-24,Active
13280,1,2025-04-20,Active
14386,2,2026-06-02,Complete
10817,3,2024-09-14,Complete
41295,4,2025-10-03,Active
58319,5,2024-10-08,Complete
57157,1,2024-07-01,Active
14050,2,2025-12-16,Active
56796,3,2026-06-19,Complete
58301,4,2025-12-07,Active
17903,5,2023-11-06,Active
30676,1,2026-06-25,Active
3783,2,2026-02-14,Complete
7473,3,2026-01-17,Active
20499,4,2026-04-09,Active
39615,5,2025-09-15,Active
13065,1,2026-05-29,Active
10371,2,2025-09-06,Active
13540,3,2024-12-01,Complete
28996,4,2026-02-18,Active
21904,5,2026-02-17,Complete
36379,1,2025-07-03,Complete
51910,2,2026-05-05,Active
11894,3,2023-11-12,Active
33453,4,2024-08-15,Active
35893,5,2026-03-13,Active
35775,1,2026-05-18,Active
15426,2,2026-06-26,Active
34651,3,2026-02-06,Active
19533,4,2025-01-04,Active
38997,5,2023-07-12,Active
49219,1,2023-10-15,Active
36337,2,2026-06-20,Active
7456,3,2025-08-19,Complete
52808,4,2026-05-20,Active
40744,5,2026-06-30,Complete
16631,1,2025-04-24,Active
2412,2,2024-12-31,Lapsed
2319,3,2026-06-30,Active
6262,4,2025-09-03,Active
18476,5,2025-05-02,Complete
56400,1,2026-02-18,Complete
55241,2,2025-09-23,Active
24346,3,2026-06-30,Lapsed
45937,4,2025-02-10,Active
23250,5,2025-07-12,Complete
18124,1,2026-03-01,Active
33701,2,2025-11-29,Active
41649,3,2023-09-23,Complete
16393,4,2024-10-26,Lapsed
10606,5,2026-05-30,Complete
50782,1,2026-06-12,Active
25213,2,2026-06-10,Active
49324,3,2025-07-24,Active
30362,4,2026-04-27,Active
25230,5,2026-04-09,Active
46394,1,2025-10-18,Complete
50769,2,2026-05-31,Active
15988,3,2026-03-17,Lapsed
29619,4,2026-05-01,Active
38019,5,2024-09-08,Active
5672,1,2026-06-23,Active
6044,2,2026-05-05,Active
30333,3,2024-11-07,Active
1674,4,2023-02-08,Lapsed
12711,5,2026-05-01,Complete
49245,1,2025-04-07,Active
17009,2,2026-05-09,Active
50910,3,2026-06-21,Lapsed
29776,4,2026-02-05,Active
53965,5,2026-06-26,Active
57488,1,2026-05-16,Lapsed
35504,2,2025-11-01,Lapsed
46629,3,2026-03-02,Complete
46718,4,2024-06-13,Active
32894,5,2025-12-05,Complete
10996,1,2026-01-16,Complete
49315,2,2025-06-15,Active
51111,3,2026-05-22,Active
639,4,2026-04-09,Active
20332,5,2026-04-29,Active
11507,1,2026-03-29,Active
55186,2,2025-12-03,Active
48852,3,2023-02-03,Active
34314,4,2024-12-18,Active
46558,5,2025-09-28,Active
56623,1,2025-12-16,Complete
23402,2,2026-04-12,Complete
22286,3,2024-09-02,Lapsed
995,4,2025-07-04,Active
10678,5,2025-01-05,Complete
17941,1,2025-12-17,Complete
12099,2,2026-04-30,Active
45894,3,2026-05-09,Active
54202,4,2025-02-23,Complete
22814,5,2025-08-19,Complete
20157,1,2025-10-26,Complete
56473,2,2024-06-24,Active
58960,3,2026-01-14,Active
45320,4,2026-06-09,Complete
26732,5,2024-05-06,Active
44702,1,2025-09-21,Active
18841,2,2026-06-25,Active
54028,3,2025-07-28,Complete
13079,4,2026-04-27,Active
5419,5,2025-11-23,Active
31583,1,2026-04-18,Active
17573,2,2026-06-13,Complete
17884,3,2023-12-05,Complete
41589,4,2025-06-25,Active
50414,5,2025-08-07,Active
45205,1,2026-05-05,Active
28093,2,2025-11-08,Complete
25463,3,2026-05-26,Complete
20728,4,2026-06-25,Active
53341,5,2026-04-22,Active
18562,1,2024-04-27,Active
3534,2,2025-05-03,Active
1171,3,2025-01-27,Complete
50146,4,2026-02-28,Active
44929,5,2026-06-11,Active
17053,1,2025-06-17,Active
20074,2,2026-06-28,Active
19115,3,2026-04-23,Active
46323,4,2025-12-11,Active
16510,5,2024-04-15,Lapsed
33751,1,2025-02-25,Active
8154,2,2026-06-21,Active
49426,3,2026-04-08,Active
14812,4,2026-05-20,Active
6857,5,2025-08-07,Complete
53863,1,2026-05-28,Active
41240,2,2024-11-29,Active
47706,3,2026-02-08,Lapsed
34950,4,2024-12-27,Active
53018,5,2023-08-16,Active
46399,1,2025-06-29,Active
26653,2,2025-10-28,Active
9710,3,2023-10-04,Active
12337,4,2026-05-15,Active
23107,5,2026-04-08,Active
25885,1,2026-04-23,Active
18552,2,2025-05-30,Lapsed
59749,3,2026-06-16,Active
37707,4,2025-12-17,Complete
49183,5,2025-03-02,Complete
55796,1,2022-08-12,Active
2743,2,2024-07-14,Active
2115,3,2026-01-11,Lapsed
47023,4,2023-01-13,Active
46725,5,2026-01-30,Active
35544,1,2025-12-17,Complete
30381,2,2025-10-06,Active
11821,3,2025-03-10,Active
25892,4,2026-02-03,Active
39906,5,2025-09-30,Complete
14637,1,2026-04-10,Complete
9361,2,2026-06-19,Active
33911,3,2026-04-23,Active
2701,4,2023-07-14,Active
16987,5,2026-06-15,Active
17177,1,2025-09-05,Complete
12068,2,2025-03-20,Active
5282,3,2026-06-05,Active
32961,4,2025-10-12,Active
5576,5,2026-06-30,Active
25372,1,2026-06-25,Lapsed
49407,2,2025-08-27,Active
30512,3,2025-12-19,Active
2176,4,2026-01-30,Active
10797,5,2026-02-02,Active
39773,1,2026-02-04,Active
49209,2,2025-10-12,Active
55614,3,2026-05-30,Active
26707,4,2026-06-01,Active
29183,5,2023-12-03,Active
51625,1,2026-05-14,Complete
29802,2,2025-08-09,Complete
45073,3,2026-02-18,Complete
36587,4,2025-09-23,Lapsed
56527,5,2026-06-18,Active
22427,1,2025-06-15,Active
28571,2,2026-03-14,Active
55225,3,2025-04-28,Active
54536,4,2026-03-05,Lapsed
43140,5,2025-01-28,Active
11451,1,2026-03-12,Lapsed
16891,2,2025-08-08,Active
17002,3,2026-05-06,Active
15871,4,2026-04-12,Active
6376,5,2026-06-09,Active
20891,1,2026-03-24,Active
45351,2,2026-03-11,Active
12543,3,2026-04-17,Complete
5076,4,2026-04-18,Lapsed
57530,5,2026-06-02,Active
31814,1,2025-06-24,Active
46694,2,2026-01-14,Active
36652,3,2026-03-27,Active
42263,4,2026-04-22,Active
53946,5,2025-06-09,Complete
30549,1,2025-03-29,Active
36233,2,2026-02-25,Lapsed
58786,3,2024-04-28,Active
27286,4,2026-06-04,Active
5875,5,2026-06-30,Active
2366,1,2026-05-06,Active
47150,2,2025-12-18,Active
29349,3,2026-01-22,Active
31875,4,2026-03-04,Active
59961,5,2025-12-07,Complete
17654,1,2025-01-02,Active
21641,2,2026-04-21,Complete
54200,3,2026-04-28,Complete
11105,4,2024-06-01,Active
53858,5,2026-05-24,Active
51769,1,2024-01-21,Active
29008,2,2025-01-01,Active
6811,3,2025-01-11,Complete
19711,4,2024-01-26,Active
52491,5,2025-07-25,Active
27558,1,2025-07-26,Active
2951,2,2026-06-27,Active
22534,3,2025-10-15,Active
5852,4,2023-09-08,Complete
44534,5,2025-03-02,Active
47121,1,2025-08-05,Active
5195,2,2023-03-02,Active
29430,3,2026-06-21,Active
40816,4,2026-01-14,Active
40346,5,2026-01-16,Active
49009,1,2023-11-22,Active
10409,2,2026-02-27,Complete
30207,3,2026-06-28,Active
15346,4,2026-06-04,Complete
27801,5,2025-10-16,Complete
46843,1,2026-06-05,Active
19957,2,2025-01-20,Active
54592,3,2025-10-26,Active
58075,4,2026-02-15,Active
36773,5,2026-06-22,Complete
43052,1,2025-05-24,Active
39796,2,2022-01-05,Lapsed
29534,3,2024-12-04,Complete
5269,4,2025-10-02,Active
39935,5,2025-10-20,Active
15595,1,2026-05-22,Lapsed
51580,2,2025-11-14,Active
27047,3,2025-09-18,Active
9205,4,2025-06-29,Active
24544,5,2026-06-08,Active
37933,1,2026-06-30,Active
44308,2,2024-11-04,Lapsed
39693,3,2026-05-03,Active
30659,4,2026-03-24,Active
29329,5,2025-01-27,Active
44124,1,2026-02-28,Active
7203,2,2025-06-19,Active
3904,3,2025-12-16,Complete
43210,4,2025-09-13,Active
56008,5,2024-08-17,Active
6547,1,2025-01-20,Active
8833,2,2025-09-06,Active
26018,3,2026-03-30,Active
58948,4,2025-11-28,Active
26871,5,2026-04-27,Active
5703,1,2026-06-05,Active
49573,2,2024-11-01,Complete
46253,3,2025-10-14,Active
39904,4,2026-06-12,Complete
12225,5,2025-06-14,Lapsed
7806,1,2026-06-19,Complete
5598,2,2026-03-01,Active
134,3,2026-03-22,Active
26327,4,2025-02-20,Active
39711,5,2026-04-17,Lapsed
43725,1,2026-07-01,Active
32202,2,2026-06-02,Active
15616,3,2025-01-30,Complete
20910,4,2025-09-30,Active
18525,5,2025-05-07,Lapsed
43904,1,2021-11-23,Lapsed
6191,2,2022-09-07,Active
43569,3,2025-02-25,Complete
46677,4,2026-06-22,Active
2209,5,2026-05-27,Active
19215,1,2026-06-16,Active
22115,2,2026-06-28,Active
41996,3,2024-05-17,Active
8813,4,2026-02-12,Active
35723,5,2025-05-20,Complete
33091,1,2026-01-17,Active
31948,2,2024-09-02,Active
52456,3,2023-08-11,Active
37804,4,2026-06-26,Active
4055,5,2026-06-06,Lapsed
30290,1,2024-12-12,Active
40331,2,2025-11-03,Active
52051,3,2025-08-23,Active
12647,4,2025-04-25,Lapsed
13643,5,2025-05-03,Complete
16162,1,2026-06-17,Active
17043,2,2026-06-06,Active
29852,3,2026-06-16,Complete
3377,4,2026-06-29,Active
42223,5,2025-05-18,Active
44184,1,2026-04-05,Active
43149,2,2026-06-07,Active
38607,3,2026-03-03,Active
2519,4,2025-06-30,Active
55028,5,2026-02-16,Active
2538,1,2023-12-26,Active
22023,2,2025-10-15,Lapsed
14406,3,2026-06-10,Complete
25762,4,2026-06-08,Active
25747,5,2026-03-18,Active
58805,1,2026-06-14,Active
23587,2,2026-05-23,Complete
54481,3,2026-01-09,Active
44505,4,2025-11-15,Complete
7205,5,2026-02-16,Active
26392,1,2026-06-25,Active
35580,2,2025-07-15,Active
53914,3,2026-06-30,Active
968,4,2026-02-02,Lapsed
54561,5,2024-09-08,Lapsed
8889,1,2025-12-14,Active
59873,2,2025-09-06,Active
11426,3,2023-09-12,Active
26565,4,2026-06-07,Active
48666,5,2022-12-16,Active
14987,1,2024-05-04,Active
14818,2,2025-03-03,Active
19116,3,2026-04-19,Active
34473,4,2026-06-08,Complete
3550,5,2026-06-20,Active
22412,1,2025-08-12,Active
56559,2,2026-06-03,Active
45448,3,2023-11-24,Lapsed
32851,4,2024-07-10,Complete
28174,5,2026-06-23,Active
29451,1,2026-06-02,Complete
26175,2,2024-11-09,Complete
46373,3,2026-04-04,Lapsed
38575,4,2026-03-21,Complete
43077,5,2026-02-27,Lapsed
53652,1,2026-03-29,Active
49398,2,2026-02-18,Complete
50829,3,2026-06-23,Active
1690,4,2024-12-16,Active
47889,5,2025-10-30,Active
46637,1,2026-04-13,Active
48463,2,2024-04-26,Active
41643,3,2025-05-25,Active
526,4,2025-01-28,Active
58334,5,2026-05-24,Complete
5534,1,2024-09-23,Lapsed
56780,2,2026-04-20,Active
6757,3,2026-06-03,Active
49591,4,2026-04-29,Lapsed
47812,5,2022-04-08,Active
6771,1,2025-05-01,Active
42805,2,2026-04-08,Complete
26039,3,2026-06-29,Complete
43235,4,2023-12-26,Active
1149,5,2025-06-06,Active
9438,1,2024-02-13,Complete
36927,2,2025-09-05,Complete
26804,3,2026-06-22,Active
45581,4,2026-03-11,Complete
1824,5,2026-04-21,Active
19244,1,2026-01-08,Complete
57462,2,2026-01-07,Complete
8013,3,2025-04-13,Active
19896,4,2026-06-28,Complete
34106,5,2025-05-06,Active
7901,1,2026-02-28,Complete
49487,2,2026-05-31,Active
4795,3,2026-04-21,Active
23345,4,2026-06-26,Active
43736,5,2025-12-13,Active
24642,1,2026-05-05,Active
54462,2,2023-04-01,Active
18917,3,2026-02-13,Active
3300,4,2026-05-14,Active
43839,5,2026-04-28,Active
39851,1,2026-05-09,Active
50270,2,2026-03-13,Active
17530,3,2026-03-18,Complete
15012,4,2024-01-29,Lapsed
46088,5,2025-06-09,Active
44265,1,2026-04-21,Active
37628,2,2025-04-29,Active
48628,3,2026-05-17,Complete
51497,4,2026-01-10,Complete
41147,5,2025-06-15,Complete
34126,1,2023-08-13,Active
29991,2,2025-01-02,Active
16749,3,2026-01-15,Active
8024,4,2026-06-20,Active
10915,5,2026-02-24,Complete
6617,1,2026-05-05,Complete
10904,2,2024-08-19,Active
8208,3,2026-05-01,Active
46559,4,2026-06-08,Complete
45533,5,2026-06-30,Complete
12736,1,2026-06-07,Active
50967,2,2026-06-15,Active
8470,3,2026-01-09,Active
28708,4,2026-04-27,Active
7597,5,2026-05-24,Active
53671,1,2026-05-11,Active
42728,2,2026-06-23,Active
35001,3,2026-02-08,Active
10965,4,2026-05-25,Complete
43487,5,2026-04-28,Active
8746,1,2025-06-24,Complete
9748,2,2026-01-03,Active
7157,3,2025-07-24,Complete
21074,4,2026-05-30,Active
52986,5,2025-05-29,Active
40940,1,2025-05-31,Complete
21758,2,2026-03-22,Active
4197,3,2026-02-01,Active
59555,4,2025-04-05,Active
57084,5,2024-09-16,Active
20993,1,2025-04-11,Complete
40149,2,2026-03-05,Complete
13416,3,2025-07-10,Active
49316,4,2026-01-01,Active
39157,5,2026-01-09,Complete
16356,1,2026-06-22,Active
41625,2,2026-03-09,Lapsed
14411,3,2026-06-26,Active
26036,4,2026-06-30,Active
39704,5,2026-06-09,Complete
41316,1,2025-12-20,Active
59903,2,2026-02-21,Active
42188,3,2024-10-09,Active
24248,4,2026-06-15,Complete
46547,5,2024-10-03,Complete
49709,1,2025-06-15,Active
32406,2,2026-02-19,Complete
16671,3,2026-02-25,Complete
22585,4,2023-10-24,Complete
4051,5,2026-02-12,Active
11656,1,2026-03-13,Active
15451,2,2026-04-07,Active
41941,3,2026-03-28,Active
10344,4,2026-05-18,Active
51245,5,2026-06-09,Active
37544,1,2026-04-25,Lapsed
30801,2,2026-05-05,Active
57795,3,2024-02-25,Active
30303,4,2026-02-25,Active
23817,5,2026-04-18,Active
46614,1,2025-05-11,Active
55451,2,2026-05-05,Active
15137,3,2025-11-05,Active
17408,4,2025-05-13,Active
12212,5,2025-11-28,Active
47386,1,2026-06-03,Active
54180,2,2026-03-20,Active
29181,3,2025-06-07,Active
31870,4,2025-12-31,Complete
26045,5,2025-11-05,Complete
49731,1,2025-07-27,Active
6732,2,2026-02-20,Complete
6585,3,2026-05-02,Active
2742,4,2026-06-25,Active
13031,5,2026-03-13,Active
36331,1,2025-01-06,Active
34018,2,2025-01-05,Lapsed
3958,3,2025-12-26,Active
53050,4,2024-09-16,Active
39924,5,2026-01-22,Active
35600,1,2026-05-09,Active
26968,2,2026-02-09,Active
29452,3,2026-06-15,Active
51505,4,2026-06-16,Complete
16546,5,2025-06-04,Active
1763,1,2026-04-28,Active
11315,2,2026-03-03,Complete
21065,3,2026-05-01,Active
21402,4,2026-06-29,Active
12478,5,2024-05-24,Active
7252,1,2025-08-30,Lapsed
21807,2,2025-12-17,Active
35020,3,2025-08-28,Complete
45576,4,2026-03-23,Active
48861,5,2026-01-30,Lapsed
8454,1,2025-11-21,Active
55837,2,2024-05-18,Active
18001,3,2025-12-28,Active
48202,4,2022-06-17,Active
14287,5,2026-01-09,Active
1373,1,2026-02-14,Active
23245,2,2025-10-09,Active
26341,3,2026-04-03,Active
3327,4,2024-04-07,Active
52603,5,2026-03-15,Active
25520,1,2026-06-25,Complete
44338,2,2026-05-10,Active
52291,3,2026-03-27,Active
35713,4,2025-10-31,Active
33320,5,2025-02-15,Active
7531,1,2025-12-06,Lapsed
51330,2,2026-05-29,Lapsed
1160,3,2026-05-26,Active
47800,4,2026-01-23,Active
20181,5,2026-02-14,Active
13256,1,2024-11-22,Active
20733,2,2026-06-08,Active
22671,3,2024-11-23,Active
18138,4,2025-02-04,Active
6120,5,2026-06-11,Lapsed
51541,1,2026-05-23,Active
14405,2,2022-02-04,Complete
41271,3,2025-11-16,Active
32293,4,2025-11-19,Complete
10073,5,2026-06-20,Active
49195,1,2024-02-29,Active
6400,2,2025-08-28,Complete
25564,3,2026-02-14,Complete
172,4,2026-06-28,Complete
40056,5,2025-12-25,Active
12902,1,2026-01-20,Active
43504,2,2026-04-26,Complete
52673,3,2026-02-02,Complete
14711,4,2026-01-27,Active
13710,5,2026-06-27,Active
57443,1,2024-08-18,Complete
16545,2,2025-08-17,Active
58097,3,2026-05-04,Active
27030,4,2025-01-28,Active
42430,5,2026-06-25,Active
51826,1,2026-05-03,Complete
46513,2,2025-04-08,Complete
265,3,2026-05-23,Lapsed
38116,4,2025-02-16,Active
8911,5,2025-10-15,Active
52421,1,2026-05-04,Active
45084,2,2025-10-18,Active
59312,3,2024-04-25,Complete
38596,4,2025-06-30,Active
55392,5,2026-04-12,Active
41623,1,2025-11-11,Active
40053,2,2026-02-25,Complete
13620,3,2025-02-27,Active
29050,4,2025-10-26,Lapsed
59872,5,2023-08-03,Complete
14568,1,2026-02-05,Active
54453,2,2025-05-30,Active
28556,3,2026-06-28,Active
47368,4,2026-06-06,Active
22868,5,2026-04-21,Complete
36157,1,2026-03-11,Active
24024,2,2024-12-14,Active
46951,3,2025-04-13,Active
42458,4,2026-04-29,Active
38632,5,2025-09-26,Complete
21847,1,2026-04-28,Complete
27746,2,2025-02-21,Active
28527,3,2026-06-13,Active
39528,4,2025-12-19,Complete
33597,5,2026-03-10,Active
39060,1,2025-02-19,Active
58789,2,2026-06-26,Active
32155,3,2025-01-17,Active
6279,4,2024-09-26,Active
28952,5,2025-07-06,Complete
17990,1,2026-01-18,Complete
22224,2,2025-10-03,Lapsed
59626,3,2026-05-08,Active
34930,4,2026-04-13,Active
903,5,2025-08-11,Active
3297,1,2026-06-08,Active
57272,2,2025-08-05,Active
21253,3,2026-02-05,Active
54594,4,2026-06-02,Active
39737,5,2024-11-19,Active
23897,1,2024-03-20,Complete
49911,2,2024-01-14,Active
17489,3,2025-05-14,Lapsed
46311,4,2026-02-17,Lapsed
37780,5,2026-06-21,Active
871,1,2023-10-29,Active
31698,2,2026-04-16,Active
55682,3,2026-02-18,Active
22084,4,2026-06-07,Active
27781,5,2025-02-06,Active
20458,1,2024-05-14,Active
10329,2,2026-04-11,Active
27319,3,2025-12-27,Active
44888,4,2026-02-05,Active
34502,5,2022-03-10,Active
8970,1,2025-09-21,Active
42461,2,2025-09-13,Complete
15603,3,2025-11-28,Active
46481,4,2023-10-30,Active
10840,5,2026-06-12,Active
43506,1,2026-03-16,Active
7563,2,2026-06-23,Complete
17940,3,2025-10-06,Active
50207,4,2024-11-19,Lapsed
7211,5,2026-03-31,Complete
32935,1,2025-10-13,Active
7037,2,2026-05-26,Active
53502,3,2024-12-29,Active
34621,4,2024-12-14,Active
18343,5,2026-03-26,Complete
28593,1,2025-12-10,Active
22902,2,2026-01-23,Complete
55031,3,2026-04-06,Active
42193,4,2026-04-02,Active
14597,5,2026-04-27,Active
33434,1,2026-05-03,Active
39199,2,2025-12-29,Active
19131,3,2024-10-31,Active
48194,4,2026-04-30,Active
53748,5,2025-11-29,Lapsed
53061,1,2026-02-14,Complete
53970,2,2025-08-11,Active
25353,3,2026-02-05,Active
42028,4,2026-04-02,Complete
20112,5,2025-12-12,Complete
48943,1,2026-04-10,Active
35937,2,2026-06-28,Active
4267,3,2025-12-26,Active
52477,4,2026-05-30,Active
24333,5,2026-06-21,Active
55890,1,2023-09-16,Lapsed
51060,2,2024-09-06,Active
1814,3,2026-04-10,Active
86,4,2025-11-01,Complete
7654,5,2025-05-06,Lapsed
769,1,2025-12-01,Lapsed
33608,2,2026-03-06,Active
4353,3,2026-06-02,Lapsed
12477,4,2025-11-18,Active
5437,5,2023-03-21,Complete
40355,1,2024-06-23,Complete
32915,2,2026-05-18,Complete
57820,3,2023-01-26,Active
52591,4,2025-04-17,Active
49248,5,2025-12-16,Active
23067,1,2026-06-17,Active
22050,2,2026-06-07,Active
12501,3,2026-06-18,Active
10647,4,2024-05-27,Lapsed
848,5,2025-03-28,Active
29083,1,2026-04-21,Active
21301,2,2026-06-16,Active
7428,3,2025-12-19,Active
51797,4,2025-09-18,Active
43115,5,2023-07-06,Active
50162,1,2026-04-25,Active
56830,2,2026-06-06,Complete
14667,3,2024-10-08,Active
5407,4,2024-02-21,Active
26651,5,2024-03-31,Active
2375,1,2024-02-26,Complete
30917,2,2026-02-12,Complete
51697,3,2026-05-21,Active
55347,4,2026-03-17,Lapsed
28939,5,2023-11-16,Active
15124,1,2025-06-25,Active
2673,2,2026-04-30,Complete
40295,3,2025-04-29,Active
11161,4,2023-06-18,Complete
49113,5,2024-09-10,Active
12625,1,2025-11-03,Active
34942,2,2025-09-14,Complete
48993,3,2026-06-05,Lapsed
58380,4,2024-03-31,Active
43793,5,2026-02-18,Active
17899,1,2023-10-14,Active
47629,2,2025-07-27,Complete
10047,3,2026-06-06,Complete
21315,4,2026-06-18,Active
41113,5,2026-04-04,Active
42379,1,2026-05-09,Lapsed
6389,2,2026-06-07,Active
44621,3,2026-06-26,Lapsed
4527,4,2023-10-20,Active
487,5,2022-12-16,Active
38151,1,2025-03-16,Complete
58878,2,2026-04-11,Active
55334,3,2026-01-17,Active
9185,4,2024-03-07,Active
52486,5,2026-06-12,Active
42408,1,2025-04-17,Active
50725,2,2026-05-31,Active
44337,3,2026-03-26,Active
52022,4,2026-03-30,Complete
15464,5,2026-01-08,Active
900,1,2026-03-24,Active
13617,2,2026-03-28,Active
37691,3,2025-09-02,Active
34311,4,2025-11-17,Complete
9181,5,2025-04-22,Active
23811,1,2025-04-12,Active
23198,2,2026-02-12,Active
6534,3,2025-06-26,Active
32527,4,2025-04-29,Active
14059,5,2026-01-16,Active
17898,1,2024-02-22,Complete
29941,2,2026-06-30,Active
29968,3,2026-06-14,Active
50085,4,2025-09-24,Active
48884,5,2026-05-21,Active
35068,1,2026-06-11,Active
8140,2,2026-06-29,Active
41254,3,2025-03-24,Active
38032,4,2026-06-24,Complete
55887,5,2026-06-01,Active
47267,1,2026-06-20,Active
30780,2,2026-04-01,Active
18223,3,2026-06-08,Active
21358,4,2025-06-30,Active
53022,5,2025-01-22,Active
13455,1,2026-05-05,Active
13343,2,2025-11-22,Complete
32318,3,2025-02-26,Active
48671,4,2025-05-21,Complete
34307,5,2026-06-07,Active
5273,1,2026-05-18,Active
9766,2,2024-08-19,Complete
56268,3,2026-05-12,Active
38369,4,2025-08-16,Active
26768,5,2026-01-15,Active
4976,1,2024-12-04,Active
5099,2,2025-11-08,Active
37656,3,2025-09-14,Active
3461,4,2026-04-30,Active
21837,5,2026-02-09,Active
57273,1,2023-06-09,Lapsed
45177,2,2026-04-22,Active
41357,3,2025-02-25,Complete
53438,4,2025-05-20,Complete
55911,5,2026-06-28,Lapsed
45066,1,2026-05-17,Lapsed
31903,2,2024-11-05,Complete
11212,3,2026-06-24,Active
27396,4,2025-05-31,Active
5833,5,2026-04-12,Active
48880,1,2026-06-01,Active
14147,2,2024-09-08,Active
5383,3,2023-03-18,Active
59658,4,2025-03-13,Complete
25514,5,2023-11-04,Active
20418,1,2024-04-23,Active
15213,2,2026-03-19,Active
39840,3,2026-05-31,Complete
34639,4,2026-06-11,Active
4650,5,2024-02-28,Complete
56989,1,2026-03-22,Active
7784,2,2026-03-21,Complete
7847,3,2026-04-19,Active
57226,4,2024-08-19,Active
17220,5,2025-09-25,Active
4241,1,2026-06-26,Active
56812,2,2025-11-08,Active
48358,3,2026-01-15,Active
12819,4,2024-09-20,Active
19103,5,2026-06-02,Active
1445,1,2026-02-09,Active
40849,2,2026-06-29,Active
58737,3,2026-03-06,Active
50271,4,2026-06-17,Active
8189,5,2026-06-30,Active
42418,1,2026-04-24,Active
47765,2,2026-02-10,Active
20073,3,2026-04-06,Lapsed
59714,4,2025-12-26,Active
25874,5,2026-05-08,Complete
11005,1,2024-09-30,Active
11328,2,2023-11-08,Active
35277,3,2026-05-16,Active
32713,4,2026-06-22,Lapsed
4399,5,2026-03-16,Complete
53158,1,2026-03-04,Active
49535,2,2026-05-01,Complete
47245,3,2026-06-01,Active
15165,4,2026-06-18,Active
18194,5,2026-04-23,Active
18785,1,2026-06-13,Active
1028,2,2024-08-03,Active
51942,3,2026-05-31,Active
40491,4,2023-05-18,Complete
20625,5,2026-06-12,Active
41892,1,2025-10-06,Active
54921,2,2025-02-24,Active
11445,3,2026-04-19,Active
8769,4,2026-03-01,Complete
40952,5,2026-06-09,Complete
21743,1,2026-04-20,Active
28585,2,2026-05-31,Active
2457,3,2025-01-13,Active
59806,4,2025-08-10,Active
51058,5,2024-02-14,Active
24779,1,2025-06-27,Lapsed
26546,2,2024-07-02,Complete
37302,3,2026-06-04,Active
58628,4,2025-12-20,Active
26711,5,2024-03-10,Active
47603,1,2026-01-22,Active
4130,2,2026-01-25,Active
47384,3,2026-04-24,Active
17862,4,2026-06-28,Active
34224,5,2024-02-01,Active
28186,1,2026-01-09,Active
18494,2,2025-09-04,Lapsed
49281,3,2026-02-13,Active
12583,4,2026-03-29,Active
28650,5,2025-07-18,Active
19599,1,2025-04-15,Active
59636,2,2026-06-25,Active
13141,3,2026-06-03,Active
26183,4,2026-03-18,Active
31902,5,2025-12-27,Lapsed
8572,1,2025-03-08,Active
49488,2,2025-09-21,Complete
17278,3,2026-06-18,Active
19393,4,2026-05-11,Active
19705,5,2024-07-15,Active
27454,1,2025-12-07,Complete
32028,2,2026-05-31,Active
48761,3,2023-09-23,Active
43167,4,2022-05-11,Active
43618,5,2026-04-11,Lapsed
15363,1,2026-01-02,Lapsed
1234,2,2026-06-27,Complete
1736,3,2026-05-10,Complete
24239,4,2025-11-25,Active
31393,5,2025-08-09,Active
51219,1,2023-11-21,Active
8794,2,2025-09-17,Active
46590,3,2024-10-28,Active
41549,4,2026-06-29,Active
49852,5,2026-06-18,Active
122,1,2025-11-18,Lapsed
55865,2,2026-05-28,Complete
26803,3,2025-11-25,Active
9215,4,2026-06-17,Active
13426,5,2025-08-20,Active
22007,1,2026-03-06,Active
2408,2,2025-08-09,Active
31060,3,2026-06-19,Complete
4232,4,2025-04-17,Active
3693,5,2025-04-28,Lapsed
37553,1,2026-06-09,Active
2316,2,2026-03-23,Active
40620,3,2024-11-03,Active
29696,4,2026-06-22,Active
13229,5,2025-09-25,Active
8420,1,2024-10-16,Active
3336,2,2026-02-23,Lapsed
36982,3,2025-12-25,Active
29872,4,2025-11-16,Complete
19213,5,2026-05-19,Active
58545,1,2026-05-23,Active
52384,2,2025-04-30,Active
52772,3,2025-11-26,Active
55557,4,2025-03-05,Active
2329,5,2025-07-16,Active
23812,1,2025-11-26,Active
36359,2,2026-05-14,Active
46121,3,2026-06-06,Active
43775,4,2025-07-17,Active
42089,5,2024-09-24,Lapsed
50855,1,2025-12-06,Active
53832,2,2026-04-21,Complete
2208,3,2023-07-31,Complete
54271,4,2022-11-23,Complete
47994,5,2026-04-19,Active
39250,1,2025-07-23,Active
33591,2,2026-06-17,Active
32612,3,2021-11-28,Active
33982,4,2026-03-21,Active
3121,5,2026-06-24,Active
41954,1,2026-04-24,Lapsed
1838,2,2023-07-12,Active
14588,3,2026-04-23,Active
4376,4,2025-09-23,Active
3884,5,2025-11-26,Active
7035,1,2025-10-08,Active
58850,2,2025-03-02,Active
25003,3,2026-05-17,Active
34778,4,2026-02-27,Lapsed
8193,5,2025-07-20,Active
44019,1,2026-05-02,Active
56853,2,2025-06-10,Active
4840,3,2026-04-10,Active
54015,4,2025-12-06,Active
45634,5,2024-08-07,Active
55261,1,2026-05-30,Active
57139,2,2026-05-22,Active
37610,3,2026-05-21,Complete
30829,4,2026-03-01,Active
5478,5,2026-06-03,Active
39955,1,2025-12-09,Active
21926,2,2026-02-24,Active
49663,3,2023-07-30,Active
16663,4,2026-06-26,Active
34054,5,2026-06-30,Active
21004,1,2026-04-29,Active
39516,2,2026-01-09,Active
56847,3,2024-03-26,Active
40384,4,2026-06-22,Active
57392,5,2026-04-04,Complete
10659,1,2026-05-04,Complete
22633,2,2026-06-16,Active
46120,3,2026-06-01,Active
31301,4,2026-06-08,Lapsed
23283,5,2025-07-17,Complete
12627,1,2026-05-28,Active
7263,2,2025-04-06,Complete
40428,3,2025-01-08,Active
24200,4,2024-10-30,Active
18092,5,2026-06-22,Active
24038,1,2026-05-13,Lapsed
44787,2,2026-06-11,Active
25862,3,2023-10-17,Complete
53393,4,2026-06-05,Complete
40258,5,2025-03-03,Active
51997,1,2026-06-30,Active
31173,2,2026-06-24,Active
3036,3,2025-12-10,Complete
58117,4,2025-02-27,Active
48405,5,2026-02-16,Lapsed
34660,1,2026-06-23,Active
20901,2,2025-08-06,Active
53793,3,2023-08-14,Complete
21745,4,2025-08-07,Active
35515,5,2026-06-01,Active
21891,1,2025-03-16,Complete
15980,2,2025-07-23,Complete
51226,3,2025-05-13,Active
26690,4,2026-04-27,Active
25008,5,2024-11-11,Active
25835,1,2026-06-03,Lapsed
49940,2,2026-02-21,Lapsed
15157,3,2026-04-02,Complete
41543,4,2025-12-22,Active
12616,5,2023-03-24,Lapsed
43095,1,2025-11-03,Complete
1157,2,2025-06-02,Active
17733,3,2026-05-19,Active
11213,4,2026-03-12,Complete
10285,5,2025-11-15,Active
25658,1,2025-02-03,Complete
4365,2,2025-02-22,Active
53163,3,2023-03-19,Active
24386,4,2025-11-19,Lapsed
47452,5,2026-05-20,Active
22833,1,2022-05-16,Complete
42754,2,2024-10-23,Active
37560,3,2026-03-04,Active
4676,4,2026-05-02,Active
6854,5,2025-09-06,Active
55799,1,2025-01-05,Active
55458,2,2026-05-05,Active
39974,3,2026-05-12,Active
31422,4,2025-05-22,Active
26563,5,2026-06-29,Active
59808,1,2026-06-30,Active
51696,2,2026-06-24,Active
22591,3,2025-10-05,Complete
27776,4,2026-02-09,Complete
7697,5,2026-06-24,Active
3506,1,2023-03-09,Active
10062,2,2026-04-08,Complete
59428,3,2026-04-25,Complete
30932,4,2026-05-22,Lapsed
18255,5,2024-08-09,Active
44701,1,2025-12-23,Active
24734,2,2025-03-07,Active
51177,3,2026-06-18,Active
44504,4,2025-11-21,Complete
19632,5,2025-04-23,Complete
716,1,2026-05-24,Complete
41055,2,2025-02-22,Complete
10482,3,2026-03-06,Active
21500,4,2022-07-08,Active
31381,5,2025-05-09,Active
58910,1,2025-08-11,Complete
7436,2,2025-04-03,Active
26125,3,2026-06-01,Complete
20644,4,2025-04-19,Active
8812,5,2025-12-20,Complete
25161,1,2024-02-10,Active
5723,2,2026-03-12,Active
30222,3,2026-06-27,Active
1103,4,2026-05-08,Complete
9023,5,2026-03-13,Active
39791,1,2024-08-19,Complete
49440,2,2025-06-16,Active
17886,3,2026-02-21,Complete
3407,4,2025-10-10,Active
2168,5,2026-06-12,Active
27008,1,2022-10-15,Active
25756,2,2026-04-22,Lapsed
27150,3,2026-04-16,Active
47228,4,2026-01-10,Lapsed
9688,5,2025-12-27,Active
14134,1,2026-06-14,Complete
157,2,2026-05-21,Active
25848,3,2025-01-01,Active
24586,4,2026-06-20,Active
10323,5,2025-10-17,Lapsed
53007,1,2026-05-09,Active
48818,2,2021-12-30,Active
29066,3,2025-08-13,Active
57515,4,2026-06-12,Active
38240,5,2025-12-20,Active
58897,1,2025-09-18,Active
6644,2,2026-04-26,Active
35360,3,2025-08-09,Active
42406,4,2024-10-22,Active
41809,5,2026-06-29,Active
35065,1,2024-12-23,Active
2396,2,2026-04-28,Active
20254,3,2026-02-09,Active
59829,4,2026-05-19,Lapsed
10926,5,2024-02-12,Complete
45267,1,2024-08-23,Active
48947,2,2022-12-25,Complete
35420,3,2025-09-14,Active
10040,4,2026-02-26,Complete
21917,5,2024-01-26,Active
17998,1,2025-12-12,Active
30043,2,2024-07-27,Active
18763,3,2026-03-03,Active
6092,4,2026-05-12,Active
37105,5,2026-05-31,Active
48675,1,2025-11-12,Active
47513,2,2026-05-06,Active
15834,3,2025-12-05,Active
42917,4,2026-03-02,Active
1389,5,2025-09-01,Complete
1019,1,2025-07-25,Complete
38824,2,2023-07-06,Active
8720,3,2026-06-12,Active
11969,4,2023-12-22,Lapsed
7330,5,2026-03-15,Active
44881,1,2025-02-18,Active
25929,2,2023-09-13,Active
56994,3,2026-03-01,Active
36618,4,2026-03-01,Active
50521,5,2025-07-30,Active
364,1,2023-09-12,Active
18726,2,2025-12-05,Lapsed
12074,3,2025-10-17,Lapsed
47625,4,2026-05-09,Complete
25850,5,2026-04-13,Active
30347,1,2026-01-06,Active
7949,2,2024-11-21,Active
40532,3,2026-06-30,Active
30995,4,2025-03-17,Complete
21492,5,2026-04-24,Complete
7049,1,2024-04-03,Active
56044,2,2026-06-02,Active
8246,3,2026-04-17,Active
39325,4,2025-03-26,Active
33833,5,2026-06-25,Complete
55662,1,2024-07-06,Lapsed
30692,2,2026-03-09,Active
11782,3,2026-04-23,Active
27262,4,2026-06-28,Active
45,5,2025-04-28,Active
58194,1,2026-06-28,Active
18475,2,2025-12-29,Active
55044,3,2025-09-24,Complete
57277,4,2026-06-29,Active
52989,5,2024-01-23,Active
53900,1,2026-02-19,Complete
27439,2,2023-10-25,Lapsed
51469,3,2026-01-11,Complete
31176,4,2024-06-17,Complete
43361,5,2024-08-12,Active
53623,1,2025-07-06,Active
51196,2,2026-06-09,Active
19936,3,2026-06-07,Complete
47327,4,2025-09-15,Active
13281,5,2026-03-24,Active
2446,1,2025-10-09,Active
14348,2,2026-06-30,Active
42323,3,2026-06-25,Complete
59069,4,2024-11-16,Complete
50968,5,2023-11-30,Active
3136,1,2026-05-18,Active
23929,2,2026-02-07,Active
30363,3,2025-05-23,Lapsed
39040,4,2023-05-18,Active
28784,5,2026-06-14,Active
34039,1,2023-09-26,Active
55114,2,2026-04-10,Active
32487,3,2025-04-21,Active
2258,4,2025-12-26,Active
8539,5,2026-02-03,Complete
15704,1,2026-01-25,Lapsed
29408,2,2023-01-20,Active
42127,3,2024-07-30,Active
2880,4,2025-10-29,Active
55366,5,2026-06-15,Active
19959,1,2026-05-09,Complete
39762,2,2024-08-17,Active
51723,3,2025-11-24,Complete
31293,4,2026-06-20,Active
41531,5,2024-06-15,Active
29229,1,2025-07-26,Active
52375,2,2026-05-30,Lapsed
30766,3,2026-05-17,Active
44677,4,2026-05-30,Active
43729,5,2026-02-26,Lapsed
27440,1,2025-12-05,Complete
2073,2,2026-04-29,Active
52068,3,2026-01-26,Lapsed
39153,4,2024-12-31,Complete
17735,5,2025-02-02,Active
31062,1,2026-04-27,Complete
43296,2,2025-12-15,Lapsed
53571,3,2026-03-02,Active
22274,4,2026-03-04,Active
55939,5,2026-06-11,Complete
40078,1,2024-12-23,Active
21346,2,2026-06-23,Active
8554,3,2026-06-05,Active
53887,4,2024-12-21,Lapsed
56084,5,2025-12-28,Active
4783,1,2026-05-03,Active
8289,2,2024-08-31,Active
50106,3,2025-05-22,Active
50616,4,2024-01-29,Lapsed
18923,5,2026-05-11,Active
2739,1,2025-11-05,Active
506,2,2025-12-27,Active
2939,3,2026-03-30,Lapsed
22634,4,2026-06-21,Active
34009,5,2023-09-20,Active
47361,1,2025-08-18,Active
48957,2,2025-11-10,Active
1110,3,2024-06-16,Active
2219,4,2025-11-28,Active
35326,5,2026-05-27,Active
1228,1,2025-11-16,Complete
39624,2,2024-09-28,Complete
42704,3,2026-03-04,Complete
2771,4,2024-07-24,Complete
28274,5,2024-01-12,Active
23619,1,2025-04-14,Active
31456,2,2026-06-04,Active
24539,3,2026-01-03,Complete
55395,4,2024-11-25,Active
21839,5,2026-06-10,Active
8614,1,2026-02-08,Active
11631,2,2026-03-21,Active
20871,3,2025-09-05,Active
39535,4,2026-06-05,Active
12,5,2026-05-26,Lapsed
9610,1,2025-12-19,Active
38201,2,2025-01-16,Complete
43055,3,2026-05-13,Complete
45311,4,2026-05-26,Active
5367,5,2025-09-10,Complete
15096,1,2026-06-25,Active
19877,2,2025-05-05,Active
34173,3,2026-05-06,Active
43295,4,2025-03-19,Active
33805,5,2026-03-27,Active
2498,1,2025-11-10,Active
42077,2,2026-06-16,Active
50925,3,2024-06-14,Active
56515,4,2025-12-16,Complete
39044,5,2026-03-04,Active
56913,1,2025-01-05,Active
34864,2,2026-06-20,Active
18337,3,2026-06-30,Lapsed
34192,4,2024-06-02,Active
31416,5,2026-06-19,Active
3371,1,2022-05-16,Complete
16528,2,2026-05-06,Active
23330,3,2026-03-03,Active
53010,4,2026-01-28,Active
18901,5,2024-12-05,Active
42269,1,2026-05-29,Lapsed
45969,2,2026-05-17,Complete
49724,3,2022-08-15,Active
31928,4,2026-06-13,Complete
926,5,2025-12-28,Active
40889,1,2026-06-13,Active
19219,2,2026-06-20,Active
9934,3,2026-04-20,Complete
42114,4,2025-12-02,Active
26007,5,2025-10-24,Active
7647,1,2025-02-25,Active
11931,2,2025-07-14,Active
34273,3,2024-02-16,Active
21785,4,2026-04-28,Active
53768,5,2025-03-26,Complete
7455,1,2024-11-02,Active
5969,2,2025-01-22,Active
22387,3,2024-09-17,Active
2480,4,2026-06-28,Active
43047,5,2025-01-25,Active
59048,1,2025-08-06,Active
44755,2,2026-01-27,Complete
1275,3,2024-11-15,Active
4838,4,2026-06-27,Active
37201,5,2024-02-10,Active
45721,1,2026-06-22,Active
34170,2,2025-06-22,Active
8184,3,2023-11-05,Active
4864,4,2025-04-13,Active
52367,5,2025-04-02,Active
25037,1,2025-03-02,Active
29302,2,2026-06-30,Lapsed
45095,3,2025-12-10,Active
45484,4,2025-09-20,Active
2737,5,2026-06-30,Active
30265,1,2026-05-28,Lapsed
1697,2,2026-02-20,Active
6634,3,2023-02-03,Active
47243,4,2023-11-06,Lapsed
22583,5,2025-12-24,Active
39148,1,2025-07-26,Active
55864,2,2026-02-17,Active
31987,3,2025-04-11,Active
8488,4,2025-01-30,Active
33095,5,2025-10-14,Active
39991,1,2025-09-01,Active
41632,2,2026-03-02,Complete
12915,3,2025-05-23,Lapsed
49200,4,2025-07-06,Active
52827,5,2026-05-17,Complete
17704,1,2024-03-02,Complete
1767,2,2026-06-11,Complete
11833,3,2026-05-29,Complete
14150,4,2025-12-11,Active
18049,5,2026-06-10,Active
59569,1,2025-02-22,Active
43986,2,2026-05-09,Active
9003,3,2025-05-14,Active
56592,4,2025-06-28,Complete
43680,5,2026-04-16,Lapsed
8404,1,2026-04-16,Active
57964,2,2023-09-11,Active
21563,3,2025-12-25,Active
2010,4,2026-06-24,Active
7084,5,2024-07-05,Active
10821,1,2026-06-17,Active
19818,2,2025-07-05,Active
39332,3,2022-12-30,Active
3707,4,2026-02-26,Active
46972,5,2026-06-25,Complete
55329,1,2024-04-13,Active
40483,2,2025-03-26,Active
47067,3,2025-06-06,Active
348,4,2026-06-01,Active
18164,5,2026-02-16,Active
10200,1,2026-05-03,Active
22797,2,2026-06-21,Active
58330,3,2026-06-19,Active
50345,4,2026-06-21,Lapsed
15857,5,2025-06-14,Complete
17023,1,2026-01-18,Complete
11495,2,2026-06-01,Active
14795,3,2025-09-17,Active
25276,4,2025-11-01,Active
45891,5,2025-07-07,Active
47672,1,2026-03-11,Active
35630,2,2025-02-24,Active
37205,3,2026-05-12,Active
12941,4,2024-02-03,Active
12868,5,2026-06-29,Active
26108,1,2024-07-06,Lapsed
2769,2,2025-12-20,Complete
22368,3,2026-02-27,Active
25028,4,2025-09-06,Active
24338,5,2023-07-07,Active
46044,1,2026-05-27,Active
14594,2,2026-06-21,Active
43104,3,2026-04-28,Active
16628,4,2026-06-25,Active
37541,5,2026-06-17,Active
21886,1,2026-04-04,Active
29277,2,2026-05-13,Lapsed
46592,3,2026-02-21,Active
44893,4,2025-09-23,Active
56372,5,2025-05-27,Active
6057,1,2025-09-02,Active
10936,2,2023-12-30,Active
32958,3,2026-06-12,Complete
19090,4,2025-10-26,Complete
9635,5,2026-02-07,Active
59746,1,2024-05-30,Active
51748,2,2022-11-01,Active
33388,3,2026-06-11,Active
23077,4,2026-03-16,Active
54463,5,2025-11-03,Lapsed
3709,1,2026-04-28,Active
45858,2,2025-12-15,Active
26096,3,2025-07-18,Active
44226,4,2026-05-10,Active
19763,5,2023-04-30,Complete
10116,1,2025-06-05,Active
43585,2,2024-10-22,Lapsed
42291,3,2026-03-06,Active
55022,4,2026-06-15,Complete
33617,5,2026-06-05,Active
45751,1,2025-08-22,Lapsed
26561,2,2026-01-07,Active
40156,3,2025-11-11,Active
7494,4,2025-09-15,Active
34770,5,2023-01-21,Complete
12036,1,2025-12-23,Active
16801,2,2026-03-28,Active
5463,3,2026-01-20,Active
21101,4,2024-11-28,Active
43963,5,2026-03-11,Active
54663,1,2026-03-19,Active
57951,2,2026-01-29,Active
39339,3,2025-09-15,Active
21653,4,2023-08-30,Active
56392,5,2026-01-26,Active
37726,1,2023-10-19,Complete
47814,2,2026-05-16,Active
54026,3,2023-06-16,Complete
40119,4,2026-05-09,Active
54533,5,2026-02-18,Active
27194,1,2025-11-14,Active
21317,2,2024-04-16,Lapsed
18904,3,2026-01-06,Complete
21727,4,2026-05-31,Lapsed
22524,5,2023-11-07,Active
34939,1,2026-05-29,Active
2469,2,2023-03-24,Active
32047,3,2024-10-08,Active
35321,4,2026-01-30,Active
30195,5,2024-04-15,Active
23299,1,2025-07-22,Complete
14291,2,2026-05-21,Active
36929,3,2026-05-31,Complete
56839,4,2024-07-20,Lapsed
8052,5,2025-11-09,Complete
21614,1,2026-02-28,Active
51682,2,2026-02-24,Active
8860,3,2024-08-09,Active
42591,4,2026-03-31,Active
13733,5,2025-11-03,Active
59753,1,2025-11-11,Complete
10682,2,2026-02-18,Complete
19073,3,2026-03-30,Lapsed
30936,4,2023-03-20,Active
1846,5,2026-04-16,Active
23601,1,2025-03-10,Active
56317,2,2025-01-18,Active
6274,3,2026-06-03,Active
9652,4,2025-09-04,Active
45196,5,2026-02-03,Active
31702,1,2026-03-09,Complete
44007,2,2026-06-19,Active
19968,3,2023-11-27,Active
32503,4,2024-07-12,Complete
2043,5,2026-01-12,Complete
44526,1,2026-05-06,Active
42891,2,2025-07-10,Active
23401,3,2025-11-26,Complete
31133,4,2026-05-05,Active
50172,5,2025-10-08,Active
24142,1,2026-02-06,Active
29842,2,2026-02-07,Active
58403,3,2026-03-02,Active
18831,4,2026-06-08,Complete
52970,5,2024-07-24,Active
3331,1,2025-10-14,Active
15733,2,2025-10-09,Active
21923,3,2026-01-26,Active
56835,4,2026-06-12,Complete
14296,5,2024-05-23,Active
31189,1,2026-06-10,Lapsed
41244,2,2024-08-15,Active
59249,3,2026-06-23,Active
10120,4,2026-02-24,Active
34035,5,2024-05-26,Active
10849,1,2025-05-06,Lapsed
4790,2,2025-05-03,Active
49511,3,2024-07-17,Active
29860,4,2026-02-14,Active
14000,5,2026-01-13,Active
34633,1,2025-04-07,Active
47444,2,2024-06-13,Complete
57026,3,2026-06-22,Lapsed
7474,4,2026-06-30,Complete
13284,5,2025-07-05,Complete
2764,1,2024-02-02,Active
37155,2,2025-12-08,Active
20327,3,2026-05-04,Lapsed
42233,4,2026-04-22,Active
15172,5,2025-12-14,Active
24496,1,2026-04-26,Active
47200,2,2026-01-27,Active
22903,3,2026-06-21,Active
1821,4,2026-03-16,Active
45822,5,2025-09-16,Active
40724,1,2026-05-27,Complete
10984,2,2024-07-21,Active
11612,3,2026-05-18,Lapsed
55134,4,2026-06-07,Lapsed
17135,5,2024-11-14,Active
16396,1,2025-02-09,Active
5310,2,2025-02-11,Active
25873,3,2026-06-25,Active
49745,4,2025-06-09,Lapsed
4333,5,2026-06-08,Active
56743,1,2026-03-26,Active
45606,2,2025-07-30,Complete
1356,3,2024-04-18,Lapsed
32477,4,2025-10-20,Complete
41635,5,2026-04-12,Active
29671,1,2026-05-12,Complete
6464,2,2026-06-09,Active
11638,3,2026-02-27,Complete
7323,4,2026-04-02,Active
33235,5,2025-12-27,Active
33378,1,2026-04-01,Active
7007,2,2026-06-01,Active
11472,3,2024-04-03,Active
51418,4,2026-06-25,Active
3605,5,2024-08-17,Lapsed
20635,1,2025-08-03,Active
3657,2,2026-03-19,Active
2448,3,2026-03-26,Active
50546,4,2025-06-28,Active
55504,5,2026-06-29,Lapsed
51389,1,2023-02-14,Active
54966,2,2022-10-02,Complete
24443,3,2025-12-04,Complete
14901,4,2025-01-31,Active
33460,5,2026-06-28,Active
15183,1,2026-06-28,Active
14472,2,2022-10-28,Active
54430,3,2025-04-12,Active
5179,4,2026-04-13,Complete
48721,5,2025-05-13,Complete
14748,1,2025-05-29,Active
38528,2,2026-06-15,Complete
57504,3,2026-02-12,Complete
18716,4,2026-01-09,Active
45847,5,2026-06-29,Active
53629,1,2025-02-09,Complete
49522,2,2025-11-29,Active
45862,3,2025-09-16,Active
39978,4,2026-03-16,Active
18747,5,2023-08-11,Active
23288,1,2025-03-18,Active
58688,2,2026-06-29,Active
26615,3,2026-01-09,Complete
25429,4,2025-09-13,Active
21762,5,2025-06-24,Active
24149,1,2025-07-20,Active
15817,2,2026-06-21,Active
25613,3,2025-03-22,Complete
38249,4,2025-11-01,Active
15694,5,2026-02-14,Active
9714,1,2023-09-26,Active
12820,2,2024-08-21,Active
57700,3,2025-11-20,Active
46827,4,2025-07-02,Complete
23685,5,2025-03-06,Lapsed
57517,1,2026-06-04,Active
24525,2,2023-04-01,Active
13273,3,2023-07-14,Active
47206,4,2025-06-13,Complete
31842,5,2026-04-14,Active
10908,1,2026-03-10,Complete
56304,2,2023-08-05,Active
29110,3,2026-06-21,Active
24811,4,2025-05-04,Complete
54304,5,2024-12-19,Active
48381,1,2026-06-03,Active
41903,2,2026-05-31,Complete
7997,3,2026-06-05,Active
46404,4,2026-02-16,Active
49959,5,2025-10-25,Active
29425,1,2026-04-20,Active
59004,2,2026-05-10,Active
54102,3,2026-04-19,Active
27054,4,2025-08-02,Lapsed
137,5,2026-05-10,Active
39017,1,2025-04-11,Lapsed
43489,2,2026-05-28,Active
58093,3,2025-02-14,Complete
32139,4,2025-11-30,Complete
2229,5,2026-03-30,Lapsed
45082,1,2024-12-22,Active
15796,2,2025-05-27,Active
44044,3,2026-04-17,Active
2402,4,2026-06-18,Lapsed
30100,5,2024-02-15,Active
42147,1,2025-05-03,Active
6573,2,2024-07-13,Complete
10715,3,2026-02-16,Complete
8444,4,2026-02-02,Active
6211,5,2026-04-15,Complete
32990,1,2026-01-09,Active
6766,2,2026-05-29,Active
4906,3,2026-03-24,Complete
21522,4,2023-10-22,Active
32167,5,2026-06-19,Active
41327,1,2025-06-13,Complete
7954,2,2023-12-01,Active
12633,3,2025-11-30,Active
47376,4,2024-08-03,Lapsed
24958,5,2025-10-23,Active
52654,1,2025-04-16,Complete
29287,2,2025-03-21,Active
23745,3,2026-06-18,Active
55744,4,2026-03-23,Active
57251,5,2026-04-27,Complete
14459,1,2026-06-30,Active
58511,2,2026-06-19,Active
27551,3,2026-06-07,Active
9799,4,2026-05-24,Complete
12681,5,2026-03-24,Active
46081,1,2025-11-17,Active
17725,2,2022-10-04,Lapsed
56912,3,2026-06-22,Active
32308,4,2026-06-26,Active
6167,5,2026-03-17,Active
34238,1,2025-03-08,Active
28371,2,2026-06-30,Complete
29762,3,2025-02-11,Complete
4296,4,2026-01-11,Active
20077,5,2026-04-30,Active
33645,1,2025-11-01,Active
26282,2,2024-08-26,Active
4302,3,2023-08-30,Lapsed
57078,4,2026-06-24,Active
41964,5,2026-06-30,Active
11889,1,2024-05-05,Active
28309,2,2026-06-21,Active
39808,3,2026-06-30,Active
54743,4,2024-07-06,Complete
44300,5,2025-03-20,Lapsed
47300,1,2026-03-06,Active
155,2,2023-02-22,Active
49251,3,2026-06-12,Active
40569,4,2026-03-31,Complete
11619,5,2026-06-17,Active
28148,1,2025-12-04,Active
52253,2,2026-04-17,Active
24379,3,2026-04-10,Complete
159,4,2024-07-12,Active
46418,5,2026-05-14,Active
38148,1,2025-07-06,Complete
30162,2,2024-01-16,Complete
27021,3,2026-02-14,Active
23701,4,2025-06-04,Active
40887,5,2026-05-02,Active
34650,1,2026-04-24,Active
23843,2,2026-03-19,Active
50441,3,2026-06-21,Active
9569,4,2026-04-08,Active
58253,5,2025-12-06,Active
12218,1,2025-05-19,Active
57211,2,2026-06-28,Active
14842,3,2025-11-16,Active
27916,4,2026-04-02,Active
57297,5,2026-06-17,Complete
20790,1,2025-12-14,Complete
13193,2,2023-06-26,Active
21742,3,2023-08-09,Active
32580,4,2025-08-27,Complete
43670,5,2026-02-22,Active
27636,1,2026-06-25,Active
44850,2,2026-06-24,Active
50842,3,2025-10-31,Active
47135,4,2025-11-21,Active
4544,5,2026-01-01,Active
19832,1,2026-06-28,Complete
44285,2,2025-12-20,Active
14034,3,2023-06-21,Complete
52133,4,2024-05-03,Active
30240,5,2024-10-20,Active
57614,1,2023-12-27,Active
9738,2,2025-12-14,Active
48022,3,2026-06-03,Active
22112,4,2026-06-13,Complete
53040,5,2025-10-15,Active
36740,1,2026-06-26,Active
50373,2,2024-11-11,Active
9419,3,2024-03-02,Active
54838,4,2025-08-31,Active
37421,5,2026-04-24,Active
56861,1,2023-08-17,Active
44101,2,2025-06-03,Active
42235,3,2026-06-18,Active
15618,4,2025-12-11,Complete
28960,5,2024-10-11,Active
120,1,2025-05-27,Active
18809,2,2026-05-31,Active
11235,3,2026-06-21,Lapsed
21921,4,2025-11-05,Active
24660,5,2026-06-26,Active
36299,1,2024-05-29,Active
42927,2,2026-06-20,Active
1534,3,2025-12-31,Lapsed
19263,4,2026-06-19,Active
2649,5,2026-02-22,Active
26963,1,2026-06-16,Active
27962,2,2025-10-23,Active
7038,3,2026-05-20,Complete
42875,4,2026-07-01,Active
32064,5,2026-06-06,Active
327,1,2026-05-26,Active
18707,2,2024-04-22,Active
38228,3,2025-02-18,Complete
18775,4,2025-02-07,Active
11317,5,2026-06-20,Active
23495,1,2026-06-19,Active
39323,2,2025-05-30,Lapsed
39658,3,2026-06-14,Active
22652,4,2026-02-03,Active
57880,5,2022-09-21,Active
24746,1,2025-07-10,Lapsed
19250,2,2026-03-20,Active
32242,3,2025-08-16,Complete
37248,4,2024-05-11,Active
27470,5,2026-06-12,Active
57303,1,2023-12-30,Active
6631,2,2025-11-11,Active
58748,3,2026-05-27,Active
20257,4,2026-05-24,Active
55990,5,2024-05-27,Complete
39063,1,2024-09-04,Complete
34417,2,2023-10-13,Active
3990,3,2026-03-29,Active
20903,4,2026-05-05,Active
3772,5,2026-05-31,Active
4889,1,2024-07-30,Active
22608,2,2024-05-06,Active
17074,3,2026-03-24,Active
57979,4,2024-04-04,Active
24702,5,2025-10-26,Active
58996,1,2026-05-22,Complete
54197,2,2024-07-20,Active
19555,3,2024-09-30,Active
43868,4,2026-06-27,Active
17217,5,2026-01-03,Active
40201,1,2024-06-10,Active
49794,2,2025-07-16,Complete
30992,3,2024-12-12,Active
27677,4,2024-08-23,Active
19939,5,2026-04-01,Active
8577,1,2026-06-05,Active
51423,2,2026-06-20,Complete
9792,3,2026-06-03,Active
31929,4,2025-01-16,Active
37395,5,2024-06-21,Active
50112,1,2026-03-01,Active
24362,2,2026-04-22,Active
19637,3,2024-04-02,Active
686,4,2026-05-12,Active
11690,5,2022-05-29,Active
25065,1,2026-04-02,Active
13014,2,2026-04-25,Lapsed
41093,3,2026-06-09,Active
4846,4,2023-01-26,Active
6825,5,2026-04-16,Active
6883,1,2026-03-31,Active
35635,2,2024-09-24,Lapsed
53395,3,2026-04-29,Active
6292,4,2026-06-24,Active
22498,5,2026-04-30,Complete
58983,1,2026-06-25,Active
59262,2,2025-08-24,Lapsed
9742,3,2023-12-06,Active
2865,4,2025-09-14,Active
39023,5,2025-10-30,Active
45501,1,2026-04-14,Lapsed
35933,2,2025-09-14,Active
42285,3,2026-03-17,Active
22950,4,2024-11-09,Lapsed
33922,5,2025-11-26,Active
10029,1,2025-07-14,Active
2137,2,2026-07-01,Complete
42872,3,2026-02-02,Lapsed
10251,4,2026-04-25,Active
13662,5,2026-02-21,Lapsed
50340,1,2026-03-19,Active
53760,2,2025-12-20,Active
56294,3,2025-12-18,Active
35889,4,2025-01-29,Active
19846,5,2026-05-13,Active
59598,1,2026-06-28,Active
22915,2,2025-05-16,Active
27360,3,2026-06-25,Lapsed
54468,4,2026-05-24,Lapsed
19418,5,2025-02-10,Active
56500,1,2025-08-22,Active
20563,2,2026-06-27,Complete
2364,3,2026-06-28,Lapsed
44780,4,2026-02-10,Lapsed
39167,5,2025-08-20,Complete
38238,1,2025-06-16,Complete
34882,2,2026-02-20,Active
31676,3,2025-04-29,Complete
36466,4,2025-09-14,Complete
3808,5,2025-09-08,Active
10177,1,2026-06-19,Active
41124,2,2026-04-29,Active
45756,3,2026-05-25,Active
13732,4,2024-01-29,Active
13459,5,2026-06-10,Lapsed
51882,1,2024-03-13,Active
2214,2,2026-05-31,Lapsed
4855,3,2026-03-23,Active
32828,4,2026-02-15,Complete
38442,5,2026-06-30,Active
9024,1,2026-06-10,Active
8101,2,2026-05-13,Active
33865,3,2025-11-06,Complete
57899,4,2026-01-30,Complete
28482,5,2026-06-24,Lapsed
39480,1,2026-05-27,Active
15931,2,2026-06-02,Active
49490,3,2026-05-31,Active
30702,4,2026-04-25,Lapsed
50226,5,2026-06-01,Active
53356,1,2026-06-26,Active
18572,2,2026-01-06,Active
12181,3,2026-03-18,Complete
53405,4,2026-02-21,Complete
11283,5,2026-04-08,Active
36170,1,2024-04-04,Active
12827,2,2026-03-26,Active
47540,3,2026-06-08,Active
13759,4,2026-05-02,Active
39417,5,2025-12-27,Complete
23035,1,2026-02-13,Active
37345,2,2026-01-05,Active
38710,3,2026-03-22,Active
34539,4,2026-06-18,Active
19578,5,2025-07-09,Complete
23043,1,2026-06-04,Active
27685,2,2025-01-22,Active
16226,3,2025-12-07,Complete
46599,4,2024-10-25,Active
11595,5,2025-12-09,Lapsed
45991,1,2025-12-09,Active
53697,2,2026-06-09,Lapsed
48624,3,2026-03-25,Active
16709,4,2025-08-15,Active
54096,5,2026-05-06,Active
47151,1,2023-07-11,Active
30771,2,2025-12-29,Active
44394,3,2026-05-15,Active
39266,4,2026-06-02,Active
4457,5,2026-05-20,Active
38514,1,2026-06-16,Active
46862,2,2025-10-15,Active
32285,3,2026-01-26,Active
5404,4,2023-04-14,Active
20844,5,2025-09-09,Active
28855,1,2026-03-31,Active
29432,2,2025-06-25,Active
15915,3,2026-01-25,Lapsed
7946,4,2024-12-02,Active
59817,5,2025-08-21,Lapsed
21179,1,2026-01-11,Complete
53761,2,2025-02-25,Active
1481,3,2026-04-19,Complete
30103,4,2024-10-11,Complete
38048,5,2025-12-03,Complete
12367,1,2025-07-12,Active
16564,2,2026-03-03,Active
39659,3,2025-04-22,Active
53135,4,2022-02-24,Active
57423,5,2026-06-23,Active
43814,1,2025-12-27,Active
28727,2,2025-07-04,Active
8792,3,2024-02-06,Active
55913,4,2026-04-08,Active
58449,5,2026-05-17,Complete
51746,1,2025-06-21,Active
36020,2,2026-06-08,Active
35704,3,2026-05-04,Active
17034,4,2026-02-05,Active
19603,5,2026-01-16,Lapsed
43398,1,2026-06-21,Active
46485,2,2026-03-23,Active
27247,3,2026-05-18,Active
48435,4,2026-05-08,Active
31817,5,2025-05-05,Complete
15476,1,2026-06-06,Active
15228,2,2026-03-28,Active
5974,3,2025-09-19,Active
40366,4,2025-10-25,Active
57168,5,2025-09-06,Active
11705,1,2026-04-22,Active
52866,2,2026-06-23,Complete
46146,3,2026-06-24,Lapsed
2296,4,2026-05-14,Active
55408,5,2024-11-09,Active
12243,1,2025-01-16,Complete
7054,2,2026-06-15,Active
53023,3,2026-06-02,Active
45846,4,2026-01-20,Active
21314,5,2023-06-07,Complete
59968,1,2024-07-03,Active
54344,2,2026-04-27,Active
4843,3,2025-10-06,Active
39259,4,2026-05-12,Active
30904,5,2024-10-10,Active
7046,1,2024-08-11,Active
23225,2,2026-05-21,Complete
10938,3,2025-12-12,Active
50804,4,2025-12-12,Complete
57995,5,2025-08-24,Active
46272,1,2026-03-02,Active
56205,2,2026-06-21,Active
5963,3,2025-12-21,Active
56109,4,2026-01-06,Active
23239,5,2025-11-28,Active
9858,1,2026-05-31,Complete
25251,2,2025-06-16,Active
38097,3,2024-09-13,Lapsed
58904,4,2025-10-23,Complete
26827,5,2026-01-13,Active
31701,1,2026-06-09,Complete
38209,2,2026-06-18,Complete
32407,3,2025-11-19,Lapsed
10080,4,2025-05-04,Active
26735,5,2026-06-05,Active
891,1,2026-05-27,Active
39902,2,2025-09-17,Active
1225,3,2026-06-27,Active
44829,4,2025-10-25,Active
31727,5,2026-03-05,Active
34597,1,2026-04-30,Active
39479,2,2024-08-29,Active
36846,3,2026-05-16,Lapsed
37339,4,2024-12-24,Lapsed
58004,5,2026-05-03,Complete
27738,1,2024-11-19,Complete
31638,2,2026-03-13,Active
54650,3,2025-12-05,Complete
27536,4,2025-09-03,Lapsed
18624,5,2025-01-19,Active
44811,1,2025-10-03,Active
39441,2,2024-08-21,Complete
22244,3,2026-05-02,Complete
58785,4,2023-08-07,Active
32905,5,2026-06-26,Active
23716,1,2026-05-19,Complete
48043,2,2026-05-14,Active
20581,3,2026-03-14,Complete
13243,4,2025-11-11,Active
49590,5,2025-12-02,Active
14975,1,2026-05-23,Active
45065,2,2025-11-20,Complete
16090,3,2026-01-10,Complete
44009,4,2026-04-22,Active
50142,5,2026-05-26,Complete
2779,1,2026-02-14,Lapsed
51858,2,2026-06-22,Active
54996,3,2024-09-27,Complete
36316,4,2026-03-29,Active
57973,5,2026-02-20,Active
55166,1,2025-07-30,Active
43011,2,2025-05-15,Active
41567,3,2026-06-26,Lapsed
11543,4,2025-12-18,Complete
25277,5,2026-06-30,Active
4868,1,2024-01-15,Active
38460,2,2024-03-15,Active
26149,3,2024-08-31,Active
32591,4,2025-02-26,Active
10816,5,2026-04-03,Active
39800,1,2026-06-30,Active
38929,2,2026-06-30,Active
666,3,2026-04-09,Active
9411,4,2025-06-10,Active
55221,5,2026-02-13,Lapsed
39544,1,2026-05-18,Active
54082,2,2026-06-17,Complete
56822,3,2025-11-12,Active
45917,4,2025-06-23,Complete
39745,5,2026-06-03,Active
30031,1,2025-11-12,Complete
42281,2,2024-09-09,Lapsed
22523,3,2025-07-13,Active
7656,4,2022-05-31,Active
7479,5,2025-08-02,Active
4533,1,2026-05-14,Active
5777,2,2025-09-03,Active
58126,3,2025-10-25,Active
32871,4,2026-06-30,Active
42756,5,2026-03-09,Active
47721,1,2025-06-16,Active
53214,2,2026-03-01,Lapsed
15634,3,2026-05-25,Active
8671,4,2023-11-27,Active
40287,5,2024-06-09,Complete
56911,1,2026-06-29,Active
31144,2,2026-04-01,Complete
16058,3,2025-05-31,Lapsed
35340,4,2026-06-22,Complete
11053,5,2026-06-22,Active
17958,1,2026-04-14,Active
33056,2,2025-01-06,Active
57608,3,2025-12-05,Lapsed
396,4,2026-05-24,Active
22555,5,2026-06-02,Active
33962,1,2026-04-25,Active
8299,2,2026-06-28,Active
51889,3,2026-05-09,Active
39748,4,2024-12-14,Lapsed
18943,5,2023-01-09,Lapsed
18341,1,2022-11-07,Active
39976,2,2024-07-01,Lapsed
57439,3,2025-12-27,Active
39631,4,2026-06-17,Active
49266,5,2025-11-23,Complete
48168,1,2024-02-02,Active
41168,2,2025-09-05,Active
53014,3,2026-06-17,Active
3575,4,2026-02-04,Complete
29935,5,2026-04-10,Complete
37251,1,2025-11-22,Active
28778,2,2024-07-30,Active
23774,3,2026-05-14,Active
53514,4,2025-10-05,Complete
19397,5,2025-08-27,Active
58882,1,2025-06-20,Active
43727,2,2026-04-16,Active
16668,3,2025-03-26,Active
45140,4,2026-06-17,Active
34986,5,2025-06-10,Complete
40590,1,2026-06-10,Active
30970,2,2025-11-11,Active
49185,3,2023-11-20,Lapsed
58965,4,2026-04-20,Active
27889,5,2026-05-07,Active
49677,1,2026-02-03,Active
14292,2,2025-12-06,Active
2094,3,2026-06-02,Active
8430,4,2025-11-19,Active
1981,5,2026-02-04,Complete
32538,1,2025-12-09,Active
53197,2,2026-04-19,Active
18271,3,2024-11-18,Active
18300,4,2025-12-19,Active
48351,5,2026-06-23,Active
23378,1,2026-03-17,Active
44581,2,2026-03-04,Active
37240,3,2025-10-14,Active
57625,4,2026-04-24,Complete
22872,5,2026-04-27,Active
15913,1,2025-08-07,Active
1721,2,2025-04-15,Complete
49851,3,2026-03-27,Active
42786,4,2026-02-11,Active
54347,5,2023-07-25,Active
53594,1,2024-09-23,Active
44553,2,2025-12-30,Active
51121,3,2025-12-07,Active
41080,4,2026-04-18,Active
7761,5,2026-06-10,Complete
38394,1,2026-02-18,Lapsed
4400,2,2026-06-11,Complete
16151,3,2026-03-15,Active
12714,4,2023-07-18,Active
31233,5,2026-05-29,Complete
14170,1,2026-05-05,Complete
30891,2,2022-11-07,Lapsed
56058,3,2024-09-17,Active
8034,4,2025-12-21,Active
24931,5,2024-07-27,Active
30684,1,2023-01-22,Complete
41379,2,2024-07-10,Active
13495,3,2026-01-30,Active
28292,4,2026-06-12,Active
1292,5,2026-05-17,Active
20396,1,2026-06-20,Active
27516,2,2025-01-05,Active
59263,3,2025-05-02,Complete
47330,4,2025-11-23,Lapsed
31277,5,2025-12-17,Complete
28614,1,2024-07-07,Active
34826,2,2025-05-27,Complete
43287,3,2026-06-22,Active
19323,4,2026-06-25,Complete
41225,5,2022-04-30,Active
18433,1,2025-02-27,Active
22551,2,2025-06-16,Active
13751,3,2025-09-25,Active
49565,4,2026-05-07,Active
28116,5,2024-07-21,Active
6642,1,2025-05-24,Complete
26033,2,2026-04-07,Lapsed
50179,3,2026-05-05,Active
2355,4,2026-03-04,Active
20102,5,2025-12-25,Lapsed
14731,1,2023-05-07,Active
53380,2,2026-04-28,Active
54717,3,2023-09-06,Active
30396,4,2026-01-13,Active
56772,5,2026-05-27,Complete
37114,1,2024-04-30,Active
18216,2,2023-04-12,Active
36760,3,2025-07-05,Lapsed
43619,4,2026-05-26,Active
53551,5,2026-04-15,Active
32734,1,2026-03-12,Complete
57688,2,2024-04-08,Active
32425,3,2026-02-27,Active
38766,4,2026-03-04,Complete
2156,5,2023-12-31,Active
26907,1,2025-04-09,Active
32080,2,2024-10-24,Active
23732,3,2026-05-23,Active
36538,4,2024-03-07,Active
20060,5,2024-04-09,Active
16437,1,2023-08-02,Active
23261,2,2025-11-30,Active
23170,3,2026-04-25,Active
50337,4,2026-06-28,Lapsed
15543,5,2026-05-28,Active
48362,1,2026-01-02,Complete
40677,2,2024-12-06,Active
27564,3,2026-03-01,Complete
3249,4,2026-02-25,Active
16560,5,2026-02-25,Complete
38961,1,2022-07-10,Active
32884,2,2025-09-23,Complete
33977,3,2026-02-05,Active
39335,4,2026-06-26,Active
3781,5,2025-02-25,Active
996,1,2025-10-16,Active
26415,2,2025-07-28,Lapsed
48453,3,2026-06-17,Complete
56237,4,2026-06-11,Lapsed
906,5,2025-07-25,Active
30737,1,2025-01-30,Active
5602,2,2025-10-02,Active
42537,3,2025-08-04,Active
26572,4,2026-01-31,Lapsed
43463,5,2026-06-25,Complete
14067,1,2026-03-03,Complete
15052,2,2026-06-10,Complete
28559,3,2025-04-08,Active
24766,4,2025-12-30,Complete
30177,5,2024-08-30,Active
17462,1,2026-06-29,Active
14992,2,2024-07-07,Active
19857,3,2022-12-07,Active
34671,4,2026-06-09,Complete
38598,5,2025-10-14,Complete
30856,1,2026-06-02,Active
18644,2,2025-07-08,Lapsed
42777,3,2026-03-22,Active
14974,4,2026-05-17,Complete
19338,5,2026-03-29,Active
49520,1,2025-09-16,Lapsed
39410,2,2026-05-22,Complete
579,3,2024-12-07,Active
26760,4,2026-06-12,Active
14116,5,2026-05-03,Active
4847,1,2026-01-18,Active
4347,2,2025-12-30,Active
36771,3,2025-03-09,Active
20961,4,2024-12-02,Active
17440,5,2025-11-30,Lapsed
32554,1,2024-07-24,Active
6202,2,2025-06-27,Active
1542,3,2026-03-16,Lapsed
25549,4,2024-07-24,Lapsed
1925,5,2024-10-20,Complete
37177,1,2024-12-25,Active
24426,2,2025-12-04,Active
6363,3,2026-01-31,Active
34131,4,2025-03-11,Active
34689,5,2026-04-18,Lapsed
1479,1,2026-03-16,Active
30791,2,2024-09-08,Complete
39565,3,2024-10-28,Active
38666,4,2025-06-10,Lapsed
18887,5,2025-06-02,Active
44020,1,2025-11-28,Active
18425,2,2025-05-15,Active
2267,3,2024-12-08,Active
34748,4,2026-06-28,Active
50994,5,2026-06-10,Active
13096,1,2025-06-05,Lapsed
55154,2,2024-10-21,Active
25715,3,2025-10-23,Active
51384,4,2025-04-28,Active
2625,5,2026-06-20,Lapsed
10144,1,2025-08-30,Active
45219,2,2026-06-17,Lapsed
8866,3,2026-02-27,Complete
740,4,2026-05-11,Active
39557,5,2023-10-10,Active
56110,1,2025-11-11,Complete
12623,2,2026-05-01,Active
5250,3,2026-04-11,Complete
24479,4,2025-06-30,Active
29800,5,2026-03-31,Complete
3745,1,2025-07-16,Lapsed
32602,2,2026-05-31,Complete
1939,3,2023-08-19,Complete
40794,4,2026-06-13,Active
21520,5,2024-08-03,Lapsed
51725,1,2024-09-19,Active
35685,2,2024-11-11,Lapsed
7707,3,2026-05-13,Complete
42941,4,2025-06-02,Active
51289,5,2024-06-03,Active
36540,1,2026-06-22,Active
45304,2,2023-07-22,Lapsed
30407,3,2025-09-14,Active
7018,4,2025-09-27,Active
47716,5,2026-06-08,Complete
48383,1,2025-06-20,Active
47573,2,2026-06-26,Active
49542,3,2024-06-10,Active
39453,4,2026-06-28,Active
34696,5,2026-04-01,Active
41191,1,2023-04-16,Active
22898,2,2026-06-17,Active
15260,3,2026-06-25,Active
25189,4,2026-06-26,Active
108,5,2026-01-12,Active
27438,1,2025-02-23,Complete
26634,2,2023-07-30,Complete
11579,3,2026-02-11,Active
24334,4,2026-03-21,Complete
34361,5,2026-06-03,Complete
42947,1,2023-10-11,Active
36069,2,2025-06-26,Complete
2199,3,2026-06-29,Active
16237,4,2026-06-20,Active
40448,5,2026-06-11,Active
50202,1,2024-11-06,Complete
7431,2,2025-03-02,Active
24271,3,2024-09-06,Complete
26231,4,2023-01-22,Active
30699,5,2026-06-18,Active
16902,1,2026-05-28,Active
29288,2,2026-07-01,Active
52513,3,2026-01-23,Active
31673,4,2025-04-04,Active
40864,5,2024-08-22,Active
26822,1,2026-03-08,Active
51808,2,2026-03-08,Active
35210,3,2026-04-20,Active
30515,4,2026-01-28,Active
34499,5,2025-03-10,Complete
23284,1,2025-12-14,Active
58903,2,2026-06-17,Active
30864,3,2025-03-02,Active
36621,4,2026-04-16,Active
29107,5,2025-12-08,Complete
36443,1,2026-01-16,Complete
47890,2,2026-05-21,Active
58069,3,2026-06-28,Active
21698,4,2025-07-18,Active
7032,5,2026-04-22,Active
9866,1,2026-02-20,Active
34073,2,2026-06-27,Active
55353,3,2026-05-10,Active
3674,4,2025-12-28,Active
39765,5,2026-03-24,Active
9042,1,2024-12-14,Active
19713,2,2026-06-28,Active
14052,3,2024-08-28,Lapsed
29765,4,2026-04-24,Complete
51605,5,2025-06-28,Complete
51936,1,2026-06-29,Active
27894,2,2026-06-27,Complete
11752,3,2025-05-14,Active
38191,4,2026-05-27,Active
58405,5,2026-06-23,Active
33667,1,2026-06-08,Active
33154,2,2026-06-16,Lapsed
50648,3,2025-02-01,Active
54054,4,2026-06-26,Active
49350,5,2025-10-13,Active
1014,1,2024-03-22,Active
26814,2,2026-03-04,Active
50467,3,2023-01-05,Active
50121,4,2025-01-09,Active
54776,5,2026-06-21,Active
52952,1,2025-04-09,Complete
21554,2,2026-05-27,Active
9577,3,2026-06-28,Active
21693,4,2026-06-29,Active
25209,5,2026-01-13,Lapsed
16764,1,2026-06-27,Lapsed
13145,2,2026-06-14,Active
135,3,2025-08-02,Active
23555,4,2026-01-09,Active
748,5,2025-05-10,Active
33748,1,2026-05-03,Active
9212,2,2026-05-31,Active
34268,3,2026-04-24,Active
54860,4,2025-09-11,Active
40518,5,2026-02-12,Lapsed
49331,1,2025-12-15,Active
56547,2,2025-11-24,Active
45605,3,2026-06-03,Lapsed
31356,4,2024-10-07,Complete
50192,5,2025-10-24,Active
15272,1,2026-06-08,Active
18136,2,2026-03-19,Active
22605,3,2026-01-11,Active
16343,4,2026-06-03,Active
45551,5,2024-04-09,Complete
31276,1,2025-11-07,Active
3922,2,2026-04-28,Complete
53636,3,2025-12-29,Complete
36716,4,2026-04-25,Complete
46530,5,2026-06-16,Active
31917,1,2026-05-28,Active
39247,2,2025-04-24,Active
6917,3,2026-06-09,Active
8333,4,2025-09-01,Complete
18931,5,2025-05-02,Complete
1363,1,2023-09-07,Active
10966,2,2021-10-03,Lapsed
38654,3,2026-06-03,Active
11305,4,2024-08-25,Complete
33578,5,2025-12-27,Active
47638,1,2025-12-21,Active
57290,2,2026-02-12,Complete
35238,3,2025-12-21,Active
58672,4,2024-12-02,Active
37403,5,2026-04-20,Active
54549,1,2025-05-20,Active
54823,2,2025-10-26,Lapsed
16293,3,2026-02-14,Complete
51279,4,2025-09-17,Active
15525,5,2025-11-19,Active
56097,1,2024-05-05,Active
54193,2,2024-05-20,Active
59991,3,2024-09-15,Active
27018,4,2026-03-15,Active
21618,5,2026-06-11,Complete
8324,1,2026-04-21,Active
50605,2,2026-06-23,Active
20865,3,2025-10-02,Active
57954,4,2025-06-20,Complete
17158,5,2026-07-01,Active
8711,1,2026-01-20,Active
546,2,2024-08-28,Active
43764,3,2026-06-03,Active
5844,4,2026-01-29,Active
25419,5,2026-04-20,Active
48749,1,2025-12-19,Active
54353,2,2026-06-10,Active
16169,3,2025-08-22,Complete
22623,4,2024-05-11,Lapsed
11102,5,2026-03-15,Active
56846,1,2026-01-08,Active
25382,2,2023-11-30,Active
56465,3,2026-06-28,Active
21501,4,2026-05-03,Active
13468,5,2026-03-14,Active
34043,1,2026-01-02,Active
11867,2,2023-04-19,Active
16296,3,2026-02-14,Active
12316,4,2026-04-22,Lapsed
49369,5,2025-01-08,Complete
11563,1,2025-08-14,Active
16563,2,2024-01-17,Lapsed
55197,3,2023-12-12,Active
41120,4,2026-03-18,Active
6298,5,2026-02-04,Lapsed
55173,1,2026-03-16,Active
24744,2,2026-01-05,Active
40222,3,2026-01-29,Active
10929,4,2025-01-21,Active
34147,5,2025-03-15,Active
43100,1,2025-08-31,Active
13283,2,2026-06-30,Complete
59931,3,2026-03-12,Active
11706,4,2025-12-28,Complete
14099,5,2025-06-11,Active
44562,1,2025-05-05,Lapsed
28185,2,2025-07-24,Lapsed
41476,3,2026-02-25,Active
56341,4,2026-01-16,Active
12688,5,2026-06-15,Complete
36234,1,2022-08-10,Active
33952,2,2025-07-23,Active
56979,3,2025-08-08,Lapsed
51074,4,2025-06-06,Active
32267,5,2026-04-20,Active
45788,1,2024-10-11,Active
25059,2,2026-06-11,Complete
54928,3,2026-04-09,Active
4689,4,2025-12-31,Complete
49558,5,2025-10-02,Complete
33356,1,2026-06-10,Active
58244,2,2023-11-06,Complete
25943,3,2025-11-21,Active
50772,4,2025-11-24,Active
18623,5,2024-01-07,Lapsed
57400,1,2025-07-27,Lapsed
55958,2,2026-06-13,Complete
15956,3,2024-10-01,Complete
31246,4,2026-01-04,Complete
34462,5,2025-01-28,Lapsed
47806,1,2026-06-17,Active
17360,2,2026-05-02,Lapsed
29198,3,2026-04-30,Active
33942,4,2026-03-24,Lapsed
6077,5,2025-04-09,Active
1344,1,2025-04-26,Complete
30972,2,2022-12-16,Active
12654,3,2026-05-09,Lapsed
42617,4,2025-03-02,Complete
40176,5,2026-04-12,Active
46104,1,2024-02-13,Active
27666,2,2026-05-28,Active
48685,3,2025-11-07,Active
41671,4,2026-06-30,Complete
13791,5,2026-05-26,Lapsed
19245,1,2026-05-30,Complete
59319,2,2026-04-24,Active
677,3,2024-11-24,Active
27607,4,2026-06-29,Active
52712,5,2025-03-08,Active
10752,1,2026-06-21,Active
48119,2,2026-06-29,Complete
40442,3,2026-06-08,Active
48384,4,2025-11-05,Lapsed
10264,5,2026-06-30,Active
57119,1,2025-09-19,Active
11222,2,2026-05-16,Complete
22346,3,2026-03-04,Active
21773,4,2025-02-19,Active
40478,5,2025-06-15,Active
33057,1,2025-07-17,Active
18333,2,2026-05-28,Active
42360,3,2026-06-30,Active
53046,4,2026-06-19,Lapsed
6869,5,2024-07-15,Complete
42811,1,2026-06-07,Active
29175,2,2025-06-01,Complete
44183,3,2025-06-13,Complete
54606,4,2025-11-02,Active
24042,5,2026-05-21,Active
58619,1,2026-01-13,Active
9536,2,2025-06-21,Active
50212,3,2026-06-13,Lapsed
5472,4,2024-07-07,Active
26654,5,2024-11-21,Active
47343,1,2023-10-28,Complete
45293,2,2025-12-10,Active
37070,3,2026-01-02,Active
39914,4,2026-03-18,Complete
14159,5,2024-03-20,Lapsed
57985,1,2026-05-26,Active
48441,2,2026-06-28,Active
27820,3,2026-05-02,Active
14419,4,2025-11-13,Active
59001,5,2026-05-15,Active
48716,1,2025-07-08,Active
22254,2,2026-05-19,Active
11972,3,2025-12-11,Active
8366,4,2025-12-23,Complete
54024,5,2024-10-10,Active
7290,1,2025-03-24,Lapsed
51228,2,2024-08-24,Active
27595,3,2026-05-05,Complete
41704,4,2025-02-17,Lapsed
33153,5,2026-06-29,Active
23268,1,2026-05-06,Complete
53677,2,2026-06-30,Active
32471,3,2026-06-08,Active
36488,4,2026-03-11,Complete
28739,5,2024-08-07,Complete
56195,1,2026-04-01,Active
40353,2,2026-05-07,Active
37052,3,2026-05-27,Complete
38959,4,2024-07-29,Active
25483,5,2026-02-25,Complete
41691,1,2025-05-10,Active
42520,2,2026-06-22,Complete
14948,3,2025-09-18,Active
39145,4,2023-06-20,Active
34444,5,2023-12-30,Complete
7302,1,2026-06-26,Active
3406,2,2026-06-29,Active
56224,3,2025-12-05,Complete
31847,4,2026-02-01,Active
29937,5,2026-06-15,Active
158,1,2025-10-04,Active
23085,2,2025-09-23,Active
31762,3,2026-05-29,Complete
41088,4,2026-03-08,Complete
13793,5,2024-08-19,Active
52099,1,2024-04-25,Active
11048,2,2026-06-05,Active
52335,3,2024-07-21,Active
8800,4,2026-06-13,Lapsed
43594,5,2025-01-02,Lapsed
2945,1,2024-12-13,Active
14930,2,2024-10-13,Active
21880,3,2025-11-30,Active
21398,4,2024-06-16,Lapsed
24059,5,2025-05-07,Active
21028,1,2025-06-15,Active
51560,2,2026-01-04,Active
12475,3,2025-11-05,Complete
8785,4,2026-06-02,Active
8369,5,2024-06-18,Active
37717,1,2026-01-07,Active
14728,2,2025-12-15,Active
14565,3,2025-09-04,Active
4566,4,2024-10-01,Active
32778,5,2026-05-14,Active
42990,1,2026-05-03,Active
54602,2,2026-05-21,Lapsed
10833,3,2023-06-25,Active
19202,4,2025-07-23,Complete
2715,5,2026-05-31,Active
15760,1,2025-03-31,Active
15665,2,2026-04-13,Active
57604,3,2025-12-08,Active
56038,4,2026-02-15,Active
25980,5,2026-03-04,Active
37252,1,2025-12-07,Complete
46837,2,2026-06-27,Active
51151,3,2026-02-24,Active
45669,4,2024-01-29,Lapsed
18000,5,2022-11-30,Active
8932,1,2025-09-25,Active
53645,2,2026-05-13,Active
4239,3,2026-06-13,Active
28198,4,2026-05-28,Active
15310,5,2026-06-20,Active
46029,1,2024-02-28,Active
18938,2,2026-06-28,Active
3384,3,2025-04-06,Active
48718,4,2023-03-24,Active
50754,5,2026-05-28,Active
21345,1,2026-03-15,Active
34258,2,2026-06-29,Complete
55217,3,2026-04-27,Active
43885,4,2024-06-25,Active
12143,5,2026-01-26,Complete
55254,1,2024-02-09,Active
19667,2,2026-03-05,Active
5068,3,2026-06-08,Active
19117,4,2026-02-16,Active
31348,5,2026-06-06,Active
12805,1,2025-04-29,Active
46490,2,2023-07-06,Complete
25158,3,2025-11-03,Complete
38095,4,2026-05-26,Lapsed
54048,5,2024-08-15,Active
2217,1,2026-06-28,Active
35773,2,2025-05-02,Active
33404,3,2025-08-25,Active
24960,4,2026-06-21,Complete
53627,5,2025-09-27,Active
40836,1,2025-12-27,Complete
44716,2,2026-05-16,Active
15647,3,2022-08-22,Active
55490,4,2025-10-23,Active
53831,5,2026-04-18,Lapsed
715,1,2024-10-23,Active
34884,2,2026-05-20,Active
34243,3,2026-06-17,Complete
5658,4,2026-05-26,Active
57160,5,2026-02-10,Active
43795,1,2025-03-17,Complete
33789,2,2025-10-02,Active
6959,3,2025-03-10,Complete
7059,4,2026-03-05,Active
27058,5,2025-05-27,Active
25536,1,2026-06-30,Active
34719,2,2026-05-18,Complete
58635,3,2025-02-21,Complete
3724,4,2023-06-12,Complete
14859,5,2026-06-28,Lapsed
5626,1,2026-02-26,Active
7454,2,2025-09-02,Active
28547,3,2026-05-13,Active
50600,4,2026-03-04,Active
40481,5,2026-04-19,Active
28736,1,2026-06-28,Lapsed
27081,2,2026-03-14,Lapsed
7791,3,2026-02-06,Complete
24965,4,2026-05-20,Complete
21142,5,2023-06-29,Active
47653,1,2024-09-16,Active
57829,2,2024-12-31,Active
44158,3,2026-06-21,Active
43449,4,2026-05-10,Lapsed
5150,5,2026-03-31,Active
16583,1,2025-12-25,Active
28392,2,2025-11-25,Active
45340,3,2026-01-14,Active
14045,4,2025-06-11,Complete
11190,5,2026-06-20,Lapsed
27032,1,2025-07-12,Active
11428,2,2026-06-30,Active
51349,3,2025-05-13,Lapsed
27662,4,2026-03-07,Active
59606,5,2024-09-13,Lapsed
54702,1,2025-03-23,Active
47172,2,2024-05-28,Complete
14135,3,2026-05-20,Active
11836,4,2025-11-28,Active
2266,5,2026-06-02,Complete
52840,1,2026-06-16,Active
15761,2,2023-04-09,Active
33950,3,2025-06-23,Active
7561,4,2024-12-14,Complete
35303,5,2025-08-19,Complete
59882,1,2026-06-25,Active
33483,2,2026-05-26,Complete
29797,3,2025-11-07,Lapsed
11250,4,2024-12-10,Active
20017,5,2026-06-27,Complete
22800,1,2026-05-20,Active
8599,2,2026-04-02,Lapsed
45805,3,2025-10-21,Active
36208,4,2026-03-29,Active
2194,5,2025-06-26,Active
18420,1,2026-06-08,Complete
6288,2,2025-01-14,Complete
3660,3,2024-12-22,Active
8665,4,2026-05-27,Active
22443,5,2026-02-06,Active
21135,1,2025-04-05,Active
31988,2,2026-06-04,Complete
45989,3,2026-06-29,Active
19190,4,2025-12-03,Active
17561,5,2025-12-05,Complete
31721,1,2024-12-22,Active
33164,2,2025-01-06,Active
29818,3,2024-10-22,Active
53991,4,2024-05-14,Active
53123,5,2025-01-08,Active
18167,1,2024-05-31,Active
31993,2,2025-07-14,Active
16344,3,2025-08-19,Complete
17062,4,2026-06-29,Active
10853,5,2026-05-07,Active
22715,1,2025-08-21,Active
52786,2,2026-04-26,Lapsed
29950,3,2025-04-20,Active
50204,4,2024-12-03,Complete
30729,5,2026-06-28,Active
50062,1,2026-05-26,Complete
8976,2,2026-05-08,Lapsed
44439,3,2026-06-02,Active
22488,4,2025-12-04,Active
30431,5,2024-12-26,Active
26982,1,2024-10-12,Active
6845,2,2025-03-21,Active
43635,3,2025-08-23,Active
26703,4,2026-06-09,Active
56042,5,2025-07-14,Active
40194,1,2026-01-26,Lapsed
13282,2,2026-06-30,Active
26688,3,2025-01-28,Active
21220,4,2026-02-03,Active
31332,5,2026-06-27,Active
55559,1,2025-10-27,Active
56986,2,2026-04-30,Active
17546,3,2025-10-15,Active
44297,4,2023-09-25,Active
23576,5,2026-04-24,Active
11127,1,2025-11-25,Active
36624,2,2026-03-10,Active
5421,3,2026-06-10,Active
36009,4,2025-12-02,Active
7877,5,2025-08-02,Active
15282,1,2026-06-28,Active
51931,2,2025-11-30,Active
9394,3,2026-05-25,Active
58346,4,2025-05-09,Active
10547,5,2024-12-16,Active
43267,1,2026-06-19,Lapsed
249,2,2024-08-19,Complete
45194,3,2025-05-18,Complete
49005,4,2025-02-07,Complete
41951,5,2026-06-22,Active
49937,1,2024-10-10,Active
55981,2,2026-05-30,Active
47726,3,2024-09-30,Active
25591,4,2026-04-15,Complete
30712,5,2025-09-26,Active
49962,1,2026-06-17,Active
13640,2,2025-05-07,Complete
10186,3,2026-06-29,Active
8890,4,2023-02-12,Active
2068,5,2026-06-18,Active
21144,1,2025-05-03,Active
55222,2,2024-09-17,Complete
36195,3,2026-05-31,Active
41402,4,2026-05-30,Complete
30225,5,2023-09-15,Active
19158,1,2026-04-10,Complete
1283,2,2024-12-28,Active
11890,3,2026-06-04,Active
31254,4,2023-12-28,Active
25237,5,2026-02-11,Active
45207,1,2023-04-06,Complete
12010,2,2026-06-30,Active
16444,3,2026-06-08,Lapsed
44772,4,2026-06-18,Active
27696,5,2026-02-14,Active
40095,1,2025-09-06,Active
20120,2,2025-02-22,Complete
56323,3,2026-05-27,Active
11173,4,2026-06-09,Complete
13132,5,2025-06-22,Active
26516,1,2026-06-27,Active
34885,2,2024-02-15,Active
56737,3,2026-01-31,Active
8242,4,2024-01-15,Complete
36401,5,2026-04-29,Complete
17559,1,2025-12-08,Active
23559,2,2024-09-05,Complete
2403,3,2026-04-11,Active
49287,4,2025-01-10,Active
48437,5,2026-06-29,Active
47688,1,2026-04-26,Active
54075,2,2022-06-18,Active
25176,3,2026-04-06,Active
26100,4,2025-09-27,Active
11065,5,2024-03-04,Active
58220,1,2025-01-17,Active
28583,2,2026-06-30,Active
59599,3,2025-08-23,Active
43708,4,2026-05-09,Lapsed
13486,5,2026-02-16,Active
25895,1,2026-01-31,Active
47963,2,2025-09-24,Active
5988,3,2025-07-19,Active
50827,4,2025-12-19,Active
58914,5,2025-01-11,Lapsed
23008,1,2025-11-06,Active
15360,2,2025-09-05,Complete
16397,3,2026-05-28,Active
42510,4,2025-01-24,Active
30613,5,2024-04-25,Active
11417,1,2021-09-10,Active
8726,2,2026-06-24,Active
8487,3,2026-05-20,Active
55129,4,2026-06-15,Active
12290,5,2025-02-21,Active
11524,1,2025-05-25,Active
34828,2,2026-05-19,Complete
15140,3,2026-05-29,Complete
19839,4,2026-02-24,Active
7028,5,2025-10-28,Complete
13869,1,2026-05-20,Lapsed
15666,2,2026-05-02,Active
2297,3,2025-03-04,Complete
30415,4,2026-06-14,Active
33679,5,2026-04-08,Active
29020,1,2023-09-05,Active
53988,2,2026-01-06,Complete
20312,3,2025-12-22,Active
29855,4,2022-08-22,Active
38999,5,2026-03-08,Active
18226,1,2024-12-25,Complete
42109,2,2026-05-09,Active
13598,3,2025-05-02,Complete
31297,4,2026-05-27,Lapsed
41890,5,2026-02-26,Active
6736,1,2025-03-10,Active
3647,2,2026-05-03,Lapsed
40328,3,2026-03-13,Active
23484,4,2025-10-14,Active
9424,5,2025-06-23,Active
17292,1,2026-04-13,Active
27910,2,2026-06-04,Active
24407,3,2024-03-05,Complete
13860,4,2026-06-27,Active
22262,5,2026-03-04,Active
21814,1,2025-02-13,Active
32775,2,2026-06-26,Active
4561,3,2025-08-19,Active
20155,4,2026-05-19,Active
54945,5,2023-10-25,Active
43021,1,2025-08-26,Active
58166,2,2022-02-11,Complete
48864,3,2024-09-09,Complete
34754,4,2025-04-08,Active
35864,5,2026-05-08,Complete
47604,1,2025-10-06,Active
2568,2,2026-04-15,Active
20963,3,2026-06-22,Lapsed
13563,4,2023-12-15,Lapsed
29197,5,2024-05-22,Active
51311,1,2026-04-16,Complete
58806,2,2026-05-23,Complete
33008,3,2024-06-13,Complete
12082,4,2026-06-07,Active
29681,5,2025-06-04,Active
6419,1,2026-03-12,Active
54580,2,2023-08-21,Lapsed
37783,3,2026-06-29,Active
1956,4,2026-06-23,Active
3962,5,2026-05-22,Active
48814,1,2025-12-31,Active
55351,2,2026-06-23,Active
11787,3,2025-04-15,Active
15201,4,2026-06-20,Complete
23764,5,2026-05-24,Active
49835,1,2024-09-20,Active
40307,2,2026-06-03,Complete
32949,3,2024-10-31,Active
33649,4,2026-03-19,Active
35993,5,2025-12-17,Lapsed
43938,1,2026-06-26,Active
40124,2,2026-06-26,Active
7393,3,2026-06-03,Complete
40267,4,2026-06-06,Active
7056,5,2026-03-24,Active
49237,1,2026-06-24,Active
23864,2,2026-06-14,Complete
58198,3,2024-09-16,Active
53517,4,2025-10-14,Active
56975,5,2026-05-27,Active
31630,1,2023-07-14,Active
8483,2,2025-04-30,Active
199,3,2026-01-24,Active
21868,4,2024-01-05,Active
28760,5,2022-07-10,Active
21494,1,2026-04-05,Complete
22422,2,2026-06-06,Active
21942,3,2022-10-11,Active
22178,4,2025-11-13,Complete
2138,5,2026-05-13,Active
33946,1,2025-02-26,Active
53816,2,2026-02-15,Complete
21459,3,2024-03-30,Active
15125,4,2024-11-19,Active
21134,5,2026-03-08,Active
107,1,2025-11-17,Complete
19953,2,2026-05-02,Active
28092,3,2026-03-07,Active
43234,4,2024-08-07,Active
35509,5,2026-01-30,Complete
8891,1,2025-09-25,Active
43616,2,2026-04-28,Complete
17026,3,2026-06-08,Active
20570,4,2026-06-22,Active
38183,5,2024-06-02,Active
10527,1,2026-05-13,Active
3667,2,2025-11-13,Active
48942,3,2025-08-11,Complete
33364,4,2026-01-06,Active
34426,5,2026-04-08,Lapsed
9481,1,2026-06-19,Active
56423,2,2026-05-28,Active
35794,3,2026-01-21,Active
37748,4,2025-04-22,Active
53388,5,2025-07-21,Active
48843,1,2026-03-09,Active
9547,2,2026-06-26,Active
40032,3,2026-02-07,Active
52660,4,2025-06-02,Complete
33550,5,2024-08-04,Active
31743,1,2025-10-21,Complete
7122,2,2026-06-21,Active
16469,3,2024-05-10,Complete
58977,4,2026-06-09,Active
43692,5,2025-07-22,Active
53553,1,2026-04-21,Active
59244,2,2023-03-04,Active
55054,3,2025-10-27,Active
3825,4,2024-12-26,Active
36779,5,2023-12-31,Active
29821,1,2025-12-01,Complete
45516,2,2022-03-03,Active
48072,3,2025-11-03,Active
35610,4,2026-04-01,Active
51401,5,2026-02-04,Active
8569,1,2025-09-23,Complete
11436,2,2025-09-16,Active
56147,3,2024-05-11,Active
42107,4,2026-05-26,Active
32820,5,2026-01-10,Active
24310,1,2023-06-14,Active
53688,2,2025-10-13,Lapsed
2833,3,2026-06-11,Lapsed
7837,4,2025-11-15,Active
1473,5,2026-04-24,Active
16914,1,2026-06-15,Active
3301,2,2026-04-28,Active
35301,3,2026-03-15,Complete
17013,4,2026-04-12,Active
45558,5,2022-05-07,Complete
43005,1,2025-06-28,Active
30831,2,2025-09-10,Active
51282,3,2026-04-13,Active
26085,4,2025-10-31,Complete
34715,5,2026-06-30,Complete
19980,1,2026-06-25,Active
44525,2,2024-06-17,Active
56938,3,2026-04-27,Lapsed
14874,4,2023-08-13,Complete
36907,5,2024-12-03,Active
18279,1,2025-04-29,Active
32910,2,2024-02-25,Active
9555,3,2026-06-30,Active
9173,4,2025-11-07,Lapsed
40643,5,2023-12-15,Active
40834,1,2026-02-24,Active
12524,2,2026-06-26,Active
1903,3,2025-12-02,Active
27477,4,2026-06-18,Complete
10605,5,2024-02-18,Active
14130,1,2024-11-03,Active
5455,2,2026-06-10,Active
5900,3,2026-06-07,Active
5659,4,2025-06-01,Complete
37013,5,2026-02-27,Active
11639,1,2025-12-17,Active
26219,2,2026-06-23,Active
10008,3,2025-04-17,Active
18561,4,2025-09-06,Active
51540,5,2026-06-22,Active
46327,1,2024-09-12,Complete
49549,2,2026-05-13,Active
57846,3,2026-01-07,Active
27078,4,2026-03-08,Complete
7236,5,2026-05-25,Complete
28341,1,2025-12-29,Active
6592,2,2026-04-18,Active
36632,3,2026-05-03,Complete
38061,4,2026-02-23,Active
27720,5,2026-05-13,Active
32981,1,2025-09-28,Active
25723,2,2025-05-25,Active
19806,3,2025-07-10,Active
42524,4,2026-06-08,Active
51745,5,2024-10-07,Active
4866,1,2026-01-28,Complete
44421,2,2025-11-17,Active
58585,3,2026-06-02,Lapsed
56014,4,2026-05-08,Active
40003,5,2025-11-12,Active
25682,1,2026-06-18,Active
31581,2,2026-06-20,Active
34640,3,2025-05-16,Active
4207,4,2026-05-16,Complete
49275,5,2026-06-26,Active
20187,1,2024-09-25,Active
58064,2,2026-07-01,Complete
58263,3,2021-10-16,Lapsed
57315,4,2026-06-01,Lapsed
3171,5,2026-04-24,Active
21974,1,2026-06-01,Lapsed
603,2,2023-02-05,Complete
2959,3,2026-01-28,Lapsed
10694,4,2026-05-27,Active
54820,5,2025-11-01,Lapsed
45849,1,2026-06-28,Complete
15670,2,2025-12-29,Active
9963,3,2025-02-14,Active
35944,4,2026-06-28,Active
50686,5,2025-09-19,Active
31924,1,2025-11-22,Active
29274,2,2024-05-02,Active
38418,3,2022-10-17,Active
42501,4,2026-06-10,Active
39901,5,2026-06-26,Active
2633,1,2025-07-28,Active
29871,2,2026-05-27,Active
47054,3,2024-07-30,Complete
57209,4,2025-04-14,Active
54598,5,2026-05-21,Active
31918,1,2026-06-28,Active
46930,2,2025-07-29,Active
59502,3,2025-07-11,Lapsed
12781,4,2026-02-09,Active
13016,5,2026-05-14,Active
3981,1,2026-05-12,Lapsed
35266,2,2025-08-29,Active
25729,3,2025-07-28,Active
4014,4,2026-03-04,Active
58229,5,2026-06-07,Complete
41560,1,2026-06-28,Lapsed
59890,2,2026-02-18,Active
58943,3,2025-08-27,Active
6855,4,2026-06-12,Complete
6416,5,2025-06-13,Active
44796,1,2025-06-12,Active
49303,2,2026-05-25,Active
21349,3,2026-05-25,Active
18805,4,2026-04-07,Active
25234,5,2025-11-07,Active
9341,1,2026-06-28,Active
22064,2,2025-03-25,Complete
7685,3,2025-05-15,Active
30834,4,2023-10-03,Complete
18354,5,2026-06-03,Active
39302,1,2024-12-01,Active
49772,2,2026-05-31,Active
31936,3,2025-10-27,Active
7027,4,2026-06-19,Active
5187,5,2024-05-26,Active
18180,1,2024-08-11,Active
25021,2,2026-06-07,Active
29017,3,2026-05-18,Complete
7977,4,2024-10-05,Active
35512,5,2024-01-24,Active
23103,1,2024-02-28,Complete
10968,2,2025-05-24,Complete
46576,3,2026-06-03,Complete
4625,4,2026-06-30,Active
20870,5,2023-09-23,Complete
24925,1,2025-03-13,Active
20994,2,2025-11-24,Active
59929,3,2024-04-04,Active
33580,4,2026-06-06,Lapsed
32113,5,2026-06-13,Complete
26412,1,2026-03-29,Complete
27584,2,2026-03-11,Active
800,3,2026-04-04,Active
13808,4,2026-06-15,Active
41775,5,2026-02-21,Active
33425,1,2026-01-18,Active
29514,2,2025-01-06,Active
46628,3,2025-09-05,Active
47048,4,2026-06-08,Lapsed
10903,5,2025-05-26,Active
21270,1,2026-06-16,Lapsed
57837,2,2025-11-23,Active
37663,3,2025-07-26,Complete
42640,4,2025-08-14,Active
6166,5,2025-12-06,Lapsed
35128,1,2025-03-15,Lapsed
49556,2,2023-10-27,Active
16071,3,2024-08-05,Lapsed
52424,4,2026-06-04,Lapsed
7242,5,2023-11-17,Active
16567,1,2026-06-14,Active
53085,2,2026-05-21,Active
32324,3,2024-01-19,Active
54093,4,2026-06-22,Active
4250,5,2024-11-04,Lapsed
27109,1,2025-07-21,Active
49946,2,2025-01-30,Active
46658,3,2026-06-10,Complete
33713,4,2026-04-12,Active
29794,5,2026-06-20,Complete
11901,1,2026-06-22,Complete
50234,2,2026-05-22,Active
407,3,2025-12-30,Active
8234,4,2024-01-11,Lapsed
26599,5,2026-04-23,Active
37480,1,2026-06-14,Active
59519,2,2024-04-21,Active
28101,3,2026-06-16,Active
29063,4,2026-06-14,Lapsed
21569,5,2025-07-25,Complete
56884,1,2025-09-23,Active
30334,2,2026-06-24,Active
16923,3,2026-05-27,Active
26262,4,2024-09-29,Active
33593,5,2024-09-19,Lapsed
1370,1,2024-10-20,Active
54251,2,2025-06-12,Active
48159,3,2025-02-05,Active
37571,4,2023-09-25,Active
37699,5,2025-09-02,Active
54346,1,2025-10-04,Lapsed
6099,2,2026-04-10,Active
42649,3,2025-01-09,Lapsed
36731,4,2025-12-23,Lapsed
53933,5,2026-03-29,Active
48936,1,2025-01-31,Active
43821,2,2026-05-23,Active
5944,3,2026-06-12,Complete
45636,4,2026-06-27,Active
50709,5,2026-05-04,Complete
27476,1,2026-06-12,Complete
17319,2,2026-05-14,Complete
25832,3,2026-06-29,Active
8927,4,2025-12-22,Active
53110,5,2023-07-22,Active
50288,1,2026-04-28,Active
52357,2,2026-03-20,Active
2658,3,2025-02-12,Active
48134,4,2026-05-28,Active
11531,5,2026-01-10,Active
19119,1,2026-05-22,Active
12019,2,2026-03-25,Active
31200,3,2026-04-10,Active
58109,4,2026-06-01,Lapsed
22802,5,2026-04-28,Active
21863,1,2024-03-18,Active
53852,2,2026-02-22,Active
3180,3,2024-08-25,Active
28315,4,2026-03-19,Complete
956,5,2026-06-18,Active
32209,1,2025-09-23,Lapsed
54045,2,2026-05-18,Active
14314,3,2026-06-25,Complete
42737,4,2026-01-01,Active
43659,5,2026-06-28,Active
39595,1,2025-07-09,Active
9274,2,2025-07-23,Active
21224,3,2023-01-16,Complete
2987,4,2026-01-11,Active
47016,5,2025-07-15,Active
59807,1,2026-04-14,Active
10374,2,2026-04-15,Active
42682,3,2025-06-10,Active
35417,4,2026-04-10,Active
42471,5,2024-12-11,Active
29023,1,2025-02-13,Active
50485,2,2026-04-13,Active
50356,3,2024-08-22,Active
41374,4,2026-05-13,Complete
29064,5,2025-06-24,Active
26076,1,2025-08-21,Active
37174,2,2025-08-19,Active
41215,3,2026-03-15,Complete
34577,4,2026-06-12,Active
29352,5,2023-08-02,Active
10793,1,2026-05-05,Active
19673,2,2025-10-05,Complete
1296,3,2026-05-08,Active
30436,4,2024-04-21,Active
32663,5,2023-03-24,Active
33482,1,2026-03-17,Active
13820,2,2025-08-25,Active
13901,3,2024-01-06,Active
3838,4,2026-06-13,Active
56568,5,2023-10-02,Active
16317,1,2026-05-26,Active
18199,2,2025-10-22,Active
17584,3,2026-06-20,Lapsed
52560,4,2026-03-16,Active
26316,5,2026-05-17,Lapsed
3321,1,2024-09-10,Active
16439,2,2024-04-21,Active
14542,3,2024-01-19,Active
54521,4,2023-12-05,Complete
33917,5,2026-01-28,Active
27630,1,2024-07-28,Active
10843,2,2026-03-26,Active
3422,3,2023-09-20,Active
16132,4,2025-03-14,Active
5062,5,2025-06-24,Lapsed
57459,1,2024-06-06,Lapsed
1692,2,2026-06-06,Active
56215,3,2026-01-10,Active
25362,4,2026-04-15,Active
30867,5,2026-05-01,Active
22712,1,2025-12-11,Active
35165,2,2024-01-22,Complete
16926,3,2026-05-24,Active
17453,4,2025-12-07,Complete
53871,5,2025-10-08,Active
21817,1,2026-06-30,Active
28050,2,2025-09-06,Active
46562,3,2024-05-30,Complete
9323,4,2025-02-23,Active
2181,5,2026-04-01,Active
15515,1,2026-06-30,Lapsed
38665,2,2026-06-26,Active
54401,3,2024-09-09,Active
18679,4,2024-02-25,Active
31442,5,2026-03-27,Active
45414,1,2026-04-23,Active
23782,2,2024-06-13,Active
78,3,2026-06-21,Active
27996,4,2026-04-28,Lapsed
36141,5,2026-01-26,Active
51498,1,2026-01-30,Lapsed
42231,2,2026-06-27,Active
31771,3,2025-12-22,Complete
43145,4,2026-04-22,Active
57062,5,2025-08-17,Complete
5257,1,2025-12-05,Active
39462,2,2026-05-30,Active
8429,3,2026-04-15,Active
15814,4,2026-06-21,Active
387,5,2025-10-16,Complete
37674,1,2025-02-07,Active
21015,2,2026-03-22,Active
15909,3,2023-12-10,Active
23099,4,2025-11-05,Complete
30612,5,2025-09-29,Active
28458,1,2026-06-22,Complete
6341,2,2025-10-28,Active
7068,3,2024-02-02,Lapsed
28889,4,2026-06-15,Active
11384,5,2025-04-01,Active
16928,1,2026-06-20,Complete
52844,2,2024-03-12,Active
39668,3,2025-03-28,Active
8097,4,2026-02-26,Active
947,5,2026-06-22,Active
23110,1,2025-06-03,Lapsed
6794,2,2024-10-10,Active
4160,3,2026-03-23,Active
18380,4,2026-03-31,Active
20098,5,2025-04-07,Active
28188,1,2026-04-25,Active
36662,2,2026-06-19,Active
30528,3,2024-01-29,Active
21165,4,2026-04-11,Active
6240,5,2026-03-08,Active
55377,1,2025-05-18,Complete
7995,2,2023-03-03,Complete
20693,3,2025-06-09,Active
58990,4,2025-11-02,Active
2410,5,2026-04-19,Active
37538,1,2025-06-04,Active
44509,2,2026-02-11,Active
26006,3,2026-06-02,Active
23498,4,2026-06-23,Complete
13269,5,2025-06-13,Active
7363,1,2026-05-10,Active
27166,2,2023-11-23,Active
2753,3,2025-02-01,Active
37322,4,2024-04-12,Active
48427,5,2024-09-28,Active
42346,1,2026-05-21,Active
25896,2,2026-04-19,Complete
44010,3,2025-05-31,Active
2063,4,2025-06-13,Complete
27982,5,2025-07-06,Active
36507,1,2026-06-18,Active
3970,2,2026-06-29,Active
55631,3,2023-07-26,Active
45791,4,2025-12-18,Complete
7770,5,2025-06-21,Active
54748,1,2025-09-10,Complete
8054,2,2026-06-21,Active
52879,3,2024-04-25,Active
5385,4,2025-12-23,Lapsed
42217,5,2026-06-08,Lapsed
25900,1,2025-03-26,Active
46047,2,2026-06-07,Active
9001,3,2026-06-04,Complete
27945,4,2025-09-07,Active
45934,5,2026-06-24,Active
4949,1,2026-04-24,Active
44372,2,2024-09-16,Lapsed
50803,3,2025-12-04,Active
23506,4,2026-04-05,Active
52699,5,2026-05-05,Lapsed
26021,1,2026-06-06,Active
36958,2,2026-01-16,Complete
28375,3,2025-12-04,Active
59713,4,2023-09-16,Complete
49330,5,2026-06-30,Complete
653,1,2025-02-24,Complete
33813,2,2025-09-11,Complete
51261,3,2026-06-20,Active
3101,4,2024-10-21,Active
57760,5,2026-06-14,Active
3225,1,2026-02-16,Complete
4122,2,2023-07-25,Active
22030,3,2023-09-25,Active
21466,4,2026-01-14,Active
25611,5,2026-02-12,Active
3119,1,2026-03-03,Complete
55542,2,2023-07-08,Active
52926,3,2025-11-04,Active
23197,4,2025-11-03,Complete
50664,5,2026-04-20,Lapsed
30833,1,2026-06-11,Complete
43689,2,2026-05-13,Active
56189,3,2026-04-04,Active
56764,4,2025-04-24,Active
58063,5,2026-06-30,Active
36126,1,2026-05-31,Lapsed
34058,2,2025-12-30,Active
50228,3,2026-05-12,Active
52716,4,2025-09-01,Active
27508,5,2025-10-22,Active
43973,1,2025-08-08,Active
27100,2,2023-09-13,Active
5682,3,2025-07-20,Active
59604,4,2026-06-30,Active
30694,5,2026-04-23,Active
12739,1,2026-01-17,Complete
47019,2,2024-12-30,Complete
8557,3,2025-11-27,Active
41947,4,2026-06-10,Active
16405,5,2026-06-10,Active
39846,1,2025-06-12,Active
47163,2,2025-11-06,Complete
22787,3,2026-04-06,Active
57647,4,2025-05-10,Active
13216,5,2026-06-17,Lapsed
2845,1,2025-12-01,Active
14949,2,2026-06-04,Complete
15844,3,2026-06-04,Active
51983,4,2024-05-03,Lapsed
6339,5,2026-05-11,Complete
37181,1,2024-10-29,Complete
22236,2,2025-11-19,Complete
45720,3,2026-02-08,Active
52403,4,2026-05-29,Lapsed
43429,5,2024-12-02,Active
51985,1,2026-04-14,Lapsed
50464,2,2025-12-17,Active
43994,3,2025-10-03,Active
4428,4,2025-11-19,Active
1428,5,2026-06-27,Active
12001,1,2024-10-09,Active
8087,2,2025-11-28,Active
30300,3,2025-03-31,Active
58711,4,2026-06-29,Lapsed
53227,5,2026-03-28,Active
20001,1,2025-07-14,Lapsed
47511,2,2025-11-07,Lapsed
23865,3,2026-04-15,Active
1226,4,2026-03-28,Complete
28264,5,2026-01-08,Complete
57871,1,2024-09-05,Active
13402,2,2026-01-06,Lapsed
58780,3,2025-09-21,Complete
3033,4,2024-12-25,Active
49898,5,2023-10-13,Active
57714,1,2026-04-27,Complete
55587,2,2023-08-02,Complete
8505,3,2024-09-05,Lapsed
14509,4,2025-05-02,Lapsed
19086,5,2026-05-25,Active
8014,1,2023-10-05,Complete
10718,2,2025-09-25,Active
35480,3,2026-03-01,Active
9252,4,2026-06-30,Active
40409,5,2026-04-11,Active
45949,1,2026-06-19,Lapsed
316,2,2026-04-21,Complete
58642,3,2026-05-14,Active
30534,4,2026-06-28,Complete
32630,5,2026-02-27,Active
21931,1,2025-03-27,Active
35223,2,2025-01-21,Active
6412,3,2025-02-26,Active
4772,4,2024-07-11,Active
36526,5,2025-06-05,Active
10952,1,2026-02-18,Lapsed
16884,2,2025-05-08,Complete
422,3,2026-06-26,Complete
6328,4,2024-07-26,Active
25695,5,2026-02-28,Active
47808,1,2024-11-07,Active
9330,2,2026-05-10,Active
43707,3,2026-06-03,Active
20975,4,2024-07-24,Active
3711,5,2026-06-21,Active
26028,1,2026-03-11,Active
24661,2,2026-04-03,Active
28574,3,2026-05-19,Active
19214,4,2026-06-28,Complete
38132,5,2026-05-23,Active
49008,1,2026-06-24,Active
45570,2,2026-04-14,Active
34125,3,2026-04-29,Lapsed
59745,4,2026-06-01,Complete
30820,5,2026-01-06,Lapsed
52275,1,2026-06-28,Active
12702,2,2026-06-26,Active
29520,3,2026-05-02,Active
26013,4,2025-05-22,Complete
33886,5,2024-03-06,Active
493,1,2024-11-29,Active
9062,2,2025-11-24,Active
59123,3,2026-05-09,Active
33868,4,2026-06-17,Complete
44582,5,2025-11-24,Active
43765,1,2026-04-07,Active
33955,2,2022-09-17,Active
17402,3,2025-12-07,Active
699,4,2025-02-05,Complete
43044,5,2025-07-08,Active
28582,1,2025-11-04,Active
3436,2,2026-06-01,Active
44706,3,2026-06-21,Active
14596,4,2026-03-20,Active
26581,5,2026-06-28,Active
19269,1,2023-11-24,Lapsed
45552,2,2026-06-25,Active
19759,3,2026-03-17,Active
36163,4,2026-05-17,Active
21177,5,2025-06-10,Active
11918,1,2026-04-28,Active
37141,2,2026-05-25,Active
46230,3,2025-08-28,Active
24736,4,2026-05-01,Active
17966,5,2025-11-24,Active
23766,1,2026-06-01,Active
19111,2,2026-04-09,Active
56430,3,2026-04-23,Lapsed
22301,4,2026-06-30,Active
55699,5,2025-01-05,Lapsed
20376,1,2026-05-15,Active
25558,2,2026-01-09,Active
51547,3,2025-01-06,Complete
6664,4,2023-09-16,Active
27751,5,2025-09-01,Complete
30185,1,2024-11-14,Active
46492,2,2026-06-18,Complete
20297,3,2026-03-07,Active
18724,4,2025-11-25,Active
3535,5,2025-07-10,Complete
27245,1,2026-01-01,Lapsed
49229,2,2025-09-24,Active
36039,3,2025-04-05,Lapsed
15824,4,2025-06-21,Active
10932,5,2025-10-09,Lapsed
53430,1,2025-08-21,Active
45544,2,2024-07-01,Active
29706,3,2026-05-29,Complete
57682,4,2026-04-23,Complete
22603,5,2024-09-25,Active
33033,1,2026-03-20,Complete
49101,2,2026-03-15,Active
29601,3,2025-02-07,Active
9506,4,2026-04-17,Active
52691,5,2025-11-08,Active
48582,1,2026-02-16,Active
35648,2,2024-01-12,Lapsed
59027,3,2024-11-14,Active
10655,4,2026-06-05,Active
44943,5,2026-06-03,Active
25580,1,2026-02-01,Complete
50045,2,2026-06-04,Active
4865,3,2026-06-15,Active
44890,4,2026-05-25,Complete
6829,5,2025-06-30,Complete
53228,1,2025-06-11,Complete
45401,2,2023-07-25,Active
54071,3,2026-05-04,Active
41469,4,2022-07-21,Active
42239,5,2026-04-16,Active
53477,1,2024-05-09,Active
49681,2,2025-11-30,Active
29316,3,2025-12-26,Complete
6540,4,2026-05-22,Complete
45672,5,2026-02-08,Active
48951,1,2025-12-11,Active
43413,2,2026-04-25,Active
18137,3,2026-03-03,Complete
51000,4,2025-09-28,Complete
44047,5,2026-05-03,Complete
52619,1,2026-04-02,Active
47559,2,2026-06-19,Active
341,3,2024-09-02,Active
59799,4,2025-08-14,Active
57771,5,2025-09-12,Active
10139,1,2023-11-02,Active
38489,2,2026-06-06,Active
37626,3,2025-11-22,Active
20353,4,2025-04-20,Active
47823,5,2025-08-23,Active
6465,1,2024-01-09,Complete
59454,2,2026-01-13,Complete
52405,3,2025-10-14,Lapsed
46790,4,2026-06-04,Active
43678,5,2026-06-06,Active
30365,1,2026-06-23,Active
24677,2,2025-09-01,Complete
20341,3,2025-12-24,Active
6929,4,2026-04-01,Active
4174,5,2026-02-28,Active
5539,1,2026-01-05,Active
50176,2,2026-01-08,Active
47459,3,2025-11-17,Complete
55228,4,2026-06-22,Complete
45782,5,2026-05-19,Active
52752,1,2026-06-07,Active
21651,2,2024-01-19,Active
18022,3,2026-06-18,Active
27461,4,2026-06-23,Active
56102,5,2024-09-04,Complete
22278,1,2024-03-11,Active
59752,2,2026-04-12,Active
51139,3,2026-04-09,Active
57748,4,2026-02-23,Complete
43257,5,2026-04-26,Complete
39575,1,2026-02-18,Active
49787,2,2026-05-22,Active
18080,3,2024-06-08,Active
32336,4,2025-11-06,Active
30019,5,2023-03-31,Active
39660,1,2025-06-15,Active
3895,2,2022-12-12,Complete
38310,3,2026-04-09,Active
5542,4,2026-02-25,Active
33876,5,2024-07-20,Active
18210,1,2026-03-29,Active
28080,2,2026-06-01,Active
10928,3,2026-04-29,Active
58600,4,2024-08-05,Active
26204,5,2025-05-14,Lapsed
3816,1,2025-08-04,Active
53109,2,2026-04-04,Active
47900,3,2025-03-26,Active
41382,4,2026-05-08,Active
2470,5,2025-12-26,Active
24789,1,2025-03-27,Active
14458,2,2026-02-18,Complete
23274,3,2026-02-15,Active
41149,4,2023-04-19,Active
2397,5,2026-05-05,Active
19963,1,2024-10-24,Active
4389,2,2026-06-28,Active
15671,3,2025-07-22,Active
50531,4,2024-04-29,Active
11900,5,2025-05-19,Complete
42586,1,2026-06-05,Complete
42464,2,2025-07-16,Active
31970,3,2023-08-23,Active
41145,4,2026-01-19,Active
57966,5,2026-03-16,Active
19651,1,2025-10-27,Active
49242,2,2025-10-09,Active
58012,3,2025-08-26,Active
55742,4,2026-06-12,Active
21665,5,2024-06-11,Active
5605,1,2026-05-10,Lapsed
5927,2,2025-07-18,Active
49348,3,2026-03-16,Active
1243,4,2026-06-27,Active
22832,5,2026-06-23,Complete
34811,1,2026-06-27,Active
56602,2,2025-08-21,Active
39035,3,2023-12-02,Complete
46869,4,2025-04-18,Complete
26037,5,2026-05-09,Active
57620,1,2023-07-16,Active
40438,2,2023-08-31,Active
42499,3,2024-08-08,Active
41642,4,2026-03-20,Active
40510,5,2025-10-23,Active
6491,1,2025-09-22,Active
21954,2,2025-10-26,Active
44488,3,2026-03-26,Active
44979,4,2023-08-02,Complete
35286,5,2026-01-06,Active
41795,1,2024-12-27,Lapsed
17155,2,2026-06-24,Active
27705,3,2025-10-05,Active
11726,4,2025-07-18,Complete
23736,5,2026-05-10,Active
24471,1,2026-03-03,Lapsed
17949,2,2025-06-23,Active
9302,3,2026-01-28,Active
45365,4,2024-09-26,Active
58133,5,2024-10-30,Active
25384,1,2026-06-11,Active
39766,2,2025-08-31,Complete
37761,3,2026-06-26,Complete
4583,4,2025-11-01,Active
45437,5,2023-07-26,Active
35657,1,2026-06-19,Lapsed
57902,2,2026-04-30,Active
53575,3,2026-06-07,Active
38472,4,2026-01-27,Active
23853,5,2026-03-11,Active
23370,1,2026-06-24,Active
23073,2,2024-09-22,Complete
25290,3,2025-12-25,Active
55923,4,2026-06-16,Active
45765,5,2026-01-03,Active
9073,1,2023-06-12,Active
22438,2,2025-10-01,Complete
37235,3,2022-08-28,Active
25358,4,2026-06-29,Active
18371,5,2026-05-24,Active
1875,1,2024-08-26,Lapsed
41488,2,2026-06-22,Active
45047,3,2025-11-22,Complete
59366,4,2024-11-14,Active
30133,5,2025-06-10,Active
9106,1,2026-05-30,Active
6808,2,2023-08-17,Active
30411,3,2025-09-19,Lapsed
38990,4,2026-05-29,Active
27972,5,2023-10-19,Complete
35179,1,2025-04-23,Complete
47550,2,2025-10-23,Lapsed
37012,3,2025-03-07,Complete
14696,4,2026-01-11,Complete
57762,5,2025-12-10,Active
10076,1,2024-02-04,Active
14659,2,2026-04-23,Active
3402,3,2026-04-20,Active
15283,4,2025-12-28,Active
44884,5,2026-06-29,Active
50711,1,2024-08-31,Active
6230,2,2026-06-26,Lapsed
41729,3,2026-06-23,Active
8618,4,2021-05-28,Active
39249,5,2026-06-07,Active
7324,1,2026-06-17,Active
601,2,2025-12-18,Complete
23793,3,2026-02-05,Active
52002,4,2025-10-28,Complete
46834,5,2024-07-05,Active
59300,1,2026-01-14,Complete
1443,2,2024-11-08,Lapsed
38986,3,2025-06-29,Lapsed
35533,4,2026-06-24,Active
33166,5,2024-10-07,Active
53025,1,2026-05-03,Active
33062,2,2022-05-16,Active
3444,3,2026-06-20,Active
17025,4,2026-06-03,Active
52506,5,2026-02-03,Complete
41417,1,2026-01-09,Active
55089,2,2025-04-10,Active
25917,3,2025-06-14,Active
20374,4,2025-08-18,Active
44132,5,2026-04-24,Active
33316,1,2026-06-01,Complete
27634,2,2026-05-16,Active
9983,3,2026-06-04,Active
28933,4,2025-06-07,Active
59830,5,2026-06-21,Active
56532,1,2025-10-01,Active
7273,2,2026-06-12,Active
50771,3,2026-05-14,Active
14792,4,2026-05-30,Active
22516,5,2026-05-12,Active
56556,1,2022-12-30,Active
57692,2,2026-02-13,Active
18021,3,2026-01-26,Active
40348,4,2026-05-01,Complete
45770,5,2024-05-22,Active
8456,1,2023-08-20,Lapsed
55076,2,2025-11-01,Active
2172,3,2026-01-05,Active
40081,4,2025-12-01,Lapsed
56326,5,2025-12-13,Active
25618,1,2025-09-11,Complete
19167,2,2026-06-27,Active
15488,3,2025-08-28,Complete
32816,4,2024-04-30,Complete
18028,5,2024-06-22,Active
47737,1,2026-06-02,Active
30639,2,2025-05-18,Active
14657,3,2026-06-10,Active
10838,4,2024-01-24,Active
54286,5,2026-06-29,Complete
40824,1,2026-04-08,Active
17307,2,2025-08-08,Complete
8516,3,2026-04-10,Active
19294,4,2026-04-01,Active
4628,5,2026-05-16,Lapsed
41106,1,2026-05-05,Active
36799,2,2023-07-22,Complete
12643,3,2026-04-27,Active
2916,4,2026-04-13,Active
8293,5,2026-06-22,Complete
26725,1,2025-06-30,Active
52010,2,2026-06-27,Complete
13074,3,2025-03-27,Active
8375,4,2025-11-26,Lapsed
32456,5,2024-12-16,Active
39163,1,2025-01-24,Complete
52555,2,2026-03-26,Active
48945,3,2025-12-08,Active
44048,4,2023-11-30,Complete
28244,5,2025-06-10,Active
25364,1,2026-06-18,Active
53389,2,2026-04-25,Complete
58702,3,2025-11-14,Active
25697,4,2026-04-17,Active
58324,5,2025-07-20,Active
13986,1,2026-06-29,Active
31317,2,2026-02-25,Lapsed
31040,3,2025-06-16,Complete
34190,4,2025-10-04,Active
48375,5,2026-05-06,Active
13562,1,2026-01-22,Active
42318,2,2025-11-27,Active
56004,3,2026-03-16,Complete
48300,4,2025-04-13,Active
40091,5,2025-07-23,Complete
18448,1,2026-03-31,Active
25181,2,2025-10-16,Active
56601,3,2026-05-18,Lapsed
56334,4,2026-06-04,Active
14375,5,2024-05-10,Complete
39736,1,2025-12-07,Active
40728,2,2026-04-11,Active
24071,3,2026-01-02,Active
4275,4,2026-05-17,Active
13,5,2024-12-17,Active
13103,1,2026-01-04,Active
27967,2,2026-06-04,Active
22539,3,2026-02-28,Active
43738,4,2025-12-09,Active
44870,5,2026-06-19,Active
59520,1,2025-04-19,Active
53555,2,2026-06-14,Active
17741,3,2025-10-20,Active
3041,4,2025-12-19,Active
29576,5,2026-04-22,Active
11266,1,2022-10-19,Active
59336,2,2026-04-14,Active
43688,3,2024-09-25,Active
33878,4,2026-04-23,Active
25186,5,2025-10-24,Complete
33017,1,2026-05-30,Complete
44911,2,2024-08-25,Complete
59005,3,2026-06-10,Complete
53478,4,2025-12-09,Active
24244,5,2026-06-02,Active
4646,1,2025-04-09,Complete
5450,2,2025-01-12,Active
55205,3,2025-04-23,Complete
42665,4,2025-10-07,Complete
20204,5,2026-06-29,Active
52273,1,2026-04-30,Lapsed
18843,2,2026-06-29,Lapsed
32947,3,2026-04-25,Active
39073,4,2025-02-21,Active
7713,5,2023-03-10,Active
6819,1,2024-02-24,Active
26313,2,2025-06-25,Active
37654,3,2026-01-24,Active
53737,4,2026-05-18,Active
6310,5,2023-06-29,Active
30922,1,2024-01-30,Active
6943,2,2026-06-17,Complete
7327,3,2026-04-06,Complete
57529,4,2026-06-13,Complete
35490,5,2026-05-28,Complete
46989,1,2026-06-09,Lapsed
11444,2,2026-01-26,Active
41668,3,2026-05-22,Complete
13233,4,2025-10-25,Active
11089,5,2026-05-01,Active
40128,1,2025-12-27,Complete
23148,2,2026-06-28,Active
33313,3,2026-05-11,Lapsed
24655,4,2026-06-23,Active
5957,5,2025-08-26,Active
33420,1,2026-02-12,Active
36474,2,2026-04-21,Complete
53784,3,2025-08-06,Complete
31797,4,2026-06-30,Active
2072,5,2024-06-13,Active
48655,1,2024-01-01,Complete
43300,2,2025-02-14,Active
36082,3,2026-02-12,Active
22130,4,2026-05-06,Active
3846,5,2026-03-03,Active
17692,1,2026-06-05,Complete
54523,2,2025-05-13,Active
21478,3,2024-04-17,Active
9197,4,2026-03-02,Complete
36333,5,2023-11-05,Lapsed
40625,1,2026-05-30,Active
20579,2,2025-09-12,Active
4943,3,2025-10-05,Active
6598,4,2024-10-31,Complete
52629,5,2025-05-30,Active
46486,1,2026-05-07,Active
17159,2,2026-04-14,Complete
50386,3,2026-01-29,Active
49238,4,2026-06-05,Complete
58340,5,2023-05-17,Complete
46719,1,2026-06-17,Complete
11742,2,2025-07-09,Active
2021,3,2026-01-19,Active
33111,4,2025-08-26,Active
46574,5,2026-05-20,Complete
33044,1,2025-09-10,Complete
37417,2,2023-02-16,Complete
52066,3,2026-01-28,Active
50586,4,2026-06-27,Active
30234,5,2025-07-04,Complete
21390,1,2023-02-10,Lapsed
45666,2,2026-05-17,Active
32169,3,2026-05-31,Complete
31967,4,2026-05-15,Active
43421,5,2026-01-07,Active
31899,1,2026-06-28,Active
18564,2,2026-06-18,Active
21272,3,2026-04-26,Active
50650,4,2026-06-03,Active
8795,5,2026-06-21,Active
11621,1,2024-11-02,Active
26657,2,2023-09-23,Complete
55473,3,2025-04-28,Lapsed
13100,4,2025-10-05,Complete
54000,5,2024-10-18,Active
30487,1,2024-03-18,Active
27017,2,2024-11-13,Active
26840,3,2026-04-13,Active
42548,4,2026-06-06,Active
26185,5,2025-11-07,Active
44571,1,2026-06-03,Complete
9867,2,2025-11-13,Active
41429,3,2026-06-11,Complete
52174,4,2021-10-22,Complete
31726,5,2024-09-18,Active
39946,1,2025-04-07,Active
18320,2,2026-06-19,Complete
42732,3,2025-05-02,Active
50777,4,2026-04-25,Active
40713,5,2026-05-23,Lapsed
49033,1,2025-05-28,Complete
50454,2,2026-06-30,Lapsed
35003,3,2026-05-23,Active
3732,4,2025-06-20,Complete
57618,5,2026-06-14,Active
59100,1,2026-03-01,Active
55705,2,2026-02-04,Complete
40255,3,2025-08-18,Active
44806,4,2023-06-21,Lapsed
6045,5,2026-05-20,Active
15218,1,2025-06-12,Lapsed
5371,2,2025-05-15,Complete
30382,3,2025-03-05,Active
24862,4,2026-03-08,Active
28630,5,2025-06-30,Active
15412,1,2024-12-04,Active
13467,2,2026-04-27,Active
3547,3,2026-06-21,Active
43412,4,2024-10-21,Lapsed
12192,5,2026-05-12,Complete
37923,1,2026-04-26,Complete
25184,2,2025-11-14,Active
16048,3,2026-03-27,Active
18687,4,2026-03-30,Lapsed
37946,5,2026-05-12,Active
48080,1,2026-04-26,Lapsed
14884,2,2026-05-25,Active
53960,3,2026-06-26,Active
24599,4,2025-06-26,Complete
10485,5,2025-08-10,Active
33810,1,2026-04-06,Active
33262,2,2026-05-13,Complete
44386,3,2026-05-23,Active
11580,4,2025-02-24,Active
19295,5,2026-05-06,Active
44887,1,2025-05-01,Active
19611,2,2024-12-03,Complete
3200,3,2026-05-22,Lapsed
42956,4,2025-06-10,Complete
31365,5,2025-11-24,Active
17648,1,2025-04-25,Active
41830,2,2024-07-23,Active
4607,3,2024-08-29,Active
41167,4,2026-05-01,Active
3969,5,2026-06-07,Active
42250,1,2025-10-18,Active
37624,2,2023-09-06,Active
23851,3,2024-09-03,Active
50638,4,2025-12-02,Active
14964,5,2025-09-12,Active
14857,1,2026-05-03,Active
1151,2,2026-05-15,Lapsed
59822,3,2025-08-07,Active
11311,4,2024-03-05,Active
33668,5,2025-09-06,Active
16751,1,2026-06-13,Active
11710,2,2026-03-08,Active
28397,3,2026-03-01,Active
49973,4,2026-06-18,Active
33930,5,2025-12-14,Complete
46720,1,2026-06-07,Active
33780,2,2025-02-10,Active
4648,3,2024-04-27,Complete
9342,4,2025-09-01,Lapsed
29133,5,2024-12-04,Active
27042,1,2024-10-15,Active
40525,2,2023-11-18,Active
18535,3,2025-03-28,Active
13844,4,2026-06-02,Active
53414,5,2023-03-06,Active
55480,1,2026-04-16,Active
54808,2,2024-02-29,Active
16647,3,2026-06-03,Active
55709,4,2024-08-08,Active
41039,5,2025-01-29,Active
25572,1,2024-12-14,Active
5857,2,2026-06-13,Active
52919,3,2026-02-01,Complete
35707,4,2026-06-19,Complete
51546,5,2025-09-03,Active
50471,1,2026-02-23,Active
50007,2,2026-05-08,Active
2187,3,2026-06-24,Active
51125,4,2025-08-02,Active
40192,5,2025-09-21,Active
55359,1,2026-05-25,Active
49515,2,2026-06-26,Active
41385,3,2025-07-14,Active
50206,4,2025-04-20,Active
12890,5,2026-04-26,Complete
11109,1,2025-12-16,Active
56279,2,2023-07-31,Active
8960,3,2026-05-22,Active
40645,4,2026-06-02,Active
26209,5,2026-06-24,Complete
17643,1,2025-12-15,Active
1558,2,2025-10-24,Complete
23717,3,2025-09-08,Active
53953,4,2023-08-26,Complete
21172,5,2026-06-18,Complete
42752,1,2025-07-12,Active
3824,2,2024-10-12,Active
25130,3,2025-07-17,Active
35344,4,2025-05-17,Active
1996,5,2023-11-26,Active
54368,1,2026-03-20,Active
23803,2,2026-02-09,Active
41368,3,2026-03-27,Active
50862,4,2025-04-20,Active
57361,5,2026-04-16,Active
42867,1,2023-09-30,Active
20840,2,2026-04-06,Active
44393,3,2025-11-28,Active
20003,4,2026-06-14,Active
1837,5,2025-05-07,Lapsed
29977,1,2026-06-05,Active
1868,2,2026-02-04,Lapsed
52063,3,2026-06-01,Active
39810,4,2026-03-25,Active
4475,5,2026-06-28,Active
7530,1,2026-05-10,Lapsed
28920,2,2026-05-31,Active
3018,3,2021-08-06,Active
12457,4,2024-03-29,Active
13958,5,2026-06-01,Complete
49814,1,2023-06-27,Active
4827,2,2025-05-21,Lapsed
21661,3,2026-06-08,Complete
23134,4,2026-04-15,Active
21769,5,2026-06-18,Lapsed
18193,1,2026-05-22,Active
541,2,2024-06-15,Active
27745,3,2025-08-25,Active
9374,4,2025-02-08,Active
19734,5,2026-03-25,Complete
736,1,2026-03-09,Complete
58082,2,2023-10-22,Active
21963,3,2025-07-22,Lapsed
11291,4,2026-03-19,Complete
39857,5,2026-01-19,Active
44794,1,2025-07-16,Active
7292,2,2026-05-15,Active
39779,3,2026-03-30,Complete
11785,4,2026-06-22,Complete
29663,5,2026-01-30,Active
1017,1,2025-10-06,Active
36932,2,2025-10-23,Lapsed
33312,3,2023-07-02,Lapsed
57022,4,2025-10-10,Active
41054,5,2023-06-04,Complete
43065,1,2026-01-18,Active
5362,2,2026-06-28,Complete
1714,3,2026-03-07,Active
39182,4,2026-06-11,Active
22923,5,2025-10-09,Active
41949,1,2026-04-02,Active
59887,2,2026-04-25,Complete
30533,3,2024-01-17,Active
9771,4,2025-10-12,Lapsed
29149,5,2026-06-26,Lapsed
50844,1,2025-03-19,Active
8698,2,2025-01-23,Complete
40181,3,2025-04-03,Active
22110,4,2026-01-06,Active
50170,5,2025-06-16,Active
37647,1,2026-02-14,Complete
7266,2,2026-03-29,Complete
10970,3,2026-01-25,Complete
9029,4,2024-06-29,Active
2747,5,2026-04-13,Active
11499,1,2026-01-30,Active
48751,2,2025-06-07,Active
46467,3,2026-04-18,Active
8887,4,2026-04-24,Active
50791,5,2025-04-01,Active
11585,1,2026-06-20,Active
49112,2,2022-06-19,Active
58251,3,2025-10-31,Active
10836,4,2025-07-09,Active
52947,5,2026-03-04,Active
28844,1,2026-06-29,Active
10809,2,2026-06-04,Active
28835,3,2026-06-12,Active
1165,4,2026-06-05,Active
57887,5,2023-10-22,Active
35949,1,2026-06-03,Active
34,2,2025-06-14,Active
54530,3,2026-06-17,Active
58361,4,2025-04-15,Active
54219,5,2024-11-13,Active
51427,1,2025-11-23,Active
25939,2,2025-10-01,Active
41958,3,2024-09-10,Lapsed
56573,4,2026-01-28,Active
55646,5,2025-03-25,Lapsed
41756,1,2026-05-27,Complete
33444,2,2026-03-31,Complete
47303,3,2025-10-01,Active
32031,4,2026-06-05,Active
50561,5,2023-10-13,Lapsed
14897,1,2026-06-29,Active
47232,2,2025-07-05,Active
28751,3,2025-03-11,Complete
49719,4,2025-03-26,Active
8898,5,2026-04-15,Active
55529,1,2026-03-01,Active
16724,2,2025-05-31,Active
40623,3,2026-06-02,Active
29371,4,2025-12-05,Active
35140,5,2026-05-14,Active
1135,1,2025-03-20,Active
50383,2,2025-03-19,Active
51861,3,2025-10-10,Complete
34812,4,2025-05-21,Active
36774,5,2026-04-06,Complete
51036,1,2025-09-18,Active
12884,2,2026-06-26,Lapsed
36736,3,2025-08-10,Active
35853,4,2026-02-11,Active
19304,5,2026-06-11,Active
3670,1,2026-06-22,Lapsed
19913,2,2023-02-18,Complete
45649,3,2026-01-11,Active
18743,4,2026-04-10,Active
44999,5,2026-06-11,Active
53168,1,2023-11-04,Active
48597,2,2024-02-29,Active
53647,3,2023-08-21,Active
25749,4,2025-11-18,Active
5491,5,2025-11-26,Active
19329,1,2026-03-05,Lapsed
486,2,2026-06-10,Lapsed
24638,3,2024-06-14,Active
50786,4,2025-04-14,Active
1810,5,2025-08-01,Active
28869,1,2025-03-10,Active
3050,2,2025-11-25,Active
37822,3,2025-10-01,Active
25134,4,2025-03-07,Active
38384,5,2025-10-20,Active
13723,1,2026-01-17,Active
9172,2,2023-07-25,Active
48779,3,2026-04-24,Active
28498,4,2024-01-07,Active
49225,5,2025-10-22,Active
1877,1,2024-08-10,Active
29092,2,2026-01-05,Active
4799,3,2026-05-30,Active
12199,4,2025-11-24,Active
23069,5,2025-02-08,Complete
3123,1,2023-07-15,Complete
20036,2,2025-09-13,Active
3058,3,2025-08-11,Lapsed
30176,4,2026-03-17,Complete
21302,5,2026-06-24,Active
34995,1,2026-06-12,Active
21754,2,2025-08-18,Active
47647,3,2026-03-31,Active
43059,4,2026-05-17,Active
17095,5,2025-01-04,Active
7462,1,2026-04-14,Complete
1759,2,2025-02-23,Lapsed
11141,3,2026-06-30,Active
50883,4,2026-03-22,Complete
19198,5,2025-11-14,Active
11039,1,2026-06-30,Complete
57075,2,2024-02-28,Lapsed
55010,3,2026-05-28,Active
12551,4,2026-05-22,Active
57684,5,2026-01-21,Complete
50649,1,2026-06-08,Active
14524,2,2025-02-13,Active
52979,3,2025-04-26,Active
24208,4,2026-05-01,Active
28767,5,2023-11-04,Active
59585,1,2026-03-23,Active
30690,2,2025-11-13,Complete
57698,3,2026-02-25,Active
42472,4,2026-06-30,Lapsed
39372,5,2026-04-28,Complete
20234,1,2024-10-06,Active
17536,2,2026-06-01,Complete
24969,3,2024-10-21,Active
53222,4,2026-04-06,Active
26030,5,2026-05-10,Active
43713,1,2024-10-28,Active
27432,2,2024-12-20,Complete
54958,3,2026-03-18,Active
55011,4,2026-01-31,Active
23688,5,2025-10-13,Active
37659,1,2024-05-06,Complete
29653,2,2026-06-24,Complete
29850,3,2025-10-13,Active
12130,4,2025-06-04,Active
59659,5,2026-01-02,Active
31971,1,2026-05-28,Lapsed
57221,2,2025-10-24,Active
23144,3,2026-05-22,Active
52895,4,2026-04-08,Complete
43862,5,2025-10-25,Active
43802,1,2026-06-14,Lapsed
30287,2,2026-04-03,Active
42701,3,2026-04-13,Active
44672,4,2026-06-23,Complete
43237,5,2023-12-08,Active
25311,1,2026-06-28,Active
4153,2,2025-11-07,Active
38787,3,2022-01-12,Active
24592,4,2026-06-23,Complete
45187,5,2023-09-19,Complete
22394,1,2025-06-22,Active
15079,2,2025-02-07,Complete
5059,3,2026-03-30,Active
2262,4,2026-06-17,Active
24843,5,2026-06-04,Active
38342,1,2026-05-24,Active
50421,2,2025-01-14,Active
10684,3,2025-12-26,Active
29525,4,2026-03-02,Active
5339,5,2024-04-30,Active
51976,1,2026-04-21,Active
59819,2,2023-02-01,Active
15468,3,2024-09-18,Complete
32562,4,2025-09-20,Active
24417,5,2023-09-18,Active
18212,1,2026-05-27,Active
32063,2,2026-04-27,Complete
7953,3,2026-01-31,Active
30233,4,2025-05-09,Complete
48633,5,2026-04-12,Active
5968,1,2026-07-01,Active
33847,2,2026-05-19,Complete
20876,3,2025-08-30,Complete
52393,4,2026-06-15,Complete
35111,5,2026-05-18,Active
24418,1,2025-08-31,Lapsed
30437,2,2024-05-11,Active
12521,3,2026-04-11,Complete
44399,4,2026-06-26,Active
14753,5,2026-07-01,Active
47431,1,2026-06-27,Active
22320,2,2026-06-28,Active
9043,3,2026-04-06,Active
3391,4,2025-10-07,Active
858,5,2026-06-19,Complete
13700,1,2025-08-13,Complete
393,2,2026-04-03,Active
34676,3,2026-03-13,Active
36410,4,2025-11-25,Active
24384,5,2025-09-19,Active
32043,1,2026-03-28,Active
53322,2,2026-06-06,Active
14241,3,2026-05-08,Complete
36938,4,2024-04-10,Active
34235,5,2026-06-18,Active
40827,1,2025-05-02,Active
3009,2,2026-05-21,Complete
51142,3,2026-06-29,Active
10949,4,2025-07-24,Active
39404,5,2026-02-18,Active
51253,1,2026-05-22,Complete
49390,2,2024-01-26,Active
26771,3,2026-01-29,Lapsed
50598,4,2026-03-03,Active
8413,5,2026-05-31,Active
23183,1,2025-10-23,Complete
37388,2,2026-02-27,Active
41605,3,2026-04-30,Active
22564,4,2026-06-13,Active
15065,5,2026-05-15,Active
13475,1,2026-06-19,Active
19928,2,2025-10-17,Active
7491,3,2024-07-03,Active
1239,4,2025-01-20,Active
14700,5,2025-03-15,Active
289,1,2025-06-19,Active
5601,2,2024-08-12,Complete
45954,3,2025-08-13,Active
11464,4,2025-06-18,Active
2226,5,2026-04-08,Active
22015,1,2026-06-23,Complete
11147,2,2026-06-26,Complete
15372,3,2024-02-08,Complete
42396,4,2025-04-11,Active
33350,5,2024-10-22,Lapsed
10610,1,2025-06-08,Active
15407,2,2026-05-15,Active
29572,3,2026-06-28,Active
6930,4,2025-05-19,Complete
3479,5,2026-02-01,Active
29009,1,2025-11-25,Complete
32049,2,2026-02-04,Complete
43783,3,2026-05-14,Active
47306,4,2022-12-08,Lapsed
6900,5,2026-03-02,Active
49030,1,2026-04-30,Complete
22580,2,2026-01-11,Complete
27133,3,2026-02-18,Active
26638,4,2025-12-18,Active
43630,5,2023-04-26,Active
58366,1,2025-02-05,Active
27980,2,2025-12-11,Complete
5041,3,2025-12-12,Active
52451,4,2026-05-26,Active
18044,5,2026-06-14,Complete
46444,1,2026-04-23,Active
15193,2,2025-08-30,Active
33940,3,2025-09-13,Active
51563,4,2025-08-09,Active
1057,5,2025-05-05,Complete
42660,1,2026-01-01,Active
48332,2,2025-03-06,Complete
48507,3,2026-06-06,Complete
34961,4,2026-06-29,Active
11684,5,2025-08-24,Active
44835,1,2025-01-29,Complete
9015,2,2024-07-17,Active
940,3,2026-04-16,Complete
58136,4,2026-05-01,Lapsed
57031,5,2024-11-14,Active
54527,1,2025-01-01,Active
28521,2,2026-06-22,Active
29439,3,2026-01-13,Complete
17191,4,2026-06-27,Active
49508,5,2026-06-20,Lapsed
44404,1,2026-05-12,Complete
9954,2,2026-02-05,Active
49866,3,2026-04-26,Active
8547,4,2026-05-24,Active
13506,5,2025-10-06,Active
35254,1,2026-05-05,Complete
48650,2,2026-01-04,Active
55530,3,2026-04-09,Active
9965,4,2025-10-23,Active
8298,5,2026-03-20,Lapsed
37102,1,2023-05-12,Complete
11834,2,2026-06-10,Active
40429,3,2026-03-29,Active
9251,4,2026-04-01,Active
46459,5,2025-05-11,Lapsed
38114,1,2026-03-23,Active
11374,2,2026-05-01,Active
46,3,2024-05-22,Active
26748,4,2026-02-09,Lapsed
59252,5,2026-01-29,Active
51577,1,2026-04-23,Active
39076,2,2026-06-29,Complete
3020,3,2026-05-28,Complete
2619,4,2026-04-13,Active
57894,5,2026-04-27,Active
28076,1,2025-09-21,Active
49726,2,2025-02-04,Complete
16694,3,2026-03-08,Active
38411,4,2026-04-06,Active
40882,5,2025-09-17,Complete
41822,1,2026-05-31,Active
17437,2,2025-11-01,Complete
9679,3,2025-12-16,Active
20201,4,2026-01-29,Active
3800,5,2026-04-29,Complete
34877,1,2026-03-28,Active
53216,2,2025-08-30,Complete
49386,3,2026-06-13,Active
45108,4,2026-06-16,Active
42551,5,2025-11-30,Complete
10593,1,2026-06-28,Active
2382,2,2026-02-07,Active
39343,3,2024-05-24,Lapsed
10637,4,2023-03-18,Active
36107,5,2025-11-10,Active
55064,1,2025-01-19,Active
53396,2,2025-07-06,Complete
47180,3,2025-08-26,Active
24708,4,2022-09-17,Complete
3548,5,2024-05-11,Lapsed
43381,1,2026-02-08,Complete
11532,2,2025-07-03,Active
48743,3,2026-06-16,Active
29904,4,2026-06-21,Complete
9754,5,2026-02-07,Complete
10831,1,2025-12-01,Active
56667,2,2026-04-29,Active
33188,3,2026-02-10,Complete
50028,4,2025-02-02,Active
37818,5,2026-05-28,Active
27836,1,2026-04-14,Active
3813,2,2026-01-08,Active
514,3,2025-05-11,Active
54427,4,2025-08-18,Active
41318,5,2025-10-16,Complete
43978,1,2026-06-10,Active
25986,2,2026-06-04,Active
2946,3,2025-09-10,Active
48720,4,2026-06-11,Active
21983,5,2025-10-05,Complete
899,1,2025-02-21,Active
12370,2,2025-07-14,Active
22544,3,2025-12-11,Active
26729,4,2026-05-12,Active
34728,5,2026-03-25,Active
46569,1,2025-05-15,Active
12110,2,2024-01-24,Active
3913,3,2025-08-29,Lapsed
1819,4,2026-05-20,Active
46058,5,2024-10-17,Complete
1795,1,2024-12-12,Active
50451,2,2024-06-11,Active
27750,3,2025-07-10,Active
50470,4,2026-06-07,Lapsed
55344,5,2025-01-07,Lapsed
56247,1,2024-02-25,Active
50041,2,2026-06-07,Active
8397,3,2026-01-13,Active
15161,4,2026-06-26,Complete
46868,5,2025-10-23,Active
55236,1,2026-05-27,Complete
13785,2,2025-11-19,Lapsed
58995,3,2026-06-24,Active
7004,4,2026-05-19,Active
14867,5,2026-05-12,Complete
15472,1,2026-05-13,Complete
36256,2,2026-02-16,Active
33435,3,2022-08-01,Active
50232,4,2025-02-11,Active
37631,5,2026-07-01,Active
54020,1,2026-05-18,Active
58292,2,2025-06-09,Active
16291,3,2026-01-16,Active
6206,4,2025-10-07,Active
8004,5,2025-10-26,Lapsed
54311,1,2026-01-31,Active
35152,2,2025-11-12,Active
10688,3,2026-06-14,Active
56312,4,2025-11-25,Active
14791,5,2023-06-21,Active
45938,1,2026-05-15,Active
1711,2,2024-06-26,Active
16958,3,2026-06-04,Complete
23421,4,2026-04-02,Active
51041,5,2025-02-11,Complete
55550,1,2026-05-30,Active
55029,2,2024-11-30,Active
12366,3,2026-05-22,Active
22131,4,2026-06-25,Active
29409,5,2026-06-01,Complete
40641,1,2023-10-24,Active
7106,2,2026-06-07,Active
22196,3,2024-11-07,Active
49477,4,2026-01-22,Active
48505,5,2026-06-14,Lapsed
20086,1,2026-05-30,Lapsed
38530,2,2026-03-21,Active
337,3,2024-12-04,Active
19643,4,2026-06-27,Complete
23586,5,2023-08-03,Active
30741,1,2026-04-23,Complete
13960,2,2026-03-31,Active
34661,3,2026-06-28,Active
49529,4,2026-06-14,Active
22699,5,2026-06-24,Active
16696,1,2023-03-11,Complete
2954,2,2024-05-21,Active
54016,3,2025-10-14,Active
48944,4,2023-08-08,Lapsed
5462,5,2026-06-12,Active
20491,1,2025-04-26,Active
29595,2,2024-07-05,Active
19118,3,2026-04-14,Active
36895,4,2026-05-24,Active
58248,5,2024-12-02,Active
4903,1,2026-01-14,Active
23478,2,2026-04-01,Active
38021,3,2026-04-10,Active
48924,4,2026-04-20,Complete
3181,5,2026-05-23,Complete
3378,1,2026-01-27,Active
51136,2,2025-08-16,Complete
1068,3,2026-02-23,Active
6951,4,2026-06-30,Active
53648,5,2026-05-15,Active
25919,1,2025-07-10,Active
53950,2,2023-01-25,Complete
48949,3,2022-02-04,Active
42706,4,2026-03-29,Active
53491,5,2023-06-10,Active
41250,1,2026-01-23,Active
48090,2,2024-11-04,Active
53892,3,2024-04-30,Active
5060,4,2026-03-16,Complete
54513,5,2025-10-17,Complete
28953,1,2025-11-28,Active
55227,2,2022-03-23,Active
25763,3,2026-06-26,Active
42228,4,2025-09-07,Complete
28056,5,2024-01-10,Active
15882,1,2025-07-10,Active
12760,2,2026-03-14,Active
59769,3,2026-02-28,Active
9437,4,2025-01-25,Active
42721,5,2026-06-19,Active
34731,1,2026-06-05,Active
51129,2,2026-06-24,Active
13613,3,2025-09-24,Active
12942,4,2026-06-02,Complete
23657,5,2026-06-24,Lapsed
13239,1,2026-01-01,Active
29642,2,2026-06-12,Active
8191,3,2024-09-22,Active
10346,4,2025-11-12,Complete
59909,5,2026-05-18,Active
30085,1,2025-10-05,Active
25066,2,2025-10-21,Complete
50788,3,2026-01-22,Active
19006,4,2025-01-19,Active
13080,5,2026-04-16,Complete
13570,1,2025-06-07,Active
6004,2,2024-09-15,Lapsed
21353,3,2026-02-26,Active
13614,4,2026-03-13,Lapsed
32175,5,2026-01-11,Complete
33143,1,2024-04-26,Lapsed
48926,2,2024-09-13,Complete
34760,3,2026-03-09,Complete
320,4,2026-03-29,Active
19334,5,2026-05-31,Active
1325,1,2026-06-28,Complete
52172,2,2026-02-09,Active
50599,3,2026-05-26,Active
18452,4,2026-06-30,Complete
2158,5,2024-04-12,Active
10937,1,2026-05-14,Active
27014,2,2026-05-20,Active
30691,3,2025-11-09,Lapsed
4964,4,2026-06-17,Active
40696,5,2022-06-09,Lapsed
27131,1,2026-05-08,Lapsed
17854,2,2025-09-28,Complete
48199,3,2026-06-26,Active
52390,4,2025-10-23,Active
17302,5,2025-12-05,Complete
59431,1,2024-03-13,Lapsed
26511,2,2025-08-01,Active
3885,3,2025-12-30,Active
30268,4,2023-03-05,Active
29275,5,2026-05-18,Complete
47110,1,2024-04-21,Lapsed
8937,2,2025-12-10,Active
17058,3,2023-11-10,Lapsed
49397,4,2026-06-01,Complete
53781,5,2026-04-07,Active
1462,1,2026-03-22,Complete
22938,2,2026-06-01,Active
49136,3,2026-04-19,Active
59064,4,2026-02-27,Active
50491,5,2026-03-01,Active
48007,1,2026-06-28,Complete
14315,2,2026-01-20,Complete
11773,3,2025-10-08,Complete
46041,4,2023-04-16,Complete
17833,5,2026-05-25,Active
47221,1,2026-03-24,Active
10758,2,2025-05-04,Active
41119,3,2026-06-22,Active
49832,4,2026-05-06,Active
50370,5,2026-06-29,Active
165,1,2025-06-29,Complete
13512,2,2026-05-03,Active
23215,3,2024-08-03,Active
15749,4,2025-07-25,Active
16593,5,2026-06-04,Lapsed
32498,1,2025-12-25,Complete
31681,2,2025-03-15,Complete
59725,3,2026-05-25,Complete
6217,4,2025-08-17,Active
22917,5,2025-08-09,Active
41161,1,2026-06-20,Lapsed
25283,2,2025-11-01,Complete
15168,3,2026-01-22,Complete
26477,4,2025-12-18,Complete
13646,5,2024-12-11,Active
33158,1,2022-06-10,Active
30299,2,2024-09-14,Active
1249,3,2026-05-06,Active
10913,4,2022-02-01,Complete
55852,5,2025-09-27,Lapsed
54574,1,2025-03-03,Lapsed
12830,2,2026-03-15,Complete
46451,3,2026-02-21,Active
48368,4,2026-04-11,Active
533,5,2024-04-24,Lapsed
2386,1,2026-06-26,Complete
56425,2,2024-12-09,Active
30376,3,2025-12-21,Active
12874,4,2024-10-24,Active
34714,5,2026-04-21,Lapsed
58272,1,2026-01-01,Active
45735,2,2026-06-28,Active
33120,3,2026-02-02,Active
2062,4,2024-10-20,Active
42111,5,2026-06-14,Active
49880,1,2024-07-20,Active
1965,2,2026-05-17,Active
58430,3,2024-10-09,Active
32832,4,2026-05-19,Complete
13800,5,2026-02-22,Active
488,1,2026-06-07,Active
39122,2,2023-08-20,Complete
8425,3,2026-05-06,Active
57808,4,2025-11-25,Lapsed
35472,5,2023-08-13,Active
6625,1,2026-03-30,Complete
55866,2,2026-06-19,Active
37376,3,2026-06-07,Active
1668,4,2022-10-24,Active
19948,5,2025-08-21,Active
43175,1,2025-02-06,Active
59407,2,2026-04-26,Active
45035,3,2026-03-19,Active
1887,4,2025-10-24,Active
4659,5,2026-03-06,Active
33501,1,2026-06-07,Active
24303,2,2022-05-18,Active
43684,3,2024-02-21,Lapsed
35671,4,2026-05-22,Active
42544,5,2026-03-31,Active
8963,1,2026-05-01,Complete
19335,2,2025-10-05,Lapsed
45260,3,2025-07-16,Complete
41082,4,2025-11-02,Complete
26881,5,2026-06-21,Active
16267,1,2026-06-25,Active
2919,2,2026-02-04,Active
13591,3,2026-06-11,Active
44759,4,2026-02-27,Active
25933,5,2025-10-02,Active
51503,1,2024-06-06,Active
48738,2,2026-06-22,Active
44363,3,2026-02-08,Active
49804,4,2026-06-29,Complete
52360,5,2025-11-15,Active
4732,1,2025-11-03,Complete
10626,2,2025-08-28,Lapsed
50148,3,2026-04-04,Active
19608,4,2026-01-21,Active
35464,5,2026-05-08,Active
33381,1,2025-05-17,Active
35866,2,2026-03-24,Active
6324,3,2026-05-07,Active
29615,4,2026-05-04,Active
39166,5,2026-01-20,Active
45658,1,2024-12-20,Complete
27668,2,2026-05-31,Active
43122,3,2023-09-01,Active
28512,4,2026-06-25,Active
59092,5,2025-10-21,Active
32356,1,2026-06-16,Lapsed
39346,2,2026-05-12,Active
54603,3,2026-05-28,Active
16654,4,2023-11-09,Active
31175,5,2026-06-17,Complete
32394,1,2026-06-06,Complete
48663,2,2024-10-06,Active
17964,3,2026-05-30,Active
3554,4,2025-05-08,Active
1946,5,2026-03-30,Active
47084,1,2026-06-17,Active
50233,2,2024-03-11,Active
25921,3,2023-03-11,Active
47457,4,2025-12-07,Active
15145,5,2026-06-30,Active
20193,1,2026-06-13,Complete
52110,2,2025-12-08,Active
59596,3,2024-04-30,Active
30628,4,2026-06-09,Active
505,5,2025-05-07,Lapsed
37154,1,2024-12-23,Active
37284,2,2024-11-27,Active
31229,3,2026-06-30,Active
20952,4,2024-07-24,Complete
32307,5,2024-03-15,Active
47362,1,2026-04-20,Active
10814,2,2025-03-12,Active
43479,3,2025-09-24,Lapsed
37514,4,2026-05-25,Active
38503,5,2025-04-27,Complete
12653,1,2026-06-20,Active
10575,2,2026-01-18,Complete
56267,3,2026-06-28,Active
48534,4,2026-04-02,Lapsed
37111,5,2025-09-12,Active
9795,1,2026-05-31,Complete
37711,2,2026-03-19,Active
23648,3,2026-06-11,Active
41441,4,2026-05-08,Active
58916,5,2023-02-20,Active
6716,1,2026-05-27,Active
48334,2,2026-01-19,Active
35572,3,2026-05-25,Active
26411,4,2026-03-30,Active
9053,5,2025-08-13,Active
8424,1,2026-04-04,Active
9907,2,2026-04-12,Active
20221,3,2026-04-16,Lapsed
49947,4,2025-10-22,Active
27115,5,2026-04-22,Complete
42607,1,2026-04-03,Active
36568,2,2025-07-31,Active
39154,3,2024-05-14,Active
1899,4,2026-03-31,Active
15396,5,2025-05-07,Complete
23756,1,2025-03-31,Complete
53556,2,2026-05-01,Active
20746,3,2026-03-18,Active
58510,4,2025-08-16,Complete
55536,5,2026-04-17,Active
25252,1,2026-01-28,Active
58372,2,2025-06-19,Active
26610,3,2026-04-10,Complete
58686,4,2026-06-23,Active
45222,5,2026-03-09,Active
27119,1,2026-05-06,Active
59387,2,2025-01-05,Active
36228,3,2026-06-14,Complete
45116,4,2026-06-21,Active
2388,5,2023-04-06,Active
28586,1,2025-04-12,Active
10973,2,2025-07-27,Active
16495,3,2026-06-26,Active
21131,4,2026-02-21,Lapsed
9425,5,2025-04-03,Active
3035,1,2026-06-02,Complete
29563,2,2025-03-10,Active
49974,3,2024-04-16,Active
2644,4,2026-05-07,Active
4127,5,2026-01-02,Active
6151,1,2026-03-31,Active
2095,2,2026-01-09,Complete
58980,3,2026-06-18,Complete
25651,4,2026-04-23,Active
25547,5,2025-03-24,Complete
1197,1,2026-03-01,Active
17057,2,2026-06-28,Active
19518,3,2023-10-26,Complete
24984,4,2026-04-12,Active
38413,5,2026-04-23,Active
23928,1,2025-11-18,Active
42832,2,2023-10-10,Active
1484,3,2026-01-02,Lapsed
42561,4,2025-05-05,Complete
10651,5,2026-04-18,Active
47685,1,2026-04-07,Active
27579,2,2026-04-18,Active
28957,3,2026-06-19,Active
1480,4,2026-05-20,Active
36144,5,2026-06-04,Complete
56025,1,2026-04-03,Complete
50221,2,2024-09-07,Active
6453,3,2026-01-02,Active
54842,4,2026-02-11,Complete
10240,5,2026-03-27,Active
54638,1,2025-12-09,Active
48409,2,2026-04-09,Active
20226,3,2025-09-14,Complete
8485,4,2025-11-16,Active
38624,5,2025-12-18,Complete
33685,1,2026-03-29,Active
8612,2,2024-03-25,Complete
31234,3,2025-06-19,Active
17385,4,2026-04-19,Active
17287,5,2024-10-26,Active
39764,1,2025-05-18,Complete
14475,2,2023-04-29,Active
47402,3,2026-06-19,Complete
42589,4,2026-06-14,Lapsed
10890,5,2023-11-07,Active
58124,1,2026-06-28,Active
31019,2,2026-06-29,Active
48552,3,2023-04-17,Active
56197,4,2025-03-02,Lapsed
54564,5,2022-03-25,Active
40245,1,2025-10-02,Active
43046,2,2026-01-11,Active
3108,3,2026-05-02,Complete
45289,4,2025-02-01,Active
55918,5,2025-11-09,Active
59640,1,2025-07-16,Lapsed
47044,2,2026-06-13,Active
52028,3,2026-05-27,Active
38199,4,2025-12-22,Active
8920,5,2025-08-29,Complete
14264,1,2026-06-02,Complete
25168,2,2025-05-12,Active
12058,3,2026-06-21,Complete
4418,4,2026-04-11,Active
47776,5,2026-05-31,Lapsed
219,1,2023-08-10,Complete
22788,2,2026-06-09,Complete
17970,3,2026-02-16,Complete
31619,4,2026-04-27,Active
30765,5,2026-04-10,Active
5189,1,2026-06-02,Complete
28190,2,2026-05-01,Complete
6330,3,2026-03-29,Active
25608,4,2026-06-14,Active
36110,5,2026-06-15,Active
45213,1,2024-10-07,Lapsed
53507,2,2026-05-17,Active
54378,3,2024-10-04,Complete
58452,4,2025-03-20,Active
51515,5,2025-06-06,Active
31531,1,2025-07-20,Active
39802,2,2026-06-20,Active
27893,3,2026-04-02,Complete
37182,4,2026-02-27,Lapsed
45905,5,2026-02-02,Active
36177,1,2026-05-05,Complete
16191,2,2025-10-12,Active
3313,3,2024-07-25,Active
12807,4,2026-05-06,Lapsed
8549,5,2025-11-23,Active
5840,1,2022-11-10,Active
4599,2,2025-04-02,Active
33030,3,2026-02-04,Active
38969,4,2026-05-15,Complete
19423,5,2026-06-17,Active
12914,1,2025-05-09,Active
11072,2,2025-09-16,Active
37972,3,2025-07-29,Complete
20622,4,2025-05-24,Active
17221,5,2026-01-26,Active
38288,1,2026-05-11,Active
44217,2,2026-04-30,Active
55820,3,2023-01-20,Complete
10927,4,2025-10-06,Active
28857,5,2025-12-12,Active
11482,1,2026-06-06,Active
40825,2,2026-06-30,Active
6007,3,2024-10-27,Complete
52814,4,2026-04-24,Active
58137,5,2026-06-23,Active
13473,1,2022-01-21,Active
24751,2,2026-06-05,Active
43573,3,2024-12-31,Active
14907,4,2026-03-18,Lapsed
16242,5,2025-11-23,Active
24499,1,2026-03-29,Complete
59840,2,2026-05-03,Complete
56898,3,2026-05-26,Complete
57557,4,2023-04-26,Lapsed
47038,5,2025-11-04,Complete
54226,1,2025-05-31,Complete
8040,2,2026-05-24,Active
6095,3,2026-05-10,Lapsed
18681,4,2025-09-01,Complete
650,5,2025-07-18,Complete
56510,1,2026-04-03,Active
31540,2,2026-05-08,Complete
23079,3,2026-04-22,Active
44018,4,2026-06-20,Active
58183,5,2026-06-22,Complete
56139,1,2026-04-26,Active
18815,2,2026-05-27,Active
17403,3,2023-03-01,Complete
48589,4,2025-08-28,Lapsed
37581,5,2026-06-21,Complete
9398,1,2026-06-14,Active
44278,2,2025-11-06,Active
28595,3,2026-04-30,Active
48649,4,2026-06-29,Active
46954,5,2026-03-25,Complete
27885,1,2024-06-26,Active
41452,2,2025-09-06,Active
58609,3,2025-06-15,Active
26842,4,2026-06-14,Active
17209,5,2026-06-06,Active
45564,1,2025-04-26,Active
23631,2,2026-06-04,Complete
48391,3,2026-04-24,Active
43526,4,2026-04-30,Active
31543,5,2026-06-14,Active
52038,1,2025-03-29,Active
13557,2,2026-05-15,Active
39279,3,2026-05-02,Active
36808,4,2026-06-13,Active
20280,5,2026-05-04,Active
16885,1,2024-07-16,Active
14326,2,2026-06-25,Active
3478,3,2026-06-20,Complete
10725,4,2026-05-31,Active
3426,5,2026-06-11,Active
24342,1,2026-02-28,Active
6694,2,2025-04-30,Active
57141,3,2025-08-24,Complete
31314,4,2026-02-18,Lapsed
27978,5,2025-07-01,Active
20333,1,2026-03-15,Active
33173,2,2025-06-26,Lapsed
3424,3,2023-02-13,Complete
31849,4,2024-11-26,Active
39520,5,2024-07-15,Active
22609,1,2025-03-10,Active
37051,2,2026-05-28,Active
29209,3,2024-04-29,Complete
4880,4,2026-06-28,Complete
38794,5,2026-05-31,Active
11367,1,2025-11-08,Active
5665,2,2026-01-29,Active
29216,3,2025-05-26,Active
52220,4,2026-06-22,Complete
22379,5,2026-04-25,Active
58006,1,2026-05-01,Active
988,2,2024-09-28,Active
5361,3,2026-03-19,Active
53226,4,2026-05-16,Active
19153,5,2024-04-16,Active
51562,1,2026-06-06,Active
59803,2,2024-07-22,Active
14813,3,2025-12-28,Complete
9458,4,2026-04-17,Active
32755,5,2025-10-22,Active
37278,1,2026-06-09,Active
35498,2,2026-06-16,Complete
35309,3,2024-10-26,Active
18567,4,2025-10-20,Complete
11078,5,2025-03-09,Complete
39173,1,2026-05-23,Active
55917,2,2026-02-11,Complete
44345,3,2025-01-02,Active
5015,4,2026-06-05,Lapsed
52576,5,2025-03-24,Active
45452,1,2026-06-24,Active
47639,2,2024-11-09,Active
52178,3,2026-03-22,Active
34725,4,2024-05-10,Active
6549,5,2025-12-23,Complete
44995,1,2026-03-23,Lapsed
34189,2,2026-03-11,Complete
36926,3,2024-09-01,Active
22611,4,2021-11-20,Active
26583,5,2026-06-03,Active
25789,1,2026-02-24,Lapsed
49092,2,2023-10-04,Complete
59194,3,2026-06-21,Active
15858,4,2026-06-20,Lapsed
27758,5,2026-06-17,Complete
30220,1,2025-11-01,Active
48086,2,2024-10-28,Complete
35731,3,2024-05-12,Active
48091,4,2025-09-19,Active
54630,5,2025-08-22,Active
56145,1,2024-09-01,Active
14946,2,2026-05-13,Active
32693,3,2025-01-22,Active
8159,4,2024-01-10,Complete
25439,5,2026-06-27,Complete
33590,1,2025-08-14,Active
6213,2,2024-10-27,Active
36501,3,2026-06-01,Active
28678,4,2026-06-25,Active
36943,5,2026-04-20,Active
9132,1,2023-08-03,Active
58437,2,2025-09-29,Lapsed
59632,3,2025-02-14,Active
52724,4,2026-03-29,Complete
20246,5,2026-02-06,Active
41292,1,2025-07-03,Active
32647,2,2025-08-14,Complete
7001,3,2024-11-17,Active
3319,4,2026-02-08,Active
48348,5,2025-09-25,Active
1168,1,2026-06-30,Active
28621,2,2026-05-28,Active
12481,3,2026-05-24,Active
32727,4,2026-04-30,Active
42031,5,2025-08-12,Active
55368,1,2024-08-24,Active
8363,2,2026-06-22,Active
38648,3,2026-06-08,Active
18233,4,2023-03-02,Complete
53315,5,2026-05-15,Active
33658,1,2026-04-19,Complete
27363,2,2026-05-30,Active
54819,3,2025-04-07,Complete
17358,4,2026-03-14,Active
14999,5,2026-06-07,Complete
30837,1,2026-06-28,Active
33011,2,2026-05-26,Active
54031,3,2026-02-06,Active
799,4,2026-06-22,Complete
58623,5,2025-08-04,Complete
28577,1,2026-06-07,Lapsed
3760,2,2024-12-09,Active
34619,3,2025-06-12,Active
42725,4,2025-05-25,Active
35523,5,2026-05-03,Complete
57924,1,2025-02-19,Complete
45602,2,2025-05-08,Complete
41317,3,2025-05-14,Active
229,4,2025-06-19,Active
53672,5,2026-05-10,Active
20468,1,2026-06-07,Active
47227,2,2026-04-22,Complete
56880,3,2026-04-20,Active
9775,4,2025-09-23,Active
18227,5,2025-04-11,Complete
59989,1,2026-05-30,Active
6481,2,2026-06-13,Lapsed
10951,3,2026-06-30,Active
54937,4,2023-12-08,Active
42882,5,2025-11-24,Active
38277,1,2026-03-04,Active
13673,2,2025-05-22,Active
47784,3,2025-09-28,Active
9261,4,2025-10-01,Active
4555,5,2025-09-22,Active
14031,1,2025-09-07,Active
24021,2,2026-06-06,Complete
150,3,2025-09-13,Active
26040,4,2026-04-28,Active
12472,5,2026-01-16,Active
25552,1,2024-11-28,Active
10424,2,2026-03-07,Active
35751,3,2026-01-20,Active
46903,4,2024-02-25,Complete
7091,5,2025-06-18,Lapsed
28446,1,2026-05-18,Complete
3046,2,2025-10-11,Lapsed
4536,3,2024-03-06,Active
33552,4,2026-05-27,Active
17257,5,2022-03-21,Lapsed
58424,1,2026-05-01,Lapsed
21490,2,2026-02-16,Complete
24214,3,2026-06-21,Active
45834,4,2026-01-06,Complete
59305,5,2026-03-27,Active
30827,1,2026-02-07,Active
12719,2,2025-06-04,Active
17502,3,2024-10-26,Active
45853,4,2024-12-26,Lapsed
44456,5,2026-03-02,Complete
59647,1,2026-05-11,Active
4061,2,2026-03-17,Active
15257,3,2026-03-10,Active
56866,4,2025-12-29,Active
3873,5,2026-03-07,Active
13130,1,2025-09-01,Active
51025,2,2024-09-14,Active
16123,3,2024-08-27,Lapsed
10253,4,2026-03-26,Active
15534,5,2025-09-19,Active
28790,1,2024-12-27,Active
54281,2,2026-06-21,Active
54922,3,2024-12-31,Active
45677,4,2026-01-22,Active
7478,5,2026-06-26,Active
28347,1,2026-03-02,Active
13217,2,2025-03-29,Lapsed
26291,3,2026-01-11,Complete
14990,4,2026-03-23,Active
7703,5,2026-06-27,Active
55687,1,2026-06-28,Active
55000,2,2026-03-30,Active
11242,3,2026-05-19,Complete
42639,4,2026-03-25,Complete
18712,5,2025-12-12,Active
43712,1,2025-05-27,Active
22717,2,2025-02-22,Active
8028,3,2026-05-15,Active
36282,4,2025-12-14,Active
31555,5,2026-05-10,Lapsed
2665,1,2026-06-10,Active
48245,2,2026-02-20,Active
44362,3,2026-04-08,Lapsed
11936,4,2022-11-04,Active
8605,5,2025-10-13,Active
27268,1,2026-01-27,Active
37242,2,2026-06-29,Active
18598,3,2026-06-21,Active
43060,4,2026-01-14,Lapsed
7915,5,2026-06-14,Active
18456,1,2024-07-29,Active
19569,2,2026-06-26,Active
19660,3,2026-05-25,Complete
21538,4,2026-04-08,Complete
59279,5,2026-02-25,Complete
52468,1,2026-03-31,Active
3651,2,2026-06-27,Complete
8583,3,2025-06-22,Complete
37586,4,2025-06-11,Active
34012,5,2026-04-14,Complete
12014,1,2024-12-23,Active
54787,2,2026-06-09,Lapsed
4325,3,2026-01-01,Lapsed
42,4,2024-09-19,Active
27834,5,2026-05-24,Complete
38750,1,2024-10-16,Active
42295,2,2026-06-12,Complete
52616,3,2026-04-06,Complete
17721,4,2025-07-21,Active
55023,5,2026-06-28,Active
52007,1,2024-11-21,Active
41496,2,2025-04-12,Active
38782,3,2025-08-25,Active
41241,4,2023-10-25,Active
24646,5,2026-05-28,Active
25725,1,2026-05-31,Active
6779,2,2026-06-06,Active
27609,3,2026-03-08,Complete
49688,4,2025-11-25,Active
58400,5,2025-07-11,Active
46289,1,2023-11-04,Active
29106,2,2025-08-15,Active
18152,3,2025-11-10,Active
20228,4,2026-05-01,Lapsed
42664,5,2024-06-21,Active
2081,1,2025-04-16,Lapsed
5965,2,2024-05-30,Active
39573,3,2026-06-28,Active
6048,4,2025-12-09,Complete
11096,5,2025-07-03,Active
26478,1,2025-02-06,Active
31541,2,2025-12-28,Active
5110,3,2024-09-12,Active
10239,4,2024-04-28,Active
24880,5,2025-12-31,Complete
6188,1,2026-04-11,Active
17255,2,2025-12-02,Active
49378,3,2025-06-17,Active
8878,4,2025-09-30,Active
8225,5,2025-10-15,Active
323,1,2025-01-17,Complete
17008,2,2026-06-03,Active
48798,3,2026-02-03,Active
39813,4,2026-06-26,Active
35829,5,2026-04-19,Active
59796,1,2026-04-08,Active
28431,2,2026-05-15,Active
12331,3,2025-08-02,Active
54496,4,2026-06-07,Complete
20949,5,2026-06-27,Active
57967,1,2024-10-31,Active
44922,2,2026-04-24,Complete
6448,3,2026-05-09,Complete
3430,4,2025-12-30,Active
44122,5,2026-01-24,Lapsed
19193,1,2025-05-19,Complete
31833,2,2026-04-24,Complete
55042,3,2025-12-29,Active
3663,4,2024-12-14,Active
8957,5,2025-06-16,Active
28847,1,2022-02-15,Active
42363,2,2026-05-07,Complete
21826,3,2026-06-13,Complete
29768,4,2025-03-08,Complete
23115,5,2025-07-06,Active
36809,1,2026-06-18,Complete
14041,2,2025-09-19,Active
36406,3,2026-06-29,Active
17797,4,2025-11-02,Active
33016,5,2025-12-16,Complete
53921,1,2024-03-17,Active
25875,2,2026-06-15,Active
31490,3,2025-10-18,Active
1466,4,2026-05-19,Complete
11293,5,2025-12-12,Active
59732,1,2025-07-18,Active
32767,2,2026-06-29,Active
35072,3,2025-11-14,Active
24172,4,2026-06-23,Active
32736,5,2026-01-05,Active
16394,1,2024-11-18,Active
59583,2,2026-02-08,Complete
46269,3,2026-05-03,Active
25949,4,2022-12-19,Active
53459,5,2025-04-02,Active
13474,1,2026-01-13,Active
52037,2,2024-06-07,Complete
21269,3,2025-10-15,Active
47602,4,2026-02-04,Active
34000,5,2025-11-14,Active
22128,1,2025-10-12,Active
50716,2,2026-02-18,Lapsed
23596,3,2026-05-31,Active
21409,4,2026-05-11,Active
50479,5,2026-01-04,Complete
46964,1,2026-02-02,Active
4438,2,2024-01-26,Active
51368,3,2025-06-13,Active
34654,4,2026-02-26,Active
10657,5,2024-01-08,Active
23194,1,2024-05-26,Active
51620,2,2025-03-05,Active
33854,3,2025-10-14,Complete
49629,4,2026-01-22,Active
2881,5,2024-03-02,Active
34337,1,2024-07-21,Active
46776,2,2026-04-25,Active
4709,3,2026-06-06,Complete
8875,4,2025-04-17,Complete
10178,5,2025-04-03,Complete
25654,1,2024-05-25,Active
18736,2,2025-09-02,Complete
53670,3,2026-05-07,Complete
40311,4,2025-10-19,Active
16124,5,2026-01-03,Complete
40460,1,2026-03-19,Active
42212,2,2025-12-16,Active
57518,3,2025-02-18,Active
21927,4,2026-06-21,Complete
25270,5,2025-09-05,Active
18704,1,2026-06-20,Complete
43245,2,2026-06-07,Active
34766,3,2026-06-02,Lapsed
7368,4,2026-06-16,Active
40869,5,2026-06-15,Active
2763,1,2024-07-10,Active
46405,2,2026-04-12,Active
58998,3,2023-02-22,Active
3295,4,2026-02-14,Active
46579,5,2026-04-28,Lapsed
53172,1,2026-06-25,Complete
16555,2,2026-04-25,Active
12593,3,2026-01-02,Active
24210,4,2025-01-15,Active
4060,5,2026-06-21,Active
17977,1,2021-12-04,Active
32928,2,2026-05-17,Lapsed
37475,3,2025-08-25,Active
41184,4,2025-01-02,Active
31406,5,2025-04-04,Complete
28457,1,2026-06-02,Active
15949,2,2025-10-02,Active
56534,3,2025-12-22,Active
4664,4,2026-02-25,Complete
3338,5,2026-02-28,Complete
31042,1,2026-01-12,Complete
53092,2,2025-08-26,Lapsed
728,3,2025-09-07,Active
5990,4,2026-06-23,Active
49459,5,2026-06-22,Complete
37530,1,2026-06-24,Active
8093,2,2026-06-10,Active
33618,3,2024-08-03,Lapsed
50579,4,2026-05-28,Active
59228,5,2026-01-15,Active
10210,1,2026-05-18,Active
56009,2,2025-07-24,Active
5639,3,2026-03-31,Active
4695,4,2024-12-01,Active
37458,5,2025-09-18,Active
54143,1,2026-05-10,Complete
54073,2,2026-04-14,Complete
58316,3,2024-12-08,Active
59633,4,2026-06-21,Active
35965,5,2025-09-11,Active
37143,1,2025-10-29,Complete
54499,2,2025-12-31,Active
32339,3,2025-12-17,Lapsed
28325,4,2023-06-23,Active
16303,5,2026-06-14,Complete
4879,1,2025-12-30,Active
400,2,2023-10-31,Active
356,3,2026-03-31,Active
35832,4,2026-06-05,Complete
24422,5,2026-02-25,Active
57819,1,2025-12-28,Lapsed
24068,2,2025-03-28,Active
40324,3,2025-06-10,Lapsed
52988,4,2026-01-17,Lapsed
19343,5,2026-06-05,Active
55365,1,2026-05-22,Complete
15656,2,2026-04-09,Active
49588,3,2026-06-09,Active
49685,4,2026-03-21,Lapsed
31230,5,2024-05-11,Active
55507,1,2026-02-22,Active
26850,2,2026-01-05,Active
31558,3,2025-11-08,Active
58856,4,2026-05-27,Active
30020,5,2026-02-12,Complete
55605,1,2025-01-28,Active
16839,2,2026-01-07,Complete
30748,3,2025-11-13,Active
43493,4,2026-02-15,Active
9831,5,2025-04-17,Complete
17812,1,2026-06-12,Active
10480,2,2024-11-22,Complete
27859,3,2026-01-18,Lapsed
27699,4,2026-05-19,Active
22411,5,2023-08-23,Lapsed
3635,1,2026-04-09,Active
18634,2,2022-11-30,Active
43628,3,2026-05-05,Active
9129,4,2026-02-18,Active
56383,5,2025-05-23,Active
24784,1,2022-03-13,Active
50220,2,2024-10-20,Complete
39874,3,2026-06-08,Active
51344,4,2026-06-10,Complete
50193,5,2026-04-13,Complete
59487,1,2023-09-27,Active
58851,2,2026-05-05,Active
36270,3,2026-05-19,Active
3034,4,2026-05-09,Lapsed
8232,5,2022-03-17,Active
58094,1,2026-03-10,Active
53802,2,2026-05-24,Active
39091,3,2026-06-16,Lapsed
10101,4,2025-05-20,Active
33498,5,2024-08-11,Active
24126,1,2025-03-08,Active
52545,2,2026-06-22,Active
3552,3,2026-01-20,Active
45610,4,2024-12-18,Active
5444,5,2025-11-10,Active
14300,1,2024-08-12,Active
1404,2,2026-04-06,Active
7138,3,2026-03-22,Active
20709,4,2025-07-20,Active
37648,5,2025-04-14,Complete
35434,1,2024-02-09,Complete
45985,2,2026-05-23,Complete
25877,3,2025-10-09,Active
23386,4,2024-07-18,Complete
58922,5,2026-06-25,Complete
125,1,2026-05-25,Active
39008,2,2024-01-22,Active
34851,3,2026-06-25,Active
36811,4,2026-03-08,Active
30562,5,2023-03-16,Active
25841,1,2026-03-08,Active
44201,2,2026-03-01,Active
47171,3,2025-06-02,Complete
39563,4,2026-03-04,Active
42915,5,2025-03-07,Active
30274,1,2023-01-09,Active
25777,2,2026-04-03,Complete
14197,3,2025-09-23,Active
44695,4,2024-08-18,Active
13535,5,2025-12-30,Active
16874,1,2026-06-28,Complete
11876,2,2026-04-01,Active
49264,3,2025-04-11,Active
39643,4,2024-09-16,Active
57358,5,2026-06-20,Active
26377,1,2026-03-29,Active
6367,2,2025-11-24,Lapsed
23366,3,2023-12-01,Active
23410,4,2026-03-26,Active
43820,5,2023-03-08,Complete
5749,1,2025-09-28,Active
55179,2,2023-07-31,Active
3851,3,2025-02-08,Lapsed
38088,4,2025-09-15,Active
48058,5,2026-06-20,Active
58877,1,2025-04-20,Complete
27323,2,2025-02-08,Complete
23128,3,2026-03-29,Complete
25335,4,2025-10-10,Active
56202,5,2026-02-14,Lapsed
49939,1,2023-12-14,Active
46686,2,2025-05-20,Complete
53635,3,2026-01-04,Active
8117,4,2026-06-29,Active
52107,5,2024-03-16,Active
53208,1,2025-12-29,Active
14906,2,2026-05-30,Active
21124,3,2024-10-13,Complete
14246,4,2025-06-11,Complete
23978,5,2025-07-25,Lapsed
32616,1,2023-09-30,Complete
39606,2,2026-01-11,Active
38232,3,2026-05-26,Active
14913,4,2025-04-29,Complete
35977,5,2025-04-28,Active
9912,1,2026-06-21,Active
6150,2,2026-06-11,Active
38444,3,2026-03-07,Complete
32565,4,2024-02-07,Active
41380,5,2025-11-14,Active
31699,1,2026-07-01,Active
31872,2,2026-03-11,Active
7505,3,2026-05-26,Active
18903,4,2026-05-26,Complete
10433,5,2026-03-15,Lapsed
55481,1,2025-08-01,Complete
55519,2,2026-02-06,Active
33447,3,2025-11-08,Lapsed
42440,4,2026-02-23,Active
59565,5,2025-07-26,Complete
32337,1,2024-08-07,Complete
7044,2,2025-03-06,Active
26660,3,2023-08-10,Complete
41841,4,2026-01-18,Active
26240,5,2025-08-29,Complete
15089,1,2025-06-17,Active
24526,2,2026-05-05,Complete
20707,3,2026-04-30,Active
19311,4,2025-12-13,Complete
47176,5,2025-09-28,Active
11118,1,2024-09-27,Active
4861,2,2026-01-20,Active
35170,3,2026-01-02,Lapsed
49142,4,2025-08-17,Active
35192,5,2026-01-03,Complete
17357,1,2025-10-23,Complete
42342,2,2026-05-14,Active
4076,3,2025-04-08,Active
29336,4,2026-05-20,Complete
29575,5,2025-11-03,Active
174,1,2026-06-25,Active
48812,2,2026-04-28,Active
20669,3,2026-06-25,Active
368,4,2023-12-22,Lapsed
28028,5,2026-02-12,Active
48110,1,2025-09-24,Active
11721,2,2026-05-24,Lapsed
12777,3,2026-07-01,Active
25193,4,2026-03-01,Active
19025,5,2023-12-05,Active
43861,1,2023-06-20,Active
27273,2,2025-03-23,Active
26715,3,2026-06-12,Active
15785,4,2025-04-02,Active
28137,5,2025-03-22,Active
15526,1,2024-07-02,Active
11635,2,2025-04-12,Active
15185,3,2024-12-13,Active
44068,4,2025-04-16,Active
30629,5,2026-05-16,Active
7011,1,2026-05-12,Active
1778,2,2026-02-10,Active
13867,3,2025-08-10,Active
26967,4,2025-05-05,Lapsed
8202,5,2026-06-04,Active
44903,1,2025-11-16,Active
37099,2,2025-07-05,Active
4252,3,2026-04-19,Active
22651,4,2026-06-09,Active
8737,5,2024-04-20,Active
48077,1,2026-06-08,Active
51920,2,2026-06-15,Complete
971,3,2025-05-24,Active
8175,4,2025-10-22,Active
18326,5,2025-10-25,Active
6673,1,2025-06-02,Active
46383,2,2024-02-08,Complete
51803,3,2025-11-16,Complete
7098,4,2026-04-21,Complete
49260,5,2026-05-31,Active
13776,1,2025-04-07,Active
35215,2,2025-06-07,Active
34455,3,2026-01-17,Active
19970,4,2026-05-18,Complete
26158,5,2026-03-22,Active
13350,1,2026-04-07,Active
5583,2,2025-11-15,Active
20407,3,2026-03-26,Complete
20170,4,2026-06-12,Active
59120,5,2024-05-10,Active
20192,1,2024-08-19,Active
10441,2,2025-02-01,Complete
5481,3,2023-01-04,Active
29435,4,2024-05-04,Active
42177,5,2026-01-01,Active
27345,1,2026-03-24,Complete
57531,2,2026-06-30,Complete
43382,3,2026-05-17,Lapsed
44670,4,2025-12-26,Active
53296,5,2024-09-17,Complete
19409,1,2025-08-31,Active
35503,2,2025-12-08,Complete
14402,3,2026-05-02,Complete
40670,4,2024-11-10,Active
37566,5,2026-06-11,Active
46392,1,2025-11-29,Active
57429,2,2026-04-25,Active
40075,3,2026-06-23,Active
32154,4,2025-05-08,Lapsed
20012,5,2026-01-06,Complete
51244,1,2026-04-28,Complete
59709,2,2025-02-22,Active
29737,3,2023-09-14,Active
49877,4,2023-01-02,Active
1341,5,2026-05-01,Active
18013,1,2025-07-23,Active
56003,2,2026-03-03,Complete
29815,3,2026-06-10,Active
4222,4,2026-01-05,Active
5915,5,2023-11-25,Lapsed
20601,1,2026-05-16,Active
26396,2,2025-02-18,Active
729,3,2025-10-10,Active
41657,4,2026-06-10,Active
36709,5,2026-04-16,Active
9943,1,2024-08-20,Complete
33206,2,2025-11-17,Complete
25464,3,2026-02-08,Active
56985,4,2024-02-04,Complete
18160,5,2026-02-12,Active
47350,1,2025-11-12,Active
51184,2,2025-07-14,Active
14624,3,2025-04-13,Active
37526,4,2025-10-25,Active
8066,5,2025-10-04,Active
16177,1,2025-11-21,Active
34880,2,2026-06-12,Active
32373,3,2025-03-24,Active
6544,4,2026-04-29,Active
32413,5,2024-08-29,Active
51272,1,2026-05-10,Active
5541,2,2025-05-14,Active
1865,3,2026-06-23,Active
58169,4,2026-03-19,Active
31964,5,2024-02-07,Active
52300,1,2023-05-15,Complete
41221,2,2026-05-21,Lapsed
27517,3,2026-05-27,Active
50705,4,2026-03-09,Complete
33654,5,2024-12-24,Lapsed
35811,1,2026-03-17,Active
36558,2,2024-09-19,Lapsed
12163,3,2026-06-30,Active
7369,4,2026-02-16,Complete
29876,5,2025-03-14,Lapsed
23052,1,2024-11-09,Complete
46051,2,2026-06-05,Active
50689,3,2024-05-02,Lapsed
49505,4,2026-05-25,Active
25783,5,2025-10-11,Active
24390,1,2025-03-28,Active
55772,2,2026-06-28,Lapsed
11564,3,2026-04-07,Active
26161,4,2023-12-13,Active
40596,5,2024-04-14,Active
7247,1,2024-12-30,Complete
37555,2,2025-10-11,Active
611,3,2023-06-15,Active
17742,4,2026-01-27,Active
51899,5,2025-10-04,Active
30977,1,2026-03-21,Active
50396,2,2026-06-28,Active
6392,3,2026-06-16,Active
35432,4,2024-09-17,Active
41031,5,2026-04-10,Active
57702,1,2026-06-28,Active
42627,2,2024-03-17,Active
55869,3,2025-12-16,Active
41334,4,2024-07-23,Active
41768,5,2026-01-16,Active
58007,1,2025-07-17,Active
7426,2,2026-02-21,Lapsed
10729,3,2025-02-21,Lapsed
14835,4,2026-06-18,Active
50135,5,2024-08-27,Active
59299,1,2026-06-23,Complete
47325,2,2026-06-18,Active
24528,3,2026-04-27,Active
12429,4,2026-06-23,Active
59524,5,2025-02-23,Active
14360,1,2026-05-20,Lapsed
44544,2,2023-03-23,Active
59424,3,2026-04-30,Active
39103,4,2024-10-19,Active
11019,5,2025-12-26,Active
681,1,2026-04-09,Active
55677,2,2024-07-30,Active
29617,3,2026-02-03,Active
20894,4,2026-03-01,Complete
59233,5,2026-05-05,Complete
2551,1,2026-02-05,Active
20778,2,2025-12-20,Lapsed
54940,3,2025-12-06,Active
25809,4,2024-11-02,Complete
31390,5,2026-01-16,Active
16703,1,2026-01-12,Complete
20897,2,2026-06-27,Lapsed
27835,3,2025-12-10,Active
59267,4,2026-06-24,Active
42182,5,2025-10-18,Complete
33362,1,2026-03-12,Active
36087,2,2024-12-03,Active
17406,3,2021-09-25,Active
29476,4,2025-08-02,Active
34357,5,2026-06-28,Complete
24904,1,2026-05-16,Active
32121,2,2025-07-19,Complete
31754,3,2026-03-27,Active
14707,4,2026-05-03,Complete
57053,5,2026-05-14,Active
47717,1,2024-10-21,Active
20434,2,2026-06-26,Lapsed
25816,3,2026-05-15,Complete
4637,4,2025-11-01,Active
19465,5,2025-08-24,Active
29975,1,2025-06-02,Active
23837,2,2026-05-07,Complete
56092,3,2025-05-08,Active
7493,4,2024-03-28,Active
22000,5,2024-11-06,Active
47010,1,2023-10-18,Active
22783,2,2026-04-01,Active
40421,3,2026-06-09,Complete
10298,4,2025-02-01,Active
4836,5,2026-06-24,Active
38874,1,2026-06-19,Active
19504,2,2026-05-14,Active
40985,3,2026-03-21,Active
34824,4,2025-05-06,Complete
4168,5,2024-04-06,Lapsed
37487,1,2026-06-20,Complete
38655,2,2025-04-23,Active
16311,3,2026-06-12,Complete
28935,4,2026-04-14,Active
38581,5,2026-04-12,Active
22993,1,2026-04-16,Active
33050,2,2025-03-31,Active
5238,3,2025-11-01,Complete
34130,4,2026-06-25,Complete
13328,5,2026-02-12,Active
54978,1,2026-05-09,Active
53144,2,2025-07-09,Active
39419,3,2026-06-26,Complete
15481,4,2025-03-11,Active
15002,5,2025-02-14,Complete
47627,1,2026-03-07,Complete
24364,2,2026-05-15,Active
34152,3,2026-06-03,Active
14503,4,2026-05-27,Complete
34095,5,2024-06-07,Active
35791,1,2024-02-26,Active
17299,2,2023-12-24,Active
37615,3,2026-05-30,Active
53883,4,2025-12-28,Lapsed
36562,5,2026-03-21,Active
51065,1,2024-05-22,Complete
28535,2,2025-01-30,Lapsed
17625,3,2026-05-14,Active
3976,4,2025-04-05,Active
21196,5,2026-06-24,Lapsed
40615,1,2025-09-26,Active
50415,2,2026-06-13,Active
16384,3,2023-09-07,Active
35023,4,2026-06-12,Complete
28879,5,2025-08-19,Active
38645,1,2026-04-01,Active
11340,2,2026-03-20,Active
32774,3,2026-05-08,Complete
19028,4,2026-06-01,Lapsed
21199,5,2026-04-01,Lapsed
33727,1,2025-03-11,Active
58240,2,2025-10-31,Active
5668,3,2026-06-23,Active
2927,4,2025-12-05,Active
26278,5,2026-05-22,Complete
15437,1,2024-09-08,Complete
50597,2,2026-06-18,Active
58164,3,2026-06-30,Complete
6401,4,2026-02-13,Active
28175,5,2025-04-06,Lapsed
26987,1,2025-01-06,Active
14322,2,2025-10-28,Active
21640,3,2026-04-20,Active
32335,4,2026-03-31,Lapsed
16424,5,2026-06-26,Active
3546,1,2026-06-17,Active
44671,2,2024-11-09,Active
50847,3,2025-11-07,Active
52744,4,2026-05-31,Complete
49439,5,2024-11-26,Lapsed
26539,1,2024-03-23,Active
48253,2,2026-03-07,Lapsed
58670,3,2025-12-04,Complete
14186,4,2024-07-10,Active
55309,5,2025-04-09,Complete
5063,1,2026-06-13,Active
19154,2,2026-06-18,Active
45225,3,2026-06-30,Active
41494,4,2026-06-20,Active
59650,5,2025-07-11,Lapsed
57683,1,2024-03-03,Active
3105,2,2025-03-24,Active
31489,3,2025-06-02,Complete
26498,4,2025-11-28,Active
57203,5,2026-06-27,Active
7617,1,2025-05-01,Active
8321,2,2026-04-06,Complete
18355,3,2026-03-08,Complete
45795,4,2026-06-26,Active
1976,5,2026-06-20,Active
15007,1,2026-06-29,Active
27869,2,2026-06-26,Lapsed
39481,3,2024-12-25,Active
45734,4,2026-05-23,Active
9903,5,2025-06-22,Complete
17424,1,2026-05-21,Active
47465,2,2025-09-28,Complete
16698,3,2025-11-22,Complete
58468,4,2024-06-22,Active
10304,5,2024-09-16,Complete
57242,1,2025-08-17,Active
57963,2,2026-03-11,Active
20720,3,2026-06-09,Active
21105,4,2023-06-24,Active
12814,5,2026-03-10,Active
18186,1,2026-06-19,Active
1403,2,2024-06-20,Complete
43544,3,2022-03-02,Active
55157,4,2024-12-21,Active
11434,5,2025-09-10,Active
22888,1,2025-08-20,Complete
35243,2,2026-02-03,Lapsed
218,3,2026-06-10,Active
48111,4,2026-02-05,Active
32865,5,2021-07-18,Active
46957,1,2025-08-06,Complete
56074,2,2026-03-14,Active
40089,3,2026-04-29,Active
58563,4,2026-02-08,Active
30756,5,2024-07-07,Active
50158,1,2026-05-06,Complete
31862,2,2023-06-13,Active
1112,3,2025-10-04,Active
43206,4,2025-09-29,Active
36489,5,2023-12-13,Active
17405,1,2026-02-27,Active
38290,2,2025-11-01,Active
50354,3,2026-06-22,Complete
48595,4,2025-11-26,Lapsed
22138,5,2026-02-12,Active
51811,1,2025-12-31,Complete
38415,2,2026-01-04,Active
39075,3,2024-12-27,Lapsed
44988,4,2026-04-26,Active
28068,5,2023-04-12,Active
12580,1,2026-03-18,Active
35568,2,2026-05-31,Active
27278,3,2026-05-05,Active
5410,4,2026-06-18,Active
7526,5,2026-03-14,Active
46883,1,2025-12-07,Complete
55088,2,2026-03-13,Active
29457,3,2026-06-30,Active
58815,4,2023-08-12,Active
50821,5,2024-07-05,Active
57948,1,2026-06-18,Active
9552,2,2025-08-15,Active
30144,3,2026-04-11,Active
6460,4,2025-09-22,Complete
15241,5,2026-01-12,Lapsed
5121,1,2023-12-14,Active
43698,2,2026-03-27,Active
46665,3,2025-11-13,Active
44558,4,2023-12-08,Active
16118,5,2026-03-23,Complete
43984,1,2022-09-26,Active
26200,2,2026-06-18,Active
19337,3,2024-10-21,Active
30852,4,2024-07-20,Active
11760,5,2026-06-22,Active
29044,1,2026-02-19,Active
8373,2,2025-10-31,Active
12611,3,2025-09-14,Active
26601,4,2026-05-11,Active
9712,5,2022-12-27,Active
20161,1,2026-06-26,Active
2596,2,2023-12-27,Active
37003,3,2025-09-08,Lapsed
49004,4,2025-09-19,Active
40039,5,2026-01-20,Active
7246,1,2026-02-03,Active
38722,2,2025-06-02,Complete
2648,3,2026-04-16,Lapsed
20105,4,2026-05-22,Active
53082,5,2026-02-05,Active
19407,1,2025-11-05,Active
35519,2,2026-06-30,Active
33862,3,2023-09-24,Complete
47373,4,2024-01-04,Active
21497,5,2025-08-14,Active
48725,1,2026-02-18,Complete
46299,2,2025-04-29,Active
32528,3,2024-07-03,Active
7875,4,2025-06-08,Active
50008,5,2024-08-02,Active
50475,1,2023-11-09,Active
32930,2,2024-11-08,Active
50194,3,2026-04-05,Lapsed
42044,4,2025-09-27,Active
2988,5,2025-07-20,Active
51818,1,2025-01-05,Complete
8941,2,2025-10-11,Active
5057,3,2026-05-07,Active
5244,4,2026-06-25,Complete
54912,5,2026-05-26,Lapsed
12763,1,2025-12-09,Active
57589,2,2026-04-22,Active
34836,3,2025-04-03,Active
17875,4,2026-01-14,Active
9203,5,2022-08-16,Active
39158,1,2023-12-31,Active
4151,2,2025-09-04,Complete
55932,3,2024-10-19,Active
38113,4,2026-06-26,Complete
13772,5,2026-06-13,Complete
28792,1,2026-04-20,Active
45940,2,2025-08-24,Active
6899,3,2024-10-02,Active
6896,4,2023-03-10,Complete
39850,5,2026-06-12,Active
10170,1,2026-03-06,Active
9202,2,2026-01-11,Active
10359,3,2023-08-17,Active
38049,4,2026-03-18,Complete
13082,5,2024-08-24,Complete
35376,1,2025-08-09,Active
2964,2,2025-01-09,Lapsed
14719,3,2026-04-13,Active
56411,4,2026-04-12,Active
44774,5,2026-05-31,Active
14929,1,2025-07-09,Active
1247,2,2025-12-06,Active
48760,3,2023-04-27,Lapsed
12196,4,2026-02-11,Lapsed
3116,5,2024-02-28,Active
37817,1,2026-03-26,Active
55274,2,2026-04-21,Active
26360,3,2024-11-17,Active
741,4,2026-05-02,Active
6479,5,2025-03-06,Active
16984,1,2026-06-28,Active
38520,2,2025-03-28,Active
330,3,2026-05-05,Active
51284,4,2026-05-05,Lapsed
55741,5,2024-04-18,Active
8519,1,2025-12-11,Active
2555,2,2024-12-15,Complete
175,3,2026-06-17,Active
9794,4,2023-11-28,Active
28193,5,2025-08-13,Active
12257,1,2025-09-14,Active
59595,2,2025-07-08,Active
33436,3,2024-02-11,Complete
48087,4,2024-12-03,Active
25709,5,2025-11-20,Active
30227,1,2026-06-09,Active
29833,2,2023-07-14,Lapsed
56503,3,2026-03-16,Active
57734,4,2025-04-26,Lapsed
54470,5,2025-03-31,Complete
28377,1,2026-06-25,Active
58833,2,2026-06-29,Active
13664,3,2025-04-22,Complete
58491,4,2024-03-24,Active
1144,5,2025-09-07,Active
48636,1,2023-11-14,Active
10469,2,2022-12-05,Active
47443,3,2026-06-24,Active
34353,4,2026-06-05,Complete
31990,5,2026-02-11,Active
43577,1,2026-06-18,Active
46254,2,2025-05-26,Active
32662,3,2025-05-14,Active
4757,4,2026-02-27,Active
25330,5,2023-03-03,Active
3568,1,2025-12-01,Complete
52126,2,2024-08-23,Active
5720,3,2025-01-07,Active
20326,4,2024-06-24,Complete
20797,5,2024-12-11,Lapsed
16399,1,2025-03-15,Active
22974,2,2026-02-02,Active
46539,3,2023-11-08,Active
36887,4,2026-06-14,Active
34600,5,2025-08-31,Active
33049,1,2025-08-04,Complete
56883,2,2025-05-20,Lapsed
28958,3,2026-06-06,Active
2285,4,2025-07-13,Active
39106,5,2026-05-09,Active
264,1,2025-12-15,Complete
51020,2,2026-06-29,Active
47298,3,2024-04-20,Active
30324,4,2026-01-17,Complete
31530,5,2025-11-17,Complete
4954,1,2025-11-13,Active
59825,2,2026-04-25,Active
30312,3,2026-06-24,Active
35643,4,2026-05-29,Active
4005,5,2025-08-02,Active
15259,1,2025-10-21,Active
28391,2,2025-07-16,Active
36623,3,2025-11-03,Active
44749,4,2026-04-17,Active
7314,5,2025-07-19,Active
35441,1,2025-09-02,Complete
6657,2,2025-06-12,Active
17445,3,2023-08-03,Active
25700,4,2026-05-18,Lapsed
5413,5,2023-02-13,Complete
59009,1,2023-08-14,Active
57913,2,2025-12-15,Complete
41584,3,2026-05-05,Active
25459,4,2023-05-15,Active
56022,5,2026-02-02,Complete
6017,1,2023-12-13,Active
50942,2,2023-06-30,Active
20833,3,2026-04-19,Lapsed
50216,4,2026-06-22,Active
18737,5,2026-03-15,Active
33240,1,2025-11-22,Active
44802,2,2025-08-31,Active
52059,3,2025-02-17,Active
54044,4,2026-06-30,Complete
50118,5,2025-10-20,Active
26078,1,2026-04-18,Active
21881,2,2026-05-03,Active
33554,3,2025-07-02,Active
42989,4,2026-06-27,Active
45975,5,2025-09-18,Active
6915,1,2024-08-29,Complete
57777,2,2026-06-07,Active
31010,3,2026-05-13,Complete
22649,4,2026-06-17,Active
15774,5,2026-04-30,Complete
39174,1,2025-09-27,Active
41010,2,2025-07-20,Active
17646,3,2025-07-10,Active
33304,4,2026-06-30,Active
3354,5,2025-10-21,Active
35661,1,2025-03-13,Active
31708,2,2026-06-28,Active
4397,3,2026-06-22,Active
29477,4,2023-04-23,Complete
23040,5,2021-09-28,Active
53259,1,2025-03-04,Complete
56113,2,2025-12-21,Active
14963,3,2025-03-23,Active
11594,4,2025-02-07,Active
952,5,2024-02-23,Active
39022,1,2025-06-03,Active
946,2,2026-06-02,Active
33742,3,2026-05-07,Active
9991,4,2024-02-25,Complete
58795,5,2026-03-12,Active
7934,1,2026-03-19,Complete
9823,2,2026-01-09,Active
38412,3,2026-05-13,Active
12841,4,2026-03-24,Active
23625,5,2025-11-18,Active
1587,1,2025-06-07,Active
54729,2,2026-06-01,Active
23564,3,2026-06-25,Active
7771,4,2026-06-14,Active
54489,5,2025-10-01,Complete
14559,1,2025-04-04,Active
37508,2,2026-06-16,Active
43672,3,2021-11-25,Active
2847,4,2026-06-30,Active
41693,5,2022-12-15,Active
16270,1,2025-12-01,Active
21312,2,2026-06-01,Lapsed
20684,3,2026-06-25,Active
45125,4,2024-06-11,Lapsed
15998,5,2024-04-05,Complete
26271,1,2026-06-21,Active
59059,2,2026-03-10,Active
10609,3,2024-12-09,Active
27321,4,2025-01-07,Active
32268,5,2025-03-28,Active
51214,1,2026-06-07,Active
30602,2,2026-06-19,Active
15923,3,2026-06-03,Active
19218,4,2025-12-27,Lapsed
18256,5,2026-06-07,Lapsed
32007,1,2026-04-09,Active
34222,2,2026-02-01,Active
37565,3,2024-09-14,Lapsed
51082,4,2026-04-26,Active
27521,5,2025-12-08,Active
42053,1,2026-06-20,Active
13914,2,2024-06-08,Active
1910,3,2025-07-02,Lapsed
37438,4,2026-05-06,Complete
40729,5,2024-04-26,Complete
4632,1,2026-06-04,Active
58023,2,2026-01-26,Active
48958,3,2025-03-24,Active
30844,4,2025-08-21,Active
23694,5,2025-05-04,Active
46853,1,2026-06-28,Complete
43962,2,2025-10-30,Active
22594,3,2025-11-12,Active
33681,4,2025-04-19,Complete
19852,5,2026-06-27,Active
38552,1,2026-06-26,Active
12780,2,2023-12-15,Lapsed
54445,3,2026-05-20,Lapsed
44109,4,2025-10-02,Active
44921,5,2025-10-07,Active
36828,1,2026-02-22,Active
3753,2,2026-06-16,Complete
56292,3,2025-06-23,Active
17386,4,2024-01-27,Active
26124,5,2025-09-11,Active
37576,1,2025-11-05,Complete
24157,2,2026-05-26,Complete
46142,3,2026-01-04,Complete
35,4,2024-09-08,Active
12375,5,2026-01-23,Active
46425,1,2023-07-21,Active
34116,2,2025-10-19,Active
9972,3,2024-06-11,Complete
38387,4,2026-01-23,Active
13616,5,2023-07-07,Active
30619,1,2023-10-27,Active
39842,2,2026-06-28,Active
2756,3,2024-08-07,Active
40589,4,2025-10-15,Complete
58260,5,2026-06-12,Active
2768,1,2026-06-24,Active
28563,2,2025-06-21,Active
16929,3,2025-03-29,Complete
27626,4,2026-04-25,Complete
11289,5,2026-04-24,Complete
26821,1,2026-05-19,Complete
29791,2,2025-05-18,Active
42268,3,2025-10-06,Active
58900,4,2024-08-28,Active
49680,5,2024-10-23,Complete
43217,1,2026-06-11,Active
32553,2,2025-03-06,Lapsed
1126,3,2025-05-30,Active
20642,4,2026-04-18,Active
4500,5,2026-06-20,Active
58362,1,2025-07-08,Complete
15574,2,2026-04-03,Complete
29055,3,2026-05-09,Active
20726,4,2025-11-25,Active
23900,5,2023-10-08,Lapsed
13915,1,2025-02-21,Active
6812,2,2022-08-30,Active
46085,3,2025-05-31,Active
54874,4,2026-06-28,Active
13794,5,2025-12-03,Active
38405,1,2026-06-11,Active
35532,2,2025-07-20,Complete
29467,3,2023-01-02,Active
48560,4,2023-08-06,Active
37049,5,2025-07-22,Complete
58045,1,2026-05-20,Complete
14996,2,2024-11-06,Active
6856,3,2025-05-29,Complete
42705,4,2024-02-15,Active
45456,5,2024-07-04,Complete
16576,1,2025-11-29,Active
20308,2,2026-01-17,Active
57826,3,2026-06-01,Active
21355,4,2026-04-16,Complete
26865,5,2023-07-02,Complete
31811,1,2026-06-03,Active
48896,2,2025-08-12,Active
20629,3,2024-12-13,Complete
52071,4,2026-06-09,Active
6459,5,2025-12-06,Active
40568,1,2026-02-26,Active
31048,2,2026-01-04,Complete
12172,3,2025-09-19,Active
21159,4,2026-05-19,Active
6040,5,2025-12-27,Complete
24366,1,2026-06-07,Active
58488,2,2026-04-24,Lapsed
12246,3,2025-02-08,Active
14146,4,2024-07-29,Complete
22357,5,2025-04-29,Active
39888,1,2024-10-28,Complete
14830,2,2026-05-24,Complete
48525,3,2024-01-23,Active
7565,4,2024-04-03,Active
20896,5,2025-05-11,Lapsed
49044,1,2026-01-18,Lapsed
2676,2,2026-04-26,Active
42313,3,2026-06-10,Active
34627,4,2023-07-14,Active
11194,5,2026-05-07,Active
11701,1,2026-05-12,Active
35270,2,2026-06-15,Active
40016,3,2026-06-24,Complete
26800,4,2026-02-22,Active
23243,5,2023-08-08,Complete
47537,1,2026-04-27,Active
18200,2,2025-04-02,Active
31500,3,2024-10-30,Active
7513,4,2026-03-08,Active
41204,5,2026-06-08,Active
26845,1,2026-05-29,Lapsed
49715,2,2024-11-02,Complete
27847,3,2026-04-04,Lapsed
38142,4,2025-03-08,Lapsed
13371,5,2024-11-09,Active
55382,1,2026-06-22,Active
41395,2,2026-01-24,Complete
52008,3,2026-06-28,Active
42693,4,2025-05-23,Active
26932,5,2024-08-22,Active
10873,1,2023-12-20,Complete
45154,2,2025-01-22,Active
40018,3,2023-10-21,Active
9464,4,2025-09-30,Active
42179,5,2025-06-11,Active
44791,1,2024-05-06,Active
38797,2,2026-06-19,Active
40640,3,2026-05-27,Active
21330,4,2025-09-03,Active
41160,5,2026-02-16,Active
15233,1,2026-03-13,Active
16575,2,2024-04-07,Lapsed
7541,3,2025-07-31,Lapsed
44072,4,2025-02-01,Active
2335,5,2026-06-26,Complete
27183,1,2026-06-26,Active
216,2,2024-11-07,Active
17905,3,2024-04-26,Active
41883,4,2025-10-05,Complete
41454,5,2026-03-27,Active
43389,1,2025-06-18,Active
50775,2,2025-09-08,Active
10505,3,2026-06-22,Active
41185,4,2024-07-29,Active
56817,5,2024-06-07,Active
5724,1,2026-06-29,Active
14714,2,2026-03-04,Complete
45043,3,2026-03-27,Active
41944,4,2026-02-13,Active
25170,5,2025-10-13,Active
38205,1,2026-04-08,Lapsed
54894,2,2026-05-25,Complete
12523,3,2025-01-14,Active
16015,4,2026-06-20,Active
19534,5,2026-02-02,Active
14721,1,2024-11-11,Active
1491,2,2026-06-28,Active
15506,3,2026-06-21,Complete
46993,4,2026-03-08,Active
44335,5,2026-06-28,Active
29363,1,2026-03-20,Active
38638,2,2025-11-19,Active
25348,3,2026-06-05,Active
37340,4,2026-06-10,Active
15294,5,2026-06-25,Active
21016,1,2025-08-22,Complete
51685,2,2025-03-17,Active
38958,3,2026-06-27,Active
52276,4,2026-02-02,Active
35478,5,2026-04-27,Active
4791,1,2026-05-08,Active
23260,2,2024-12-07,Active
27503,3,2025-01-19,Complete
24919,4,2023-11-26,Active
43836,5,2025-05-13,Lapsed
49581,1,2026-06-26,Active
31848,2,2025-12-27,Complete
24381,3,2024-11-09,Active
46633,4,2025-10-22,Lapsed
935,5,2026-04-01,Active
47474,1,2026-03-09,Active
25995,2,2026-06-24,Active
2961,3,2026-06-18,Active
35218,4,2026-02-03,Lapsed
47656,5,2025-09-23,Active
11896,1,2026-02-10,Active
55256,2,2025-09-07,Active
45902,3,2026-03-22,Active
22287,4,2025-04-06,Active
37824,5,2024-06-22,Active
32500,1,2026-06-03,Active
36477,2,2026-04-04,Active
54801,3,2026-06-16,Lapsed
23588,4,2026-02-02,Active
22664,5,2026-05-02,Active
47881,1,2026-04-19,Active
14529,2,2023-05-06,Active
11223,3,2026-06-18,Lapsed
9269,4,2026-05-10,Active
24177,5,2026-02-10,Active
31349,1,2024-07-12,Active
50257,2,2025-03-13,Complete
40861,3,2025-01-25,Active
38966,4,2025-10-07,Complete
50720,5,2024-06-12,Complete
12334,1,2026-05-24,Complete
57470,2,2026-06-02,Active
55524,3,2023-02-09,Active
9461,4,2026-05-01,Active
11080,5,2026-02-08,Complete
11347,1,2024-03-01,Active
22149,2,2026-05-24,Active
8345,3,2026-06-21,Lapsed
13175,4,2025-02-27,Active
49943,5,2026-05-13,Lapsed
30915,1,2026-06-02,Active
19391,2,2024-07-29,Active
24514,3,2023-02-23,Active
33274,4,2025-08-01,Active
45714,5,2023-06-22,Active
5292,1,2025-11-10,Complete
20024,2,2026-04-19,Complete
7540,3,2025-10-13,Complete
43102,4,2026-03-22,Active
36171,5,2026-03-13,Active
27924,1,2026-02-18,Active
57893,2,2025-03-08,Active
49233,3,2026-04-17,Complete
50054,4,2025-11-18,Complete
57480,5,2025-08-04,Active
13747,1,2025-11-25,Active
9557,2,2024-10-02,Active
18026,3,2026-06-25,Active
48739,4,2025-10-05,Active
3826,5,2024-07-20,Active
19976,1,2022-04-15,Active
36705,2,2026-06-24,Complete
52697,3,2025-05-07,Lapsed
28069,4,2025-04-10,Active
31809,5,2026-06-08,Active
6402,1,2026-02-24,Complete
19914,2,2025-11-24,Lapsed
16798,3,2025-11-29,Active
46831,4,2026-06-30,Active
12614,5,2026-05-05,Lapsed
16389,1,2025-08-16,Active
33121,2,2026-04-14,Complete
5835,3,2025-07-19,Active
48639,4,2026-05-17,Active
58867,5,2024-07-08,Active
19629,1,2024-11-18,Active
55412,2,2026-03-07,Complete
46090,3,2026-05-22,Active
29795,4,2025-12-31,Active
53293,5,2025-01-27,Active
58428,1,2025-03-05,Active
49165,2,2025-06-15,Active
47344,3,2025-12-29,Active
46147,4,2023-05-30,Active
16557,5,2025-01-30,Lapsed
33569,1,2024-04-15,Active
25011,2,2026-06-20,Active
37823,3,2024-12-07,Complete
22816,4,2023-05-18,Active
47667,5,2024-10-05,Active
23427,1,2026-02-18,Active
31625,2,2025-05-02,Active
57073,3,2025-11-28,Active
1948,4,2026-06-10,Complete
50684,5,2026-05-23,Complete
8304,1,2026-06-21,Lapsed
47768,2,2025-11-05,Active
30769,3,2026-03-23,Active
37828,4,2026-06-30,Active
56955,5,2026-05-29,Active
1116,1,2026-06-24,Complete
17823,2,2025-03-31,Lapsed
43646,3,2026-06-16,Complete
37341,4,2025-09-03,Active
9576,5,2024-09-30,Active
29926,1,2025-04-08,Lapsed
17959,2,2026-06-06,Active
40680,3,2026-06-27,Active
47409,4,2025-06-06,Lapsed
36991,5,2026-03-16,Active
36140,1,2023-12-17,Active
22614,2,2025-01-08,Active
17664,3,2025-02-06,Active
22853,4,2026-06-29,Active
24014,5,2026-01-06,Active
28183,1,2026-03-05,Active
22397,2,2025-06-13,Active
16117,3,2022-12-21,Active
55461,4,2026-06-26,Active
35015,5,2026-03-28,Active
1803,1,2026-06-15,Active
3382,2,2026-06-17,Active
53662,3,2026-02-09,Active
40358,4,2026-02-19,Active
15635,5,2026-06-19,Lapsed
52250,1,2025-05-09,Complete
43276,2,2026-01-03,Active
26786,3,2026-05-08,Complete
17904,4,2024-12-26,Active
18412,5,2025-04-14,Complete
30581,1,2025-01-22,Active
26138,2,2026-05-21,Lapsed
56100,3,2026-04-15,Complete
41586,4,2026-06-28,Active
22849,5,2024-06-15,Lapsed
21658,1,2026-06-21,Active
59675,2,2026-02-20,Active
11297,3,2025-11-25,Active
50039,4,2026-04-05,Active
340,5,2026-06-28,Active
52891,1,2026-02-25,Active
21713,2,2024-12-17,Active
13302,3,2026-02-25,Complete
41172,4,2026-05-25,Active
48524,5,2026-06-23,Active
46194,1,2025-06-27,Active
12744,2,2025-12-02,Active
30313,3,2025-06-05,Active
55669,4,2026-06-25,Complete
34925,5,2025-02-10,Active
19394,1,2026-04-04,Active
38283,2,2026-04-08,Lapsed
3562,3,2024-07-16,Complete
33904,4,2025-06-23,Active
5923,5,2025-06-03,Active
8542,1,2025-03-18,Lapsed
46813,2,2026-03-30,Active
53020,3,2024-10-04,Complete
571,4,2025-02-05,Complete
42164,5,2025-07-15,Lapsed
44227,1,2025-09-30,Active
59462,2,2025-09-25,Active
17892,3,2026-06-20,Active
52857,4,2026-02-04,Lapsed
13163,5,2026-02-22,Active
39178,1,2025-11-08,Active
47669,2,2026-03-14,Active
49363,3,2024-09-16,Active
50432,4,2024-06-14,Complete
36461,5,2026-03-19,Active
52258,1,2026-06-06,Active
52416,2,2025-10-10,Complete
25988,3,2025-12-08,Lapsed
44115,4,2026-06-10,Active
35798,5,2025-01-01,Active
55170,1,2024-06-04,Active
27276,2,2026-06-21,Active
39849,3,2024-09-28,Active
21108,4,2024-12-28,Active
3485,5,2026-05-01,Active
26598,1,2025-02-26,Complete
45355,2,2026-03-20,Lapsed
39233,3,2024-04-07,Active
32571,4,2026-06-03,Active
21518,5,2023-06-19,Complete
11660,1,2025-10-08,Complete
13922,2,2026-06-29,Active
43056,3,2025-12-23,Active
11574,4,2026-04-07,Active
58314,5,2026-03-10,Active
59908,1,2026-06-24,Active
32760,2,2026-02-10,Active
36956,3,2026-06-15,Active
42436,4,2026-06-04,Active
12424,5,2025-10-20,Active
26153,1,2026-05-08,Active
17686,2,2023-01-12,Active
51372,3,2022-10-24,Complete
37976,4,2026-05-13,Active
39048,5,2025-11-27,Complete
32367,1,2025-03-08,Active
4849,2,2026-06-02,Active
6765,3,2026-06-19,Active
45023,4,2025-04-11,Active
53427,5,2025-11-06,Active
46487,1,2026-03-18,Active
19102,2,2026-04-25,Active
23476,3,2024-12-28,Active
52471,4,2024-12-28,Complete
31121,5,2026-04-16,Active
5384,1,2026-04-14,Active
4584,2,2026-04-02,Active
3533,3,2025-01-27,Lapsed
59880,4,2025-10-30,Active
36291,5,2025-12-23,Active
24123,1,2026-05-07,Active
7310,2,2026-06-23,Active
14207,3,2025-01-07,Active
25280,4,2026-05-03,Active
44836,5,2025-10-20,Active
54810,1,2026-04-25,Complete
57670,2,2026-02-15,Complete
45992,3,2024-05-19,Active
46942,4,2026-04-06,Complete
40977,5,2026-05-30,Active
13817,1,2026-01-15,Active
20123,2,2025-08-31,Active
9329,3,2024-09-28,Active
23000,4,2026-06-18,Active
48548,5,2025-11-20,Active
37397,1,2026-02-09,Active
26211,2,2025-07-03,Complete
45385,3,2024-01-18,Lapsed
6531,4,2026-04-06,Active
55785,5,2023-12-26,Active
40174,1,2024-06-11,Complete
40289,2,2026-04-02,Active
48500,3,2026-05-14,Lapsed
41967,4,2026-05-23,Active
29324,5,2025-11-17,Active
14633,1,2026-01-23,Active
14487,2,2025-10-04,Active
29187,3,2025-07-06,Active
12629,4,2026-06-30,Active
53435,5,2026-06-10,Active
50314,1,2026-06-25,Active
26447,2,2025-11-09,Complete
32547,3,2022-10-28,Active
23287,4,2026-02-18,Active
20686,5,2023-05-07,Active
16507,1,2026-05-07,Complete
11523,2,2026-06-05,Active
41435,3,2026-02-02,Complete
55940,4,2025-04-10,Active
27989,5,2026-06-20,Active
46570,1,2026-06-24,Complete
38250,2,2024-08-27,Active
26464,3,2026-01-31,Active
2395,4,2025-10-05,Active
37060,5,2026-06-21,Active
57398,1,2026-04-04,Active
18833,2,2026-02-15,Active
3072,3,2025-10-28,Active
26995,4,2025-08-02,Complete
53994,5,2025-05-03,Active
33102,1,2025-04-14,Complete
39320,2,2024-03-13,Active
31424,3,2024-11-24,Active
50482,4,2026-05-31,Complete
26979,5,2026-02-18,Active
23286,1,2026-06-01,Active
27878,2,2026-05-27,Active
28987,3,2025-06-12,Active
48914,4,2026-04-18,Active
23790,5,2025-04-29,Active
28602,1,2024-10-16,Active
57538,2,2026-05-22,Complete
35756,3,2026-05-26,Active
27435,4,2026-04-29,Active
49451,5,2026-06-29,Complete
34287,1,2026-01-27,Active
44591,2,2026-06-15,Complete
53084,3,2026-01-06,Active
33961,4,2026-01-11,Complete
59229,5,2023-10-29,Active
16028,1,2026-06-25,Active
57784,2,2025-06-20,Complete
15602,3,2026-05-21,Active
43817,4,2025-03-28,Active
2558,5,2026-05-18,Active
12050,1,2025-11-02,Active
45789,2,2025-05-08,Active
36648,3,2026-06-17,Active
24593,4,2026-03-16,Lapsed
54691,5,2026-02-23,Active
46108,1,2026-05-18,Active
29100,2,2025-11-16,Active
14643,3,2026-06-29,Active
54783,4,2025-12-10,Active
30900,5,2026-06-24,Active
53382,1,2025-05-18,Active
57038,2,2025-04-14,Active
48488,3,2025-05-18,Active
31443,4,2026-06-17,Active
28504,5,2025-05-21,Complete
21041,1,2026-04-01,Active
10784,2,2025-03-16,Active
21642,3,2025-08-15,Complete
56410,4,2022-08-22,Lapsed
45316,5,2025-03-24,Complete
6059,1,2026-03-14,Lapsed
23018,2,2024-11-18,Active
18548,3,2023-01-13,Active
53707,4,2026-05-16,Lapsed
31357,5,2025-04-03,Complete
38459,1,2026-06-28,Active
31517,2,2024-04-04,Active
5663,3,2025-01-21,Active
48953,4,2024-04-25,Active
4148,5,2026-05-18,Active
14971,1,2025-02-03,Lapsed
42935,2,2026-05-20,Complete
38078,3,2025-09-22,Active
1966,4,2024-04-04,Active
41583,5,2026-05-08,Active
28800,1,2026-02-15,Active
29090,2,2026-05-01,Active
17504,3,2024-07-05,Active
57952,4,2025-11-16,Active
2001,5,2026-05-11,Complete
19455,1,2025-11-14,Active
57266,2,2026-05-17,Lapsed
51092,3,2026-06-11,Active
43236,4,2025-06-11,Active
22209,5,2025-09-08,Active
14165,1,2026-06-28,Active
9786,2,2025-10-08,Active
30937,3,2025-12-19,Active
47905,4,2026-06-11,Active
52281,5,2026-06-10,Active
52373,1,2026-06-24,Active
6678,2,2026-01-19,Active
8791,3,2024-07-20,Lapsed
38564,4,2024-04-27,Lapsed
46301,5,2025-05-27,Active
16797,1,2026-06-30,Active
10068,2,2026-06-30,Active
23459,3,2024-12-01,Active
37257,4,2025-06-24,Active
378,5,2025-10-03,Active
4217,1,2026-03-07,Active
30513,2,2026-06-24,Complete
37033,3,2025-09-03,Active
48697,4,2026-01-28,Active
11985,5,2026-05-16,Active
43730,1,2023-03-11,Lapsed
9152,2,2026-06-30,Active
28424,3,2025-12-10,Active
8621,4,2025-07-18,Active
43124,5,2026-06-25,Active
30058,1,2025-11-30,Active
21557,2,2026-04-26,Lapsed
27906,3,2025-09-15,Active
19203,4,2025-12-05,Active
48523,5,2026-03-26,Complete
55196,1,2026-06-11,Active
51339,2,2026-05-15,Active
31141,3,2026-06-14,Active
30158,4,2024-08-01,Active
35897,5,2026-06-02,Active
48057,1,2026-06-29,Active
41520,2,2025-11-04,Active
29399,3,2025-07-10,Active
27158,4,2026-05-27,Active
28278,5,2026-05-26,Active
41253,1,2025-05-05,Complete
34339,2,2026-06-27,Lapsed
48052,3,2025-12-27,Active
54210,4,2025-02-03,Active
664,5,2026-03-25,Complete
16120,1,2024-03-13,Active
40259,2,2025-12-31,Active
9848,3,2025-04-12,Active
28236,4,2026-03-16,Active
53616,5,2025-10-18,Active
38170,1,2026-06-30,Active
30358,2,2026-06-24,Complete
37614,3,2025-10-11,Active
9718,4,2026-02-26,Complete
28109,5,2026-01-09,Active
48039,1,2026-06-09,Complete
52543,2,2024-02-18,Active
37806,3,2026-03-09,Active
27597,4,2026-06-20,Active
29312,5,2026-03-15,Active
57624,1,2025-06-15,Active
30836,2,2026-05-13,Active
19926,3,2026-04-21,Active
35995,4,2026-06-18,Active
6351,5,2026-04-08,Complete
49336,1,2026-04-30,Lapsed
32354,2,2026-04-13,Active
13584,3,2022-11-19,Active
8608,4,2026-06-30,Active
34994,5,2025-01-09,Active
25632,1,2026-06-22,Complete
39248,2,2024-03-04,Active
12838,3,2026-02-13,Active
12419,4,2026-04-29,Complete
10351,5,2023-10-23,Active
45438,1,2025-07-31,Active
6331,2,2025-06-26,Active
40292,3,2026-04-16,Active
12847,4,2024-05-31,Active
26252,5,2026-04-12,Active
52515,1,2022-12-29,Active
26589,2,2026-02-23,Active
33072,3,2026-04-03,Complete
14507,4,2026-06-30,Active
45603,5,2026-04-29,Active
34780,1,2026-03-25,Complete
47389,2,2025-08-25,Active
40634,3,2022-06-20,Active
28608,4,2024-02-13,Active
39678,5,2026-03-14,Active
2134,1,2026-06-05,Lapsed
29793,2,2025-04-21,Active
59875,3,2026-06-10,Active
44131,4,2025-12-24,Complete
11274,5,2026-03-18,Active
25546,1,2023-01-23,Active
46328,2,2025-08-23,Active
10644,3,2025-08-07,Complete
3358,4,2026-05-03,Active
23938,5,2026-06-30,Complete
1418,1,2026-05-13,Active
1870,2,2024-05-31,Active
31730,3,2026-06-16,Active
1216,4,2026-03-07,Complete
30946,5,2025-11-01,Active
54486,1,2025-12-09,Complete
52667,2,2026-05-20,Active
1791,3,2025-05-05,Active
54369,4,2026-06-18,Active
31335,5,2026-04-26,Active
1561,1,2026-03-26,Active
48654,2,2025-05-22,Active
7450,3,2026-06-03,Active
20328,4,2025-04-01,Active
42401,5,2025-03-25,Active
24728,1,2026-04-25,Complete
16216,2,2025-02-27,Active
47524,3,2025-06-24,Active
29162,4,2026-06-12,Active
28836,5,2026-04-04,Complete
47880,1,2025-07-23,Lapsed
17627,2,2026-05-29,Active
1214,3,2025-09-20,Active
57814,4,2025-11-16,Lapsed
24138,5,2024-06-28,Active
999,1,2024-11-02,Active
56485,2,2026-06-27,Active
15632,3,2026-05-21,Active
18715,4,2025-01-21,Active
7029,5,2026-06-14,Lapsed
3696,1,2025-06-02,Active
27602,2,2026-05-06,Active
15933,3,2026-04-20,Active
20562,4,2026-06-29,Active
21679,5,2024-02-20,Active
1737,1,2026-03-17,Lapsed
53108,2,2026-06-12,Active
11449,3,2025-04-25,Active
41906,4,2025-02-02,Active
45629,5,2026-06-13,Active
36487,1,2026-06-29,Active
59918,2,2026-04-24,Complete
30156,3,2026-06-07,Complete
54850,4,2025-02-21,Active
27986,5,2026-02-20,Complete
43661,1,2026-05-31,Complete
37728,2,2026-06-30,Active
14319,3,2025-10-02,Active
40213,4,2026-06-05,Active
54153,5,2025-08-27,Active
30828,1,2026-06-10,Active
24433,2,2025-05-31,Active
50766,3,2026-01-04,Active
19895,4,2026-03-30,Complete
1086,5,2026-06-14,Active
9337,1,2026-05-14,Active
57236,2,2026-07-01,Active
51597,3,2026-05-31,Complete
10301,4,2025-07-05,Active
19859,5,2026-06-11,Active
19891,1,2024-06-04,Active
20912,2,2025-09-22,Complete
30490,3,2026-06-29,Lapsed
17792,4,2025-12-18,Active
10416,5,2025-07-06,Complete
57188,1,2025-04-25,Active
26298,2,2025-05-26,Complete
54569,3,2026-06-22,Active
12480,4,2025-04-09,Lapsed
56501,5,2026-03-30,Active
11861,1,2025-06-17,Active
48101,2,2026-05-13,Active
38708,3,2026-06-01,Complete
12586,4,2026-06-27,Active
21435,5,2024-11-23,Active
40538,1,2026-01-04,Lapsed
20772,2,2026-04-22,Active
58426,3,2025-12-06,Active
7820,4,2025-03-04,Active
37104,5,2025-04-21,Active
12095,1,2026-06-28,Active
3135,2,2024-07-03,Active
2293,3,2026-03-01,Lapsed
16298,4,2026-03-09,Lapsed
4251,5,2026-06-26,Complete
13310,1,2024-05-30,Lapsed
24077,2,2025-12-05,Active
31316,3,2026-06-02,Complete
35184,4,2025-06-29,Complete
51819,5,2026-06-30,Active
31448,1,2026-06-20,Active
54615,2,2025-08-17,Active
24999,3,2026-06-18,Active
44674,4,2026-05-20,Lapsed
28645,5,2026-02-15,Active
33765,1,2026-06-05,Lapsed
29259,2,2024-06-16,Complete
6012,3,2025-11-01,Active
19543,4,2025-10-26,Active
53961,5,2025-05-14,Active
42246,1,2026-06-09,Active
15859,2,2026-05-21,Lapsed
4878,3,2025-02-18,Complete
4396,4,2026-06-21,Active
53987,5,2025-10-15,Active
24428,1,2024-12-24,Active
30697,2,2026-06-22,Active
11950,3,2026-05-08,Active
1065,4,2026-05-29,Active
42299,5,2025-12-22,Active
58889,1,2026-06-14,Active
23861,2,2026-04-10,Active
27283,3,2026-06-25,Complete
5275,4,2026-04-09,Active
45924,5,2026-02-12,Active
29548,1,2025-08-09,Active
4781,2,2025-03-06,Active
18147,3,2025-02-14,Active
1424,4,2026-02-21,Lapsed
37427,5,2026-06-15,Active
10668,1,2025-07-12,Active
34799,2,2026-05-24,Active
27337,3,2024-12-22,Complete
59652,4,2026-06-15,Lapsed
45215,5,2026-06-08,Active
8504,1,2026-06-05,Active
27232,2,2026-05-07,Active
41630,3,2026-06-12,Active
21055,4,2023-05-18,Active
35861,5,2026-04-10,Active
45918,1,2024-09-12,Complete
5562,2,2026-05-28,Lapsed
53989,3,2026-01-19,Active
26839,4,2025-05-02,Active
4188,5,2025-08-26,Complete
57418,1,2026-04-18,Active
52065,2,2026-04-16,Complete
30678,3,2025-07-29,Active
43391,4,2026-01-12,Complete
16674,5,2026-06-19,Active
53696,1,2024-08-21,Active
31524,2,2026-05-23,Complete
8650,3,2026-05-07,Active
8434,4,2024-12-12,Active
28842,5,2024-01-30,Active
16369,1,2025-10-06,Active
30198,2,2026-05-18,Active
25038,3,2024-11-20,Active
53207,4,2026-05-13,Active
25776,5,2024-08-14,Active
26906,1,2023-11-24,Active
3633,2,2026-06-06,Active
15748,3,2026-05-05,Active
7868,4,2026-06-30,Active
40858,5,2023-09-03,Complete
6444,1,2023-03-04,Active
7133,2,2026-06-27,Active
57357,3,2026-05-07,Active
39264,4,2026-04-05,Lapsed
23919,5,2026-04-18,Active
50798,1,2026-02-24,Active
21281,2,2026-03-07,Active
8617,3,2026-04-09,Active
36121,4,2026-02-06,Active
18361,5,2025-09-03,Complete
18485,1,2025-12-12,Active
22696,2,2025-09-17,Complete
15265,3,2026-04-28,Active
16152,4,2025-05-19,Active
14600,5,2024-08-14,Active
50560,1,2025-04-30,Complete
43597,2,2025-07-24,Complete
4490,3,2024-10-22,Active
53727,4,2026-04-13,Active
49296,5,2025-10-08,Lapsed
54849,1,2026-04-15,Complete
2695,2,2026-04-21,Active
4746,3,2022-02-17,Active
58940,4,2025-09-20,Complete
19424,5,2026-01-06,Active
48570,1,2026-06-12,Active
41442,2,2026-03-27,Active
15672,3,2026-06-27,Active
8262,4,2024-12-21,Active
41017,5,2026-06-21,Active
35718,1,2025-02-10,Active
11750,2,2025-04-22,Complete
31693,3,2026-05-30,Complete
49263,4,2025-08-31,Active
30551,5,2026-01-17,Active
43940,1,2026-04-25,Active
16617,2,2025-05-25,Active
57165,3,2026-02-15,Complete
19958,4,2026-03-29,Active
5841,5,2026-06-26,Active
10914,1,2026-03-09,Active
7459,2,2024-03-09,Active
58663,3,2025-05-24,Active
43934,4,2026-02-20,Active
56149,5,2026-06-11,Active
29195,1,2026-05-05,Active
21455,2,2026-05-18,Active
59058,3,2026-01-27,Active
17718,4,2025-11-10,Active
27790,5,2026-01-21,Active
1148,1,2025-12-15,Active
3934,2,2026-02-08,Active
40578,3,2025-06-14,Active
24000,4,2026-03-08,Lapsed
44270,5,2024-06-15,Active
13854,1,2025-04-17,Lapsed
29075,2,2026-05-26,Lapsed
7947,3,2026-04-08,Active
56165,4,2026-02-27,Complete
52229,5,2025-10-03,Active
17737,1,2025-12-24,Active
36862,2,2024-05-09,Active
54878,3,2024-08-01,Complete
54224,4,2026-05-24,Active
39820,5,2026-05-16,Active
37915,1,2025-07-07,Active
34459,2,2026-02-28,Active
7716,3,2025-11-09,Active
26739,4,2025-03-02,Lapsed
59446,5,2026-05-24,Active
42059,1,2025-06-18,Active
37698,2,2024-02-17,Active
2844,3,2026-04-01,Active
29894,4,2026-04-01,Active
13528,5,2026-04-09,Lapsed
31223,1,2025-05-26,Active
17130,2,2026-05-01,Active
28284,3,2026-06-24,Active
1559,4,2026-06-20,Active
6102,5,2026-05-13,Active
11665,1,2025-08-29,Active
43415,2,2025-09-03,Active
31083,3,2024-10-08,Active
9796,4,2026-05-19,Active
23831,5,2024-07-10,Active
19954,1,2026-02-16,Active
47907,2,2026-05-07,Active
40240,3,2026-06-18,Active
14572,4,2026-05-17,Active
29471,5,2025-03-05,Complete
25989,1,2024-12-03,Active
23632,2,2025-07-10,Active
32143,3,2026-05-15,Lapsed
49990,4,2025-11-08,Active
706,5,2026-01-20,Complete
58335,1,2025-11-08,Active
24864,2,2026-06-22,Lapsed
42954,3,2026-06-17,Active
59161,4,2025-09-20,Active
27327,5,2026-05-24,Active
6039,1,2023-06-19,Lapsed
31876,2,2025-12-08,Complete
4842,3,2026-06-22,Active
48544,4,2026-05-07,Complete
6085,5,2023-09-07,Complete
53204,1,2023-09-29,Complete
48306,2,2026-05-22,Active
17446,3,2024-04-28,Active
4136,4,2025-11-21,Complete
57664,5,2025-10-29,Active
29692,1,2026-04-28,Active
49317,2,2026-02-13,Lapsed
23199,3,2024-01-15,Active
51549,4,2026-03-25,Lapsed
38975,5,2026-02-06,Active
48078,1,2026-03-27,Active
23792,2,2024-10-04,Lapsed
47281,3,2025-12-07,Active
48177,4,2025-02-07,Complete
40427,5,2026-05-24,Active
24132,1,2026-03-25,Active
29748,2,2024-12-21,Active
11789,3,2026-03-05,Lapsed
34284,4,2026-06-17,Active
20976,5,2026-03-09,Active
48997,1,2025-02-03,Active
7388,2,2025-09-29,Lapsed
22239,3,2026-05-06,Complete
11925,4,2025-10-09,Complete
8310,5,2026-05-25,Active
4598,1,2025-06-07,Active
55486,2,2025-07-01,Active
35546,3,2024-12-22,Lapsed
2018,4,2026-06-27,Active
58933,5,2025-11-13,Complete
45941,1,2026-02-03,Active
58624,2,2024-03-25,Active
6966,3,2024-10-02,Active
24083,4,2025-11-05,Complete
32066,5,2025-02-16,Active
17176,1,2025-07-19,Complete
35419,2,2026-03-25,Active
42745,3,2026-06-01,Active
44081,4,2024-12-28,Complete
33368,5,2026-05-05,Lapsed
26799,1,2026-01-03,Active
31802,2,2026-06-28,Active
45650,3,2026-06-30,Complete
55046,4,2025-01-20,Active
46401,5,2026-05-12,Active
6178,1,2025-09-01,Active
35641,2,2025-09-17,Active
59261,3,2026-01-06,Active
42619,4,2026-04-08,Active
27914,5,2026-04-09,Lapsed
41139,1,2025-05-16,Complete
56320,2,2026-06-05,Active
41279,3,2026-04-27,Active
25739,4,2026-05-02,Complete
51128,5,2026-06-29,Active
52938,1,2026-06-04,Active
55493,2,2025-11-22,Lapsed
2114,3,2026-06-19,Active
48933,4,2023-03-29,Active
7692,5,2026-01-11,Active
55163,1,2025-07-03,Active
52171,2,2025-10-27,Active
24286,3,2026-06-28,Active
23770,4,2025-05-27,Lapsed
20260,5,2026-03-09,Active
10781,1,2026-03-15,Complete
54557,2,2026-06-06,Active
19752,3,2026-05-31,Active
53683,4,2023-01-03,Lapsed
25141,5,2026-05-24,Active
39460,1,2026-03-09,Active
58398,2,2026-06-18,Complete
4636,3,2025-12-09,Active
24948,4,2026-06-06,Complete
22815,5,2025-01-06,Lapsed
10069,1,2024-06-25,Complete
38814,2,2025-10-22,Active
10700,3,2026-06-11,Active
3897,4,2024-11-19,Active
23218,5,2025-11-11,Active
4137,1,2026-06-16,Active
3565,2,2026-03-06,Lapsed
47605,3,2025-12-19,Active
32211,4,2025-11-14,Lapsed
49658,5,2025-10-18,Active
17615,1,2025-02-13,Active
29744,2,2026-05-05,Active
38509,3,2025-07-09,Active
43468,4,2026-03-26,Active
55815,5,2026-04-29,Active
31055,1,2026-01-14,Complete
46356,2,2024-03-27,Active
804,3,2023-11-11,Active
31840,4,2024-10-18,Complete
2272,5,2025-09-30,Active
37217,1,2026-05-18,Active
20296,2,2026-04-19,Active
13479,3,2024-11-27,Complete
24158,4,2025-08-30,Active
42563,5,2024-10-27,Active
22242,1,2026-06-02,Complete
55201,2,2026-03-01,Lapsed
52392,3,2026-05-08,Active
45706,4,2025-07-19,Active
44623,5,2025-05-19,Complete
40661,1,2024-08-03,Active
32062,2,2023-10-20,Active
30797,3,2026-01-24,Active
52166,4,2026-05-26,Active
1685,5,2026-01-21,Complete
41678,1,2026-06-20,Active
59316,2,2025-05-06,Active
42578,3,2025-08-09,Active
7208,4,2026-04-28,Active
4046,5,2026-03-20,Active
49130,1,2026-05-23,Complete
43109,2,2026-03-12,Active
2839,3,2026-05-26,Complete
25144,4,2025-06-21,Active
46998,5,2026-06-28,Active
7480,1,2026-06-26,Active
54669,2,2026-04-08,Active
30464,3,2026-04-26,Complete
39559,4,2026-06-30,Active
36854,5,2026-06-22,Active
43591,1,2025-11-11,Lapsed
45367,2,2024-03-21,Active
7876,3,2023-07-14,Active
38476,4,2026-05-23,Active
15533,5,2025-09-06,Active
6032,1,2025-06-18,Active
438,2,2025-06-12,Active
91,3,2025-05-16,Complete
13789,4,2025-08-13,Lapsed
29862,5,2025-04-14,Active
42878,1,2024-09-15,Active
12250,2,2026-01-20,Active
53248,3,2025-06-28,Active
7094,4,2026-03-11,Active
25355,5,2026-06-28,Active
29743,1,2025-08-28,Active
24731,2,2026-04-22,Active
7171,3,2026-06-08,Complete
50093,4,2024-11-21,Active
40672,5,2026-05-31,Complete
34371,1,2026-04-14,Active
55370,2,2025-11-21,Active
46545,3,2025-10-16,Complete
31584,4,2026-05-30,Active
45371,5,2025-10-24,Active
3930,1,2026-06-06,Active
17499,2,2025-04-15,Active
32160,3,2026-03-07,Active
7375,4,2025-11-25,Active
43851,5,2024-06-03,Active
50519,1,2026-06-29,Active
34245,2,2026-06-26,Active
24943,3,2023-06-24,Active
42943,4,2026-04-09,Active
15792,5,2026-06-29,Active
57619,1,2026-06-03,Active
59418,2,2026-01-12,Active
58196,3,2026-06-15,Active
30331,4,2025-11-29,Active
8062,5,2025-01-18,Active
23724,1,2026-05-27,Active
545,2,2026-05-19,Complete
29000,3,2024-11-04,Active
15646,4,2026-06-10,Active
59174,5,2025-07-03,Active
1619,1,2025-07-26,Active
28172,2,2025-04-22,Active
28914,3,2026-04-25,Active
41773,4,2025-07-05,Active
4485,5,2025-05-12,Active
17066,1,2025-06-30,Active
43909,2,2024-03-01,Active
56828,3,2026-03-08,Active
1203,4,2025-12-27,Active
5536,5,2026-05-09,Active
43507,1,2026-05-15,Complete
23899,2,2025-05-05,Active
40763,3,2025-03-10,Active
54325,4,2025-03-03,Active
51494,5,2025-06-16,Active
7406,1,2026-06-30,Active
32771,2,2025-12-24,Active
43204,3,2026-02-24,Active
12896,4,2026-06-21,Active
54049,5,2026-06-15,Active
50166,1,2025-11-11,Active
43308,2,2026-06-01,Lapsed
22878,3,2025-11-07,Lapsed
11391,4,2024-07-08,Active
20279,5,2026-06-26,Active
33673,1,2025-09-23,Active
17771,2,2026-01-23,Active
8049,3,2026-01-09,Active
59103,4,2026-06-01,Active
22388,5,2026-02-16,Active
28019,1,2025-12-25,Complete
51575,2,2026-06-20,Active
58804,3,2024-06-26,Active
25420,4,2025-04-20,Complete
1293,5,2026-05-13,Active
841,1,2025-11-10,Active
50069,2,2026-05-16,Active
34702,3,2025-12-05,Active
54727,4,2025-11-26,Active
47675,5,2025-05-30,Complete
10311,1,2026-06-10,Active
31379,2,2026-04-17,Active
4876,3,2025-12-27,Active
59188,4,2026-04-09,Lapsed
11500,5,2026-05-23,Complete
53721,1,2026-04-14,Active
55995,2,2023-04-03,Active
2014,3,2026-06-27,Active
38573,4,2026-04-03,Complete
35338,5,2026-01-26,Lapsed
28138,1,2026-04-18,Complete
25371,2,2026-06-07,Active
59669,3,2026-06-09,Active
58808,4,2026-03-31,Active
50405,5,2026-01-19,Active
26890,1,2026-06-11,Complete
28282,2,2026-06-01,Complete
16478,3,2026-03-25,Active
58875,4,2026-01-26,Active
26480,5,2025-10-24,Active
34347,1,2026-06-12,Active
10149,2,2026-02-20,Active
8708,3,2026-04-13,Complete
20719,4,2025-12-25,Active
12390,5,2024-09-29,Active
6256,1,2025-12-04,Active
36355,2,2026-04-15,Active
57601,3,2026-05-26,Active
30397,4,2021-05-30,Active
24548,5,2024-09-08,Complete
30677,1,2026-06-17,Active
30282,2,2025-05-23,Active
14081,3,2026-05-23,Active
1677,4,2023-07-10,Active
34067,5,2024-06-29,Active
45711,1,2024-12-08,Lapsed
50056,2,2022-04-27,Complete
44656,3,2026-05-22,Active
23846,4,2026-06-23,Active
11545,5,2026-04-26,Lapsed
51307,1,2025-07-24,Complete
17603,2,2026-06-07,Active
10360,3,2024-10-07,Active
44630,4,2026-06-20,Lapsed
8705,5,2025-07-12,Active
12037,1,2025-03-10,Lapsed
21994,2,2024-06-12,Active
19679,3,2026-04-07,Complete
5538,4,2026-06-10,Active
959,5,2025-07-14,Complete
45662,1,2026-05-17,Active
58884,2,2024-08-13,Lapsed
52262,3,2025-02-05,Lapsed
48744,4,2026-01-24,Active
43152,5,2024-05-27,Active
2451,1,2026-06-01,Active
46087,2,2026-01-06,Complete
40061,3,2024-06-07,Active
11916,4,2025-12-19,Active
4062,5,2026-05-20,Complete
23349,1,2025-11-18,Active
43561,2,2025-05-25,Active
39586,3,2026-05-04,Active
18756,4,2024-11-25,Active
43572,5,2026-05-06,Active
3702,1,2023-12-19,Active
14230,2,2025-04-14,Active
11026,3,2025-12-25,Active
37854,4,2025-06-21,Active
46564,5,2026-06-20,Active
26859,1,2025-10-14,Complete
52998,2,2025-12-18,Lapsed
45061,3,2026-04-13,Complete
4191,4,2026-02-14,Lapsed
43062,5,2025-06-27,Active
11877,1,2026-02-14,Complete
29732,2,2024-12-27,Lapsed
9929,3,2024-08-31,Active
1720,4,2023-08-29,Lapsed
41608,5,2024-09-12,Active
4218,1,2026-03-05,Active
41473,2,2026-03-21,Active
38646,3,2025-11-12,Active
34002,4,2026-02-01,Active
27254,5,2025-08-31,Active
24074,1,2026-06-15,Active
31226,2,2025-12-19,Complete
24509,3,2025-09-21,Active
54769,4,2026-06-14,Complete
56081,5,2026-05-13,Complete
7775,1,2025-08-29,Active
45725,2,2026-02-22,Complete
59754,3,2026-05-22,Active
123,4,2026-06-23,Active
13971,5,2025-03-07,Active
5205,1,2025-02-26,Active
59461,2,2026-06-06,Active
25320,3,2026-05-28,Active
52887,4,2024-10-03,Active
8738,5,2025-05-08,Active
26823,1,2025-10-29,Active
44152,2,2023-06-16,Active
52693,3,2026-06-12,Active
56873,4,2025-12-28,Active
45002,5,2024-02-25,Active
23037,1,2025-01-30,Active
59589,2,2024-04-16,Complete
42625,3,2025-04-08,Active
51730,4,2026-01-02,Complete
58822,5,2026-05-14,Active
19715,1,2023-05-02,Active
36882,2,2026-03-27,Active
4017,3,2025-11-16,Active
40084,4,2025-11-13,Active
18142,5,2026-04-25,Active
36983,1,2023-06-03,Active
57539,2,2026-06-30,Complete
53803,3,2025-03-06,Active
51149,4,2024-12-08,Active
58393,5,2026-06-08,Complete
10476,1,2026-06-24,Active
10876,2,2024-05-02,Active
32914,3,2024-03-21,Active
1854,4,2025-06-26,Active
47695,5,2026-05-06,Active
8431,1,2023-10-02,Active
11869,2,2026-03-29,Active
16362,3,2026-03-28,Lapsed
11503,4,2026-01-13,Active
10282,5,2026-01-18,Active
22288,1,2026-02-13,Active
1719,2,2026-06-01,Complete
14806,3,2024-09-03,Active
8270,4,2026-06-20,Complete
22223,5,2026-05-24,Active
50928,1,2026-06-18,Active
56923,2,2025-12-25,Active
27316,3,2026-06-09,Active
28533,4,2025-06-07,Active
35550,5,2024-09-12,Active
28242,1,2026-06-11,Active
20835,2,2026-06-20,Active
52289,3,2026-05-06,Active
8533,4,2026-03-06,Active
1397,5,2025-08-19,Active
9389,1,2025-12-10,Active
22961,2,2025-05-03,Active
12418,3,2026-03-13,Active
36375,4,2026-06-27,Lapsed
37258,5,2026-05-04,Active
5817,1,2024-11-20,Active
36300,2,2026-05-08,Active
1079,3,2024-03-06,Active
15031,4,2025-08-20,Active
34293,5,2022-04-10,Active
24189,1,2024-11-29,Complete
38612,2,2025-12-21,Active
18171,3,2026-06-09,Active
50376,4,2026-04-09,Active
51592,5,2023-11-28,Complete
55637,1,2025-11-04,Complete
35081,2,2026-06-19,Active
50768,3,2026-06-23,Active
20267,4,2026-06-21,Lapsed
46593,5,2026-05-30,Active
7632,1,2025-06-26,Complete
41430,2,2026-05-31,Active
47403,3,2024-07-26,Active
28572,4,2024-07-05,Active
30877,5,2025-09-26,Lapsed
54337,1,2025-06-21,Active
53245,2,2026-06-19,Active
19192,3,2026-05-17,Active
31827,4,2025-08-19,Active
44854,5,2026-05-06,Complete
48108,1,2024-11-04,Active
43816,2,2026-06-01,Active
6895,3,2025-03-06,Active
21767,4,2026-03-26,Active
37214,5,2025-04-15,Active
53564,1,2026-06-30,Active
31252,2,2024-01-04,Active
14758,3,2025-09-21,Active
13547,4,2026-04-15,Complete
4293,5,2026-06-24,Active
36867,1,2026-02-10,Active
30517,2,2026-06-25,Lapsed
33494,3,2025-06-20,Active
2273,4,2026-03-14,Active
41158,5,2025-11-08,Complete
7980,1,2026-05-22,Active
42168,2,2023-10-04,Lapsed
28627,3,2024-04-16,Active
12962,4,2026-06-30,Complete
12766,5,2026-02-18,Active
20128,1,2026-04-29,Complete
34226,2,2022-07-09,Active
39188,3,2026-04-30,Active
38595,4,2025-01-10,Active
16182,5,2026-05-13,Complete
32880,1,2023-12-15,Lapsed
38233,2,2024-09-04,Active
45722,3,2026-02-19,Active
29356,4,2026-05-17,Active
47931,5,2025-01-03,Lapsed
54012,1,2026-03-08,Active
42985,2,2026-05-08,Complete
14787,3,2026-06-16,Active
10829,4,2026-05-27,Active
29556,5,2024-01-07,Active
4434,1,2023-09-05,Active
5587,2,2026-03-31,Active
15807,3,2023-08-06,Active
20850,4,2026-02-17,Active
19981,5,2026-01-25,Active
40866,1,2026-05-21,Active
16350,2,2026-06-13,Active
54365,3,2026-04-29,Lapsed
58299,4,2026-04-12,Active
4784,5,2026-06-23,Active
26118,1,2022-12-19,Active
58524,2,2026-02-10,Active
11765,3,2024-12-24,Active
56126,4,2025-10-20,Complete
8570,5,2025-02-06,Complete
34782,1,2026-05-05,Complete
12690,2,2024-08-09,Active
33226,3,2026-04-22,Lapsed
50427,4,2026-06-04,Active
9207,5,2023-08-16,Complete
56852,1,2026-03-07,Active
35091,2,2026-01-03,Active
35346,3,2025-06-24,Active
22837,4,2025-02-28,Active
10387,5,2025-12-20,Active
46678,1,2026-06-30,Complete
18676,2,2026-06-29,Active
14455,3,2025-08-01,Active
7434,4,2023-08-01,Active
22004,5,2026-05-16,Active
5834,1,2025-11-12,Active
24504,2,2026-06-28,Active
21712,3,2025-07-08,Active
28303,4,2026-05-31,Complete
37044,5,2026-06-28,Lapsed
33045,1,2026-04-14,Complete
37499,2,2026-03-28,Active
15467,3,2024-07-01,Active
22251,4,2023-10-03,Active
51568,5,2025-10-25,Complete
15299,1,2026-01-01,Complete
2213,2,2026-04-09,Active
25575,3,2026-06-23,Active
59000,4,2026-04-14,Active
57790,5,2026-06-24,Active
16676,1,2021-09-11,Active
51705,2,2024-10-13,Active
19899,3,2026-06-29,Active
19149,4,2026-04-05,Active
26440,5,2024-05-28,Lapsed
47996,1,2024-12-23,Active
52454,2,2024-06-10,Complete
32276,3,2025-03-15,Active
21235,4,2025-10-26,Active
10665,5,2025-07-20,Active
58386,1,2026-05-15,Active
17497,2,2025-08-03,Active
38849,3,2026-06-06,Active
5759,4,2026-02-06,Active
26367,5,2026-01-12,Active
5023,1,2026-06-07,Complete
37509,2,2025-06-24,Complete
3075,3,2026-06-24,Active
38506,4,2026-06-30,Active
21243,5,2026-04-13,Lapsed
59532,1,2025-02-24,Complete
33923,2,2025-01-31,Lapsed
59049,3,2023-12-27,Active
44204,4,2025-11-06,Active
51120,5,2026-02-18,Active
38294,1,2024-10-11,Active
12081,2,2024-12-22,Active
55636,3,2026-03-05,Active
19726,4,2024-09-28,Active
17478,5,2025-10-02,Complete
20126,1,2026-06-08,Active
11216,2,2025-07-17,Active
47321,3,2026-01-16,Active
22505,4,2026-05-22,Complete
8689,5,2025-10-08,Active
29278,1,2026-05-22,Complete
4728,2,2026-05-26,Active
52793,3,2026-06-25,Active
19430,4,2026-01-15,Complete
50319,5,2026-05-05,Active
29648,1,2026-01-15,Lapsed
9855,2,2023-01-24,Active
10343,3,2025-10-19,Active
52112,4,2026-06-17,Active
51016,5,2026-06-29,Active
14155,1,2025-08-25,Active
54890,2,2026-05-03,Active
48707,3,2023-12-29,Active
34784,4,2025-11-30,Active
7483,5,2022-07-22,Active
35312,1,2025-12-30,Active
50074,2,2026-02-13,Active
42987,3,2026-01-03,Active
22869,4,2026-02-05,Active
4468,5,2026-06-11,Complete
13231,1,2026-01-29,Complete
6898,2,2026-03-19,Complete
32669,3,2026-03-29,Active
19278,4,2026-03-24,Complete
56470,5,2026-04-07,Active
54712,1,2025-01-11,Active
27614,2,2022-05-23,Active
17628,3,2025-01-15,Active
37411,4,2026-04-07,Complete
59970,5,2026-05-05,Active
34208,1,2026-04-14,Active
23699,2,2024-01-06,Active
26105,3,2026-06-19,Active
22186,4,2024-11-08,Active
36267,5,2024-06-01,Active
59533,1,2025-12-12,Active
14742,2,2026-05-31,Lapsed
47069,3,2024-03-02,Active
43173,4,2025-11-11,Active
39811,5,2025-09-22,Complete
8358,1,2026-04-25,Active
35205,2,2025-02-07,Active
9056,3,2024-01-20,Active
14189,4,2025-01-04,Complete
39029,5,2026-06-29,Active
10014,1,2026-04-24,Active
59459,2,2024-03-22,Active
36322,3,2026-06-27,Lapsed
55838,4,2026-04-13,Active
21062,5,2025-08-26,Active
55938,1,2023-09-22,Complete
13058,2,2025-06-06,Complete
44924,3,2025-01-20,Active
17215,4,2026-06-07,Complete
48920,5,2026-06-15,Complete
8871,1,2025-07-10,Active
33599,2,2025-09-28,Active
59258,3,2026-06-01,Active
21447,4,2023-02-11,Complete
12406,5,2024-05-19,Active
5070,1,2025-06-26,Active
13711,2,2026-02-18,Complete
45197,3,2026-06-14,Lapsed
58761,4,2023-11-20,Active
35310,5,2026-01-28,Active
2932,1,2025-08-12,Active
11439,2,2025-05-12,Active
27706,3,2026-05-05,Lapsed
29757,4,2026-06-27,Active
35012,5,2026-03-29,Active
43251,1,2026-04-16,Lapsed
15791,2,2026-04-05,Active
34280,3,2025-03-14,Active
12555,4,2024-04-26,Complete
5892,5,2025-08-28,Active
2103,1,2026-06-25,Active
56810,2,2025-06-03,Active
29353,3,2025-11-23,Active
51895,4,2026-06-18,Active
58550,5,2026-06-19,Complete
1541,1,2026-06-20,Active
20960,2,2026-02-26,Active
52974,3,2026-06-10,Active
59400,4,2026-05-17,Active
24822,5,2026-06-16,Active
33726,1,2025-05-02,Complete
22141,2,2024-09-30,Active
21859,3,2026-05-07,Active
25046,4,2025-05-22,Lapsed
23473,5,2026-06-21,Active
4965,1,2025-11-30,Active
53492,2,2026-01-07,Active
23306,3,2026-04-03,Active
24835,4,2026-05-02,Lapsed
23249,5,2025-12-03,Lapsed
20129,1,2026-06-24,Active
39025,2,2025-12-29,Active
20785,3,2026-06-13,Active
30440,4,2022-09-11,Active
19364,5,2026-03-13,Active
11984,1,2025-05-24,Active
23206,2,2024-12-08,Active
46740,3,2025-12-15,Active
46934,4,2026-02-05,Active
21193,5,2026-02-23,Active
9363,1,2024-06-15,Active
16322,2,2026-05-28,Active
53552,3,2023-06-10,Active
13412,4,2026-05-29,Lapsed
9741,5,2022-03-18,Active
48487,1,2025-07-25,Complete
40147,2,2026-06-26,Complete
7119,3,2026-05-17,Active
44715,4,2025-11-16,Active
14825,5,2026-05-04,Active
19638,1,2026-02-05,Complete
38597,2,2026-05-10,Active
22054,3,2025-05-30,Lapsed
37572,4,2026-06-12,Active
36415,5,2026-03-19,Active
16852,1,2025-12-09,Lapsed
52395,2,2026-05-21,Active
11263,3,2023-10-08,Lapsed
18367,4,2024-10-04,Active
8857,5,2026-05-09,Active
9268,1,2023-06-21,Active
43216,2,2026-02-01,Active
19646,3,2023-10-16,Active
5037,4,2026-05-23,Active
44378,5,2026-05-29,Active
46908,1,2025-10-06,Active
44348,2,2025-07-11,Complete
55039,3,2026-06-08,Active
14236,4,2025-09-29,Active
6503,5,2025-02-04,Active
59362,1,2024-04-03,Active
59839,2,2026-05-09,Complete
13090,3,2025-11-18,Active
31788,4,2026-06-27,Active
28176,5,2023-11-05,Active
17475,1,2026-02-22,Active
3287,2,2025-02-03,Active
49103,3,2026-06-18,Active
36124,4,2025-12-25,Complete
37200,5,2026-01-30,Complete
33910,1,2026-04-30,Active
50380,2,2026-06-12,Active
27800,3,2026-06-20,Complete
56799,4,2025-10-29,Complete
50666,5,2025-03-03,Active
59337,1,2026-04-06,Active
22423,2,2026-06-06,Active
59891,3,2026-05-13,Complete
30727,4,2026-06-13,Active
24842,5,2026-02-24,Active
16814,1,2026-04-26,Active
44872,2,2026-01-01,Active
55435,3,2025-11-26,Complete
52717,4,2025-09-30,Active
2636,5,2026-03-28,Active
23315,1,2025-08-24,Active
44289,2,2025-11-20,Active
21899,3,2025-07-18,Active
49472,4,2026-02-16,Active
13755,5,2024-11-30,Lapsed
20936,1,2024-11-03,Active
49328,2,2025-10-16,Complete
54665,3,2026-06-01,Complete
13548,4,2025-03-26,Active
27854,5,2026-03-08,Active
45932,1,2026-05-30,Active
54733,2,2024-12-02,Active
930,3,2024-08-23,Active
29165,4,2023-03-14,Active
46522,5,2026-03-31,Active
4707,1,2025-02-21,Active
20895,2,2026-03-23,Active
7693,3,2026-04-12,Active
54553,4,2025-10-14,Lapsed
59619,5,2023-08-16,Active
21335,1,2025-10-20,Active
567,2,2023-01-17,Lapsed
14833,3,2026-06-21,Active
52884,4,2026-06-26,Complete
53854,5,2026-03-25,Active
46724,1,2026-05-20,Active
6107,2,2025-08-17,Active
44043,3,2026-04-08,Active
963,4,2026-03-27,Active
1235,5,2025-06-28,Active
50375,1,2026-07-01,Complete
54101,2,2026-03-11,Complete
52646,3,2026-03-21,Active
37398,4,2025-11-28,Complete
32473,5,2026-03-13,Lapsed
40414,1,2025-05-08,Active
38896,2,2026-05-10,Active
34498,3,2024-11-18,Lapsed
46919,4,2026-06-04,Lapsed
50584,5,2026-05-26,Active
49052,1,2026-06-25,Active
31650,2,2026-01-08,Active
23464,3,2025-11-27,Active
47074,4,2025-12-31,Active
7151,5,2025-09-02,Active
10980,1,2025-08-16,Active
34450,2,2024-05-03,Active
23294,3,2025-06-26,Active
13120,4,2026-06-18,Active
29441,5,2026-03-03,Active
18656,1,2026-06-09,Active
18119,2,2025-12-14,Active
8984,3,2026-02-07,Complete
14042,4,2026-06-30,Active
37219,5,2026-06-20,Active
49042,1,2026-06-26,Active
30508,2,2025-01-21,Active
39843,3,2022-06-11,Active
13940,4,2026-06-30,Active
8715,5,2025-12-15,Lapsed
57228,1,2026-01-23,Complete
1864,2,2022-10-20,Active
53042,3,2026-03-17,Active
10187,4,2026-01-11,Active
30518,5,2026-04-06,Active
21084,1,2026-06-26,Active
15105,2,2025-09-22,Active
5114,3,2025-04-22,Active
28530,4,2026-04-26,Active
42400,5,2026-06-16,Complete
37020,1,2024-10-23,Active
27239,2,2026-05-31,Complete
46178,3,2025-05-29,Lapsed
38033,4,2024-11-15,Active
50116,5,2023-09-05,Complete
18742,1,2025-08-05,Complete
40697,2,2026-06-12,Active
9968,3,2026-04-19,Active
13051,4,2026-03-19,Active
53698,5,2025-08-16,Complete
39291,1,2026-02-14,Active
29070,2,2025-12-01,Complete
25858,3,2026-03-23,Active
5612,4,2026-03-24,Complete
10060,5,2024-09-20,Active
22473,1,2026-02-18,Active
17447,2,2026-06-11,Active
2026,3,2025-07-15,Active
41706,4,2024-08-24,Active
21116,5,2025-11-01,Complete
20697,1,2022-10-02,Lapsed
16187,2,2023-04-23,Active
49015,3,2025-01-30,Active
56782,4,2026-06-04,Complete
4723,5,2026-06-05,Active
13359,1,2025-05-13,Active
34765,2,2026-02-21,Active
14808,3,2024-06-08,Lapsed
34564,4,2025-07-05,Complete
37875,5,2026-05-29,Complete
40399,1,2026-05-01,Complete
1742,2,2026-06-21,Complete
9974,3,2025-11-02,Active
20158,4,2025-05-23,Active
37897,5,2024-11-23,Active
7152,1,2025-10-08,Complete
10650,2,2025-05-20,Active
43036,3,2026-06-25,Active
53170,4,2026-06-20,Active
12759,5,2026-03-29,Active
58956,1,2026-05-16,Active
14297,2,2022-12-01,Active
40574,3,2026-01-22,Complete
34562,4,2026-06-16,Active
25612,5,2025-10-05,Complete
23278,1,2026-06-14,Active
21969,2,2026-01-17,Active
429,3,2026-03-02,Active
25821,4,2025-05-04,Active
40797,5,2022-08-03,Complete
26056,1,2026-04-04,Active
3857,2,2026-04-14,Active
18477,3,2023-11-22,Active
19075,4,2025-06-11,Lapsed
59376,5,2026-05-11,Active
26973,1,2026-05-25,Active
41369,2,2026-05-21,Active
49045,3,2026-03-19,Active
16569,4,2025-07-04,Active
58654,5,2026-05-09,Complete
56454,1,2025-07-26,Lapsed
25940,2,2025-12-05,Active
42654,3,2025-12-05,Active
15737,4,2026-05-27,Complete
32282,5,2026-03-12,Complete
10713,1,2025-09-11,Active
10832,2,2025-11-09,Active
56645,3,2025-09-02,Active
5863,4,2025-10-02,Active
22716,5,2026-06-24,Complete
7839,1,2023-09-13,Active
55791,2,2026-03-23,Complete
17414,3,2026-05-18,Active
27260,4,2024-07-28,Complete
4270,5,2025-12-09,Complete
10104,1,2026-06-23,Active
14814,2,2026-01-12,Active
7952,3,2025-12-08,Active
50299,4,2024-04-16,Active
18265,5,2026-05-17,Complete
40955,1,2026-06-03,Lapsed
37262,2,2025-01-10,Active
36151,3,2025-08-31,Active
30570,4,2026-04-05,Active
15317,5,2026-01-24,Active
5112,1,2026-03-11,Active
49250,2,2026-02-05,Active
16889,3,2024-05-04,Active
59190,4,2026-06-17,Complete
41507,5,2026-06-23,Active
38656,1,2025-08-30,Active
19315,2,2025-11-01,Active
53467,3,2024-06-02,Complete
13142,4,2025-01-30,Active
8409,5,2026-03-03,Complete
57761,1,2026-03-28,Active
36086,2,2026-06-19,Active
45327,3,2026-01-08,Active
51257,4,2026-03-16,Complete
12735,5,2024-06-10,Active
1546,1,2025-07-15,Active
19004,2,2024-12-10,Active
59574,3,2026-01-20,Active
48014,4,2026-06-19,Active
9141,5,2026-05-20,Active
29947,1,2026-06-17,Complete
54555,2,2026-01-05,Active
26813,3,2025-08-24,Active
48157,4,2026-05-17,Active
54457,5,2026-06-12,Active
14344,1,2026-03-23,Active
55243,2,2025-03-24,Active
41151,3,2024-07-11,Active
6499,4,2025-11-21,Active
48576,5,2026-06-06,Active
25751,1,2026-06-18,Active
1568,2,2026-03-08,Active
58603,3,2025-12-14,Complete
54767,4,2025-06-10,Active
15924,5,2024-12-18,Active
27623,1,2026-05-29,Active
49996,2,2026-05-20,Active
47649,3,2023-11-12,Active
21820,4,2025-01-17,Complete
41870,5,2024-11-14,Active
59131,1,2026-05-20,Complete
58637,2,2026-05-18,Active
31580,3,2025-06-03,Active
22383,4,2025-07-30,Active
8506,5,2025-08-12,Active
29105,1,2025-07-22,Active
5751,2,2025-11-14,Active
14680,3,2026-05-05,Active
8129,4,2025-11-15,Active
33042,5,2026-04-22,Active
9955,1,2026-06-04,Active
49730,2,2025-04-21,Lapsed
47614,3,2025-03-14,Active
46527,4,2026-06-26,Complete
14434,5,2026-01-29,Active
36175,1,2026-06-26,Active
10681,2,2026-02-19,Lapsed
25677,3,2024-11-23,Active
49864,4,2025-10-17,Active
38015,5,2025-05-09,Active
51106,1,2026-06-25,Complete
38225,2,2026-06-27,Active
5839,3,2026-06-21,Active
21601,4,2026-02-08,Active
54046,5,2026-06-04,Active
43685,1,2026-06-27,Active
13293,2,2026-04-20,Active
58573,3,2025-09-08,Complete
19163,4,2026-02-27,Active
52862,5,2026-05-01,Active
47289,1,2026-06-28,Complete
51260,2,2026-01-15,Active
9047,3,2024-04-01,Complete
19864,4,2023-11-25,Active
17345,5,2026-01-25,Active
28187,1,2026-05-08,Lapsed
38542,2,2026-06-03,Active
38610,3,2025-08-23,Active
42347,4,2026-06-29,Active
13104,5,2026-06-13,Active
51608,1,2026-03-17,Complete
49007,2,2026-04-22,Lapsed
28770,3,2024-08-17,Active
136,4,2025-02-17,Complete
57936,5,2026-01-23,Active
12991,1,2025-01-10,Active
13064,2,2026-04-13,Active
7695,3,2026-03-17,Active
40226,4,2025-10-30,Active
32986,5,2025-10-28,Active
15097,1,2024-08-13,Active
22477,2,2026-05-27,Active
9684,3,2026-01-06,Active
3572,4,2024-11-17,Active
13773,5,2024-10-30,Active
27433,1,2025-10-05,Active
11022,2,2025-02-06,Lapsed
18780,3,2026-06-22,Lapsed
9200,4,2026-07-01,Active
20315,5,2025-04-16,Active
16360,1,2026-06-27,Active
31382,2,2026-05-12,Complete
31465,3,2025-02-04,Active
20754,4,2025-05-09,Active
42980,5,2026-06-29,Active
15348,1,2026-05-21,Active
34135,2,2025-03-01,Active
47941,3,2025-03-20,Active
32656,4,2025-03-20,Active
46712,5,2023-04-05,Active
17994,1,2025-01-29,Lapsed
2842,2,2025-09-18,Active
14061,3,2025-07-20,Active
12740,4,2026-01-08,Active
22448,5,2026-06-17,Lapsed
50323,1,2025-01-01,Active
6493,2,2025-01-26,Complete
16604,3,2026-06-06,Lapsed
24009,4,2025-06-20,Active
25829,5,2025-09-04,Active
40621,1,2025-09-08,Active
33384,2,2026-05-23,Active
52426,3,2026-05-14,Active
13718,4,2023-11-16,Lapsed
46617,5,2025-08-13,Complete
26854,1,2026-05-02,Active
8764,2,2026-04-28,Active
2374,3,2026-05-29,Active
37460,4,2024-08-09,Active
19079,5,2024-05-11,Active
54298,1,2026-05-25,Active
7746,2,2025-11-29,Active
43523,3,2025-06-23,Active
57555,4,2026-01-16,Active
39529,5,2026-04-23,Complete
19898,1,2026-06-29,Active
56916,2,2025-12-19,Active
54636,3,2025-08-12,Active
42104,4,2025-08-06,Active
34575,5,2025-11-28,Complete
49117,1,2026-04-24,Complete
11686,2,2025-03-04,Complete
7277,3,2024-11-26,Active
46494,4,2025-12-16,Active
56644,5,2025-08-22,Active
33991,1,2026-04-22,Active
11521,2,2026-06-23,Active
54969,3,2026-04-29,Complete
4729,4,2024-06-07,Complete
32079,5,2025-06-01,Complete
32199,1,2026-06-22,Active
56468,2,2025-11-17,Active
15849,3,2025-06-17,Complete
40042,4,2026-04-08,Active
42513,5,2026-05-08,Active
23151,1,2026-03-21,Active
38510,2,2025-12-27,Active
13361,3,2024-07-27,Active
39590,4,2026-06-19,Active
47328,5,2025-02-25,Active
59792,1,2026-02-18,Active
26709,2,2024-09-27,Complete
3512,3,2025-05-24,Active
43930,4,2025-03-27,Active
54597,5,2026-06-22,Active
39031,1,2026-02-20,Active
21094,2,2026-03-05,Active
35846,3,2025-05-10,Active
52949,4,2026-04-12,Complete
37309,5,2024-01-13,Complete
36484,1,2026-06-17,Active
6061,2,2026-02-05,Active
23466,3,2026-04-07,Complete
47312,4,2026-06-29,Complete
36136,5,2026-05-25,Complete
40711,1,2026-05-26,Complete
48094,2,2026-06-10,Complete
55560,3,2025-04-06,Active
37584,4,2023-12-24,Complete
1527,5,2025-10-20,Active
37283,1,2026-01-25,Complete
53146,2,2025-07-11,Active
56719,3,2024-10-07,Active
45871,4,2025-04-04,Active
42834,5,2026-05-20,Complete
51340,1,2024-03-27,Active
6699,2,2026-06-17,Active
59443,3,2026-03-07,Active
29027,4,2024-08-08,Active
16747,5,2024-06-03,Complete
25704,1,2026-02-28,Active
17472,2,2025-09-18,Active
7301,3,2026-02-11,Active
48991,4,2025-12-25,Active
62,5,2025-05-03,Lapsed
8721,1,2025-06-23,Lapsed
600,2,2025-10-25,Lapsed
8451,3,2026-03-11,Complete
32682,4,2024-05-18,Lapsed
58832,5,2025-04-16,Active
16888,1,2025-05-05,Active
12996,2,2026-01-26,Active
11622,3,2026-05-15,Active
16619,4,2023-07-10,Active
45959,5,2025-02-22,Active
54340,1,2026-01-08,Active
22449,2,2026-03-01,Complete
28345,3,2026-06-28,Active
365,4,2026-03-22,Active
4735,5,2026-04-23,Complete
40111,1,2025-09-18,Complete
3298,2,2025-03-04,Active
21493,3,2026-06-13,Active
16003,4,2026-04-23,Complete
21528,5,2025-05-25,Active
40907,1,2025-04-07,Active
49500,2,2026-03-04,Active
36456,3,2026-03-19,Active
11555,4,2026-04-05,Complete
50002,5,2024-12-09,Lapsed
9915,1,2026-06-24,Active
46484,2,2025-04-02,Active
1816,3,2025-10-26,Active
20453,4,2026-05-08,Complete
32437,5,2025-12-06,Active
28329,1,2025-02-27,Complete
11646,2,2026-02-06,Active
8703,3,2024-10-11,Active
41138,4,2025-12-26,Active
38425,5,2025-12-15,Active
36148,1,2025-10-13,Active
44437,2,2026-06-04,Active
25843,3,2026-02-23,Complete
22240,4,2024-11-13,Active
16573,5,2025-09-28,Complete
54901,1,2026-05-29,Active
58192,2,2025-04-28,Active
58412,3,2026-04-16,Active
19499,4,2025-12-03,Active
56123,5,2026-06-16,Complete
3375,1,2026-06-14,Active
48670,2,2026-01-22,Complete
37301,3,2026-06-09,Active
19361,4,2026-06-28,Active
57865,5,2025-01-13,Complete
58237,1,2025-03-08,Active
31897,2,2026-06-25,Active
56034,3,2026-03-23,Active
50548,4,2025-05-05,Active
15088,5,2025-05-07,Complete
37434,1,2025-06-06,Complete
17425,2,2026-06-10,Complete
50059,3,2026-01-30,Active
52427,4,2026-01-09,Active
48251,5,2026-03-25,Active
45338,1,2024-05-25,Active
38245,2,2026-06-25,Active
49811,3,2026-06-12,Active
26259,4,2025-07-04,Active
29444,5,2026-06-07,Active
587,1,2026-06-26,Active
26049,2,2025-10-23,Active
23857,3,2023-11-06,Active
45077,4,2026-06-18,Active
57479,5,2026-04-24,Active
5736,1,2026-03-04,Lapsed
37660,2,2025-11-20,Active
17614,3,2025-04-06,Lapsed
33408,4,2024-09-21,Active
31227,5,2026-06-22,Active
36695,1,2026-06-28,Active
52433,2,2026-01-12,Active
3665,3,2026-05-31,Active
42945,4,2026-02-04,Complete
26495,5,2025-08-05,Active
38436,1,2026-06-11,Active
10077,2,2025-09-21,Complete
6487,3,2026-05-02,Active
16649,4,2026-02-11,Active
31485,5,2025-06-02,Active
13632,1,2026-05-03,Complete
14575,2,2024-01-09,Active
26862,3,2026-04-01,Lapsed
11547,4,2026-04-28,Active
56926,5,2025-05-20,Complete
45769,1,2026-03-17,Active
55506,2,2026-05-01,Complete
19780,3,2025-12-20,Active
51439,4,2025-06-20,Active
40980,5,2026-05-08,Complete
788,1,2026-05-23,Complete
33365,2,2026-06-27,Active
28219,3,2026-04-29,Lapsed
49631,4,2026-06-14,Active
57040,5,2026-04-29,Active
20632,1,2025-10-09,Active
4970,2,2026-06-23,Active
7723,3,2026-06-09,Active
6259,4,2023-05-29,Active
29089,5,2025-08-27,Active
45279,1,2026-04-29,Complete
47816,2,2025-08-03,Active
49576,3,2026-04-12,Complete
43614,4,2024-05-22,Lapsed
57039,5,2026-03-25,Complete
50298,1,2026-03-21,Active
8818,2,2026-06-23,Complete
42540,3,2024-10-27,Lapsed
45504,4,2024-12-10,Active
51249,5,2024-05-03,Active
40217,1,2024-08-18,Active
55391,2,2023-11-18,Active
57275,3,2026-06-28,Active
39712,4,2024-07-03,Active
20585,5,2024-05-21,Complete
31081,1,2022-08-31,Active
43660,2,2026-04-22,Active
47870,3,2026-04-09,Complete
16119,4,2026-05-13,Active
31533,5,2023-01-15,Active
41490,1,2026-05-03,Active
1936,2,2026-03-03,Complete
13847,3,2026-06-15,Active
16234,4,2026-06-12,Active
33966,5,2026-02-08,Active
40637,1,2025-10-03,Active
38432,2,2026-03-09,Active
31514,3,2026-01-18,Lapsed
58589,4,2026-03-27,Active
452,5,2026-05-31,Active
22413,1,2026-06-15,Active
20879,2,2026-05-06,Active
39206,3,2026-06-27,Active
28469,4,2026-05-07,Active
25312,5,2026-06-26,Complete
29781,1,2026-06-10,Active
18630,2,2026-05-24,Active
37406,3,2025-09-27,Active
47131,4,2026-06-27,Complete
10127,5,2025-09-27,Active
13398,1,2025-12-21,Active
40719,2,2025-10-22,Complete
12298,3,2022-06-01,Active
30812,4,2024-03-20,Active
11471,5,2026-06-29,Lapsed
31044,1,2025-05-26,Active
1792,2,2025-07-26,Active
46157,3,2023-10-11,Active
39795,4,2025-01-29,Active
14460,5,2025-06-16,Complete
33172,1,2024-01-30,Lapsed
52170,2,2026-05-23,Lapsed
48518,3,2025-10-25,Active
38258,4,2025-09-27,Active
6738,5,2023-09-02,Active
32753,1,2025-10-12,Active
8174,2,2026-06-06,Active
5212,3,2026-03-25,Active
33256,4,2024-08-17,Active
38437,5,2026-01-14,Active
42871,1,2025-06-29,Active
27395,2,2025-06-18,Active
14934,3,2026-05-23,Active
24531,4,2025-08-23,Active
52412,5,2026-05-22,Active
32854,1,2026-03-31,Active
17589,2,2026-02-25,Complete
4262,3,2026-04-20,Lapsed
55431,4,2023-09-12,Active
3370,5,2025-08-13,Active
16986,1,2025-07-30,Active
558,2,2024-11-27,Active
27244,3,2026-03-20,Active
14023,4,2026-01-12,Active
26683,5,2025-01-17,Active
52762,1,2026-03-06,Complete
42300,2,2025-10-16,Active
13908,3,2024-12-14,Active
32801,4,2026-05-01,Active
3964,5,2025-12-21,Active
26408,1,2025-05-09,Complete
52302,2,2026-02-26,Complete
5565,3,2026-06-17,Active
704,4,2026-03-19,Lapsed
6108,5,2023-05-13,Lapsed
7466,1,2026-01-10,Active
59021,2,2023-09-10,Lapsed
15285,3,2025-06-28,Active
13386,4,2026-05-21,Active
17316,5,2026-01-24,Active
27892,1,2026-02-14,Complete
227,2,2025-10-30,Lapsed
21058,3,2026-06-04,Active
36088,4,2025-09-26,Active
2864,5,2026-01-16,Complete
3017,1,2025-09-18,Active
46148,2,2024-11-24,Active
15683,3,2026-06-26,Complete
29854,4,2025-04-28,Lapsed
55752,5,2025-11-23,Complete
56521,1,2026-03-07,Active
54714,2,2026-05-05,Active
25083,3,2026-02-21,Active
7744,4,2026-02-07,Active
55140,5,2026-04-30,Active
28003,1,2026-05-10,Active
30687,2,2026-05-05,Active
44135,3,2026-04-17,Active
39489,4,2026-06-29,Complete
26936,5,2026-01-04,Active
35452,1,2026-06-03,Complete
17108,2,2025-09-17,Lapsed
46984,3,2026-02-12,Active
6307,4,2026-01-06,Active
8707,5,2025-09-13,Active
980,1,2026-05-30,Active
40511,2,2026-06-29,Active
1684,3,2026-05-04,Active
18638,4,2024-08-20,Complete
27073,5,2025-06-29,Active
18870,1,2024-06-16,Active
35952,2,2026-06-28,Active
36241,3,2025-11-11,Active
6183,4,2025-12-13,Active
42149,5,2025-05-19,Active
2725,1,2025-11-21,Active
21947,2,2025-11-12,Active
18530,3,2026-04-04,Active
15699,4,2025-12-10,Active
11111,5,2026-06-23,Active
50958,1,2025-08-10,Active
27455,2,2026-06-21,Active
40229,3,2026-01-11,Complete
23785,4,2024-07-17,Active
7739,5,2026-04-17,Active
46250,1,2026-06-23,Active
7664,2,2025-10-22,Active
45333,3,2026-04-11,Active
39222,4,2024-07-02,Active
58807,5,2026-02-09,Active
33626,1,2026-02-15,Complete
10844,2,2025-06-06,Lapsed
22144,3,2026-04-09,Active
22931,4,2026-04-22,Active
47948,5,2026-05-14,Active
15810,1,2026-06-05,Active
34119,2,2026-05-04,Active
7785,3,2026-02-17,Complete
555,4,2026-04-09,Active
41472,5,2026-03-27,Complete
2002,1,2026-03-28,Active
46698,2,2026-04-18,Active
52773,3,2025-04-25,Active
1211,4,2025-12-13,Active
43696,5,2024-07-25,Complete
52045,1,2026-01-07,Active
37507,2,2026-06-30,Active
46125,3,2026-04-01,Active
1775,4,2024-10-28,Complete
12471,5,2026-06-16,Active
11818,1,2025-09-30,Active
317,2,2026-03-02,Active
42410,3,2026-01-26,Active
14605,4,2026-06-21,Lapsed
29232,5,2025-11-24,Active
24540,1,2023-08-13,Active
46128,2,2025-01-09,Lapsed
36669,3,2026-01-16,Active
57983,4,2026-06-20,Active
22655,5,2026-06-27,Active
48963,1,2025-12-19,Lapsed
39115,2,2022-05-09,Complete
14619,3,2025-01-13,Active
26727,4,2025-03-26,Complete
7672,5,2022-11-10,Lapsed
13160,1,2025-06-18,Active
4613,2,2025-04-24,Active
44614,3,2025-11-28,Lapsed
36797,4,2025-11-02,Active
35302,5,2026-05-16,Lapsed
24832,1,2025-02-19,Active
41772,2,2026-05-10,Complete
25229,3,2025-05-29,Active
32989,4,2026-03-21,Active
56199,5,2026-05-08,Complete
2460,1,2026-05-11,Active
9306,2,2023-08-10,Active
27530,3,2026-04-29,Complete
27553,4,2025-06-14,Complete
35166,5,2026-05-22,Active
19689,1,2026-06-08,Active
12441,2,2025-05-13,Complete
37268,3,2026-05-22,Active
5263,4,2024-07-10,Active
7772,5,2024-09-13,Complete
20411,1,2024-01-12,Lapsed
52686,2,2025-09-05,Active
40225,3,2025-08-14,Active
49642,4,2026-02-25,Active
18260,5,2026-06-18,Complete
22198,1,2022-01-05,Lapsed
10735,2,2024-08-06,Lapsed
34011,3,2023-03-07,Complete
45536,4,2024-12-05,Complete
48496,5,2025-12-12,Lapsed
11093,1,2026-05-13,Active
46639,2,2026-06-27,Complete
16793,3,2024-08-29,Complete
36871,4,2026-06-24,Active
41743,5,2026-06-07,Active
9216,1,2026-06-11,Active
43676,2,2025-02-04,Active
40146,3,2025-11-26,Active
11840,4,2022-12-08,Lapsed
9998,5,2025-10-30,Complete
50329,1,2026-01-14,Active
12213,2,2026-01-11,Complete
51718,3,2025-10-09,Active
4455,4,2026-06-06,Active
47797,5,2026-04-10,Active
18481,1,2026-04-26,Active
21726,2,2026-06-24,Complete
42516,3,2025-09-27,Active
33459,4,2025-03-09,Complete
41348,5,2025-02-03,Active
58156,1,2024-09-02,Active
55818,2,2025-01-18,Lapsed
45451,3,2026-06-12,Complete
25636,4,2026-06-21,Lapsed
14890,5,2025-06-29,Active
12269,1,2026-06-20,Lapsed
5716,2,2025-11-05,Active
52854,3,2026-02-28,Active
6294,4,2025-09-20,Complete
31180,5,2025-08-07,Active
35735,1,2024-01-28,Active
22139,2,2025-11-02,Active
35178,3,2025-07-27,Complete
37664,4,2026-06-30,Active
38279,5,2026-06-30,Lapsed
38587,1,2026-06-10,Lapsed
6701,2,2026-06-17,Lapsed
25448,3,2026-03-02,Complete
43636,4,2026-06-28,Complete
52851,5,2026-01-19,Active
30095,1,2022-12-03,Active
55768,2,2026-05-19,Active
47852,3,2026-06-20,Active
43557,4,2025-10-08,Complete
34687,5,2025-08-02,Complete
51645,1,2026-05-15,Active
39497,2,2026-04-21,Active
39359,3,2024-06-14,Active
40580,4,2026-02-05,Active
54790,5,2024-06-11,Lapsed
16159,1,2025-06-21,Active
34414,2,2026-06-03,Active
8469,3,2026-05-23,Active
28632,4,2026-05-31,Active
47101,5,2026-06-06,Active
27056,1,2024-03-29,Active
49327,2,2024-10-22,Active
16651,3,2025-08-30,Active
13177,4,2025-12-05,Active
53347,5,2026-03-09,Lapsed
53740,1,2023-06-18,Active
9737,2,2025-10-13,Active
12018,3,2026-06-26,Active
21244,4,2026-06-27,Active
19506,5,2024-04-30,Active
21622,1,2024-02-28,Active
38380,2,2026-03-27,Active
19556,3,2025-03-02,Active
3318,4,2026-04-08,Active
55270,5,2025-11-25,Active
40585,1,2025-04-07,Active
31231,2,2024-11-22,Active
42523,3,2026-06-24,Complete
7143,4,2025-05-01,Active
1613,5,2026-06-04,Active
34721,1,2026-05-21,Active
38996,2,2026-06-29,Active
5921,3,2026-04-25,Active
28617,4,2025-09-20,Active
23377,5,2026-02-27,Complete
3997,1,2026-06-03,Active
25242,2,2025-12-30,Active
59790,3,2026-06-16,Active
31072,4,2025-07-17,Active
38178,5,2026-02-13,Complete
34806,1,2023-11-06,Active
44557,2,2026-03-16,Active
27505,3,2026-05-19,Active
43621,4,2025-06-12,Complete
57176,5,2025-08-31,Active
18017,1,2026-03-29,Active
23367,2,2025-06-17,Complete
2876,3,2026-01-29,Active
1852,4,2026-06-05,Active
4441,5,2026-06-28,Lapsed
21508,1,2026-01-07,Complete
51712,2,2025-11-08,Active
10112,3,2025-06-22,Active
56684,4,2026-06-11,Active
16500,5,2026-05-23,Active
20313,1,2026-06-22,Active
46510,2,2026-04-17,Active
27887,3,2026-04-13,Active
19463,4,2024-01-10,Lapsed
44689,5,2025-06-24,Active
35531,1,2025-11-15,Active
39572,2,2025-12-15,Active
35895,3,2026-05-29,Active
38324,4,2026-06-02,Active
3748,5,2025-04-21,Active
22862,1,2025-06-01,Active
52902,2,2025-12-09,Active
14847,3,2025-09-05,Active
46466,4,2023-07-15,Active
54230,5,2026-05-12,Active
10760,1,2025-12-29,Active
6764,2,2025-09-14,Active
10025,3,2021-08-24,Active
10990,4,2026-03-09,Lapsed
5795,5,2026-04-16,Lapsed
49341,1,2026-05-20,Active
57658,2,2026-04-12,Active
28688,3,2026-05-19,Complete
3551,4,2025-06-09,Active
43997,5,2026-06-21,Active
58050,1,2025-12-23,Complete
6157,2,2026-03-23,Active
59041,3,2024-10-31,Complete
11813,4,2026-01-18,Active
58215,5,2026-02-24,Active
17192,1,2024-10-09,Active
55787,2,2026-02-17,Active
22302,3,2025-12-24,Active
48121,4,2025-09-13,Lapsed
20489,5,2026-06-09,Active
22575,1,2026-02-20,Active
28852,2,2024-05-24,Complete
5255,3,2026-05-21,Active
35601,4,2024-07-06,Active
25707,5,2025-05-19,Complete
38869,1,2026-06-21,Active
19120,2,2025-09-12,Active
2304,3,2025-07-05,Active
49064,4,2026-02-15,Active
7353,5,2026-05-22,Active
10436,1,2026-06-25,Complete
39002,2,2025-10-27,Active
20911,3,2026-03-02,Active
25417,4,2026-05-27,Complete
50974,5,2026-06-20,Active
26107,1,2026-03-11,Lapsed
12725,2,2026-04-24,Active
13077,3,2024-12-14,Active
38,4,2024-06-28,Active
17107,5,2025-04-11,Active
48470,1,2026-06-30,Lapsed
50680,2,2026-06-11,Active
24031,3,2026-06-16,Active
35017,4,2026-04-18,Active
38813,5,2026-03-24,Active
18710,1,2025-06-30,Active
29325,2,2025-09-30,Active
13709,3,2026-05-28,Active
29153,4,2026-05-13,Complete
4554,5,2025-12-28,Active
28014,1,2026-06-13,Active
9365,2,2025-03-16,Active
30427,3,2023-07-15,Lapsed
25023,4,2023-04-25,Complete
3316,5,2026-06-25,Active
50393,1,2024-10-23,Active
17568,2,2024-02-05,Active
17113,3,2026-06-21,Active
4037,4,2026-01-31,Active
12048,5,2026-01-07,Active
15118,1,2024-01-03,Complete
22922,2,2024-08-04,Active
52344,3,2024-12-01,Complete
20979,4,2025-07-14,Active
22956,5,2024-08-19,Complete
39525,1,2026-06-21,Complete
4154,2,2026-06-14,Active
5032,3,2025-12-01,Active
49966,4,2026-06-28,Lapsed
14733,5,2025-02-11,Active
59742,1,2026-06-14,Active
57585,2,2026-05-31,Active
8783,3,2023-12-24,Active
32426,4,2025-10-26,Active
52441,5,2023-12-28,Active
24839,1,2025-08-26,Complete
53565,2,2025-10-21,Active
19699,3,2025-12-23,Lapsed
24942,4,2025-11-09,Active
59816,5,2026-03-20,Complete
13464,1,2024-12-21,Active
48832,2,2026-06-05,Active
32617,3,2024-11-08,Active
24689,4,2026-04-26,Active
1590,5,2025-05-30,Active
24637,1,2026-01-07,Active
2730,2,2026-03-19,Active
24615,3,2025-01-17,Active
43953,4,2026-06-30,Active
40082,5,2026-06-29,Active
7625,1,2023-06-22,Complete
56162,2,2022-08-31,Active
2211,3,2026-05-21,Active
55956,4,2026-05-10,Complete
31912,5,2024-04-21,Complete
5007,1,2026-06-29,Complete
49235,2,2026-01-15,Active
15701,3,2024-10-22,Active
52856,4,2024-09-11,Active
43829,5,2024-02-17,Active
32834,1,2025-12-27,Active
34168,2,2026-01-23,Active
7261,3,2025-08-23,Active
59995,4,2024-10-11,Active
30017,5,2026-06-03,Complete
31527,1,2025-04-11,Active
30149,2,2024-01-16,Active
40154,3,2026-01-17,Complete
12360,4,2026-04-20,Lapsed
47310,5,2026-06-07,Active
29606,1,2024-11-09,Active
26530,2,2026-06-28,Active
8341,3,2026-02-20,Active
37669,4,2025-06-21,Complete
42467,5,2024-07-05,Active
48034,1,2026-02-17,Active
9067,2,2026-02-14,Active
34215,3,2023-12-21,Active
18695,4,2024-08-20,Lapsed
48877,5,2025-09-20,Active
56854,1,2025-06-16,Lapsed
36667,2,2026-06-28,Lapsed
11375,3,2026-04-03,Active
22509,4,2026-03-28,Active
18811,5,2025-07-20,Active
51729,1,2025-09-30,Lapsed
45654,2,2026-06-26,Active
4114,3,2026-02-06,Complete
19842,4,2025-01-29,Complete
23532,5,2026-06-30,Active
6433,1,2026-06-30,Lapsed
25634,2,2025-10-10,Complete
49420,3,2026-04-29,Active
59787,4,2023-04-04,Complete
10850,5,2026-04-06,Active
2261,1,2023-08-15,Active
26712,2,2024-11-23,Complete
49546,3,2025-10-31,Active
35052,4,2026-01-21,Active
31371,5,2026-05-22,Complete
8251,1,2026-06-08,Active
58783,2,2026-06-10,Active
2053,3,2026-06-21,Complete
20231,4,2025-04-30,Active
10341,5,2024-12-19,Active
46101,1,2026-05-10,Active
23538,2,2026-03-29,Active
25836,3,2026-06-13,Active
20643,4,2022-05-02,Active
38689,5,2026-06-23,Active
19642,1,2025-03-29,Active
27764,2,2026-01-17,Lapsed
29337,3,2025-11-02,Complete
18349,4,2026-05-28,Active
59152,5,2022-04-13,Active
2022,1,2025-12-24,Active
28419,2,2026-03-16,Complete
51338,3,2025-02-16,Active
26195,4,2025-01-28,Active
22134,5,2026-01-21,Active
21210,1,2025-11-22,Active
12030,2,2026-01-03,Active
28779,3,2023-09-17,Active
57200,4,2025-12-09,Active
48421,5,2026-06-16,Complete
35296,1,2023-08-21,Active
28279,2,2025-03-24,Active
24397,3,2024-10-13,Active
56833,4,2026-05-11,Complete
24664,5,2025-03-24,Complete
52824,1,2026-04-12,Active
35133,2,2026-02-12,Complete
2452,3,2025-07-21,Active
17016,4,2026-06-21,Active
40479,5,2024-11-08,Active
733,1,2026-05-07,Complete
54625,2,2026-02-09,Active
44826,3,2026-06-02,Active
57759,4,2026-03-19,Active
26873,5,2026-06-25,Active
51530,1,2026-04-20,Complete
8158,2,2024-11-17,Lapsed
25974,3,2026-06-11,Active
14057,4,2025-12-17,Lapsed
32246,5,2024-05-02,Lapsed
28407,1,2026-04-22,Active
55856,2,2026-02-15,Active
40415,3,2025-09-20,Active
28245,4,2024-09-07,Active
46290,5,2024-12-11,Complete
32532,1,2026-06-04,Complete
58206,2,2026-06-15,Active
35589,3,2026-02-17,Active
25397,4,2026-04-06,Complete
50248,5,2026-04-11,Complete
12557,1,2024-03-22,Lapsed
31478,2,2025-12-13,Active
35314,3,2026-04-05,Active
9284,4,2025-06-16,Active
37327,5,2025-08-16,Active
32748,1,2021-08-02,Active
25477,2,2026-02-20,Lapsed
59201,3,2026-01-17,Complete
40961,4,2026-06-11,Lapsed
23509,5,2026-06-20,Active
50622,1,2025-01-22,Lapsed
46019,2,2025-08-01,Active
56599,3,2024-12-14,Active
25154,4,2026-04-19,Active
59333,5,2026-06-30,Active
32999,1,2024-04-17,Active
38772,2,2025-11-01,Active
10502,3,2026-05-14,Active
50447,4,2023-03-30,Active
16893,5,2023-05-21,Active
15588,1,2025-12-16,Active
50841,2,2026-03-18,Lapsed
15696,3,2026-06-29,Active
18934,4,2023-01-29,Lapsed
12899,5,2025-02-15,Active
44054,1,2024-02-28,Active
46287,2,2026-03-02,Lapsed
7126,3,2025-11-13,Active
21185,4,2025-12-24,Active
32442,5,2025-10-20,Active
21145,1,2026-05-25,Active
2489,2,2024-10-12,Active
49450,3,2026-02-11,Active
26937,4,2026-05-16,Active
18700,5,2025-02-04,Active
4147,1,2024-02-28,Active
19571,2,2026-01-30,Lapsed
15941,3,2025-11-22,Lapsed
16722,4,2026-06-26,Complete
22988,5,2026-06-30,Active
24279,1,2026-03-18,Active
9978,2,2023-09-06,Active
39542,3,2026-04-22,Complete
54003,4,2025-09-03,Complete
49516,5,2025-02-17,Lapsed
29698,1,2024-04-15,Active
2119,2,2024-01-03,Lapsed
29458,3,2025-10-06,Active
5903,4,2024-01-23,Active
55821,5,2026-02-27,Lapsed
59347,1,2025-12-21,Active
16102,2,2025-06-06,Active
14702,3,2024-12-22,Lapsed
12055,4,2026-04-24,Active
23088,5,2026-02-27,Active
43622,1,2024-10-02,Active
21611,2,2025-06-19,Complete
55634,3,2025-06-14,Active
13252,4,2026-06-01,Complete
24447,5,2025-11-09,Active
44521,1,2026-06-07,Active
10942,2,2025-08-14,Complete
14788,3,2025-04-19,Complete
24238,4,2025-10-24,Active
54660,5,2026-05-09,Complete
23786,1,2023-04-19,Active
45183,2,2026-06-27,Complete
31320,3,2026-03-11,Active
11544,4,2025-12-06,Active
40513,5,2026-03-03,Active
55293,1,2026-06-03,Active
33874,2,2024-08-08,Active
46499,3,2026-03-26,Complete
12358,4,2025-09-28,Active
58987,5,2026-01-19,Active
9167,1,2024-10-08,Active
37684,2,2025-10-13,Active
29136,3,2026-06-30,Active
24147,4,2024-04-11,Active
34645,5,2026-02-07,Active
13018,1,2024-12-04,Active
43872,2,2026-05-02,Active
6555,3,2025-08-01,Active
28549,4,2025-04-08,Active
47004,5,2026-04-11,Active
47805,1,2025-09-22,Active
17759,2,2025-05-07,Complete
50929,3,2025-11-11,Active
59106,4,2026-06-23,Active
40038,5,2026-04-11,Active
4291,1,2025-06-23,Lapsed
51312,2,2026-03-11,Complete
33793,3,2025-04-26,Active
14223,4,2025-05-27,Complete
3529,5,2026-06-29,Active
4084,1,2026-02-01,Active
45728,2,2026-02-15,Lapsed
25319,3,2023-06-14,Active
46622,4,2025-01-03,Active
12850,5,2026-05-31,Active
59071,1,2026-06-19,Lapsed
45483,2,2026-06-20,Active
8222,3,2026-02-15,Complete
7691,4,2022-12-25,Complete
16842,5,2022-12-13,Active
28791,1,2026-06-25,Active
9180,2,2025-03-19,Active
21578,3,2026-04-30,Lapsed
44928,4,2026-02-06,Active
45799,5,2025-10-30,Complete
16017,1,2026-05-07,Complete
43462,2,2024-07-21,Active
12752,3,2026-06-21,Active
49818,4,2025-01-08,Active
20515,5,2024-09-03,Active
57027,1,2026-06-25,Active
56627,2,2026-06-26,Active
26774,3,2026-06-27,Active
54469,4,2025-03-19,Complete
1307,5,2026-02-11,Complete
50044,1,2026-03-26,Complete
11133,2,2026-02-21,Lapsed
14952,3,2024-12-12,Complete
5695,4,2026-06-29,Complete
50133,5,2024-01-16,Active
30973,1,2026-01-02,Active
17473,2,2026-06-28,Active
46370,3,2026-06-19,Active
11292,4,2026-06-21,Active
37321,5,2024-05-24,Active
14131,1,2024-12-27,Active
41911,2,2025-05-24,Active
16019,3,2024-07-08,Active
52290,4,2026-02-17,Active
2184,5,2026-03-27,Lapsed
35876,1,2025-08-12,Lapsed
48913,2,2025-10-18,Complete
32972,3,2025-10-30,Lapsed
30507,4,2023-09-18,Lapsed
31629,5,2026-02-23,Active
7269,1,2026-05-29,Active
6615,2,2026-06-04,Active
19686,3,2026-05-14,Active
17736,4,2026-04-03,Active
39049,5,2024-10-04,Active
48970,1,2026-06-28,Active
52371,2,2026-06-04,Active
9046,3,2026-02-12,Active
46337,4,2024-08-17,Active
59148,5,2026-06-27,Active
28684,1,2025-02-18,Lapsed
23666,2,2026-06-14,Complete
44160,3,2025-01-07,Active
47684,4,2025-10-23,Lapsed
55604,5,2025-01-08,Complete
24742,1,2026-05-09,Active
30704,2,2026-03-17,Complete
34655,3,2026-06-16,Active
4416,4,2026-03-05,Active
24041,5,2026-05-08,Active
38012,1,2024-08-26,Complete
34200,2,2025-12-03,Active
10296,3,2024-12-04,Complete
15408,4,2026-05-24,Complete
58745,5,2026-04-30,Active
18584,1,2023-02-26,Active
18506,2,2026-01-17,Active
45638,3,2024-09-18,Lapsed
14283,4,2025-05-22,Active
32959,5,2026-06-06,Active
50886,1,2025-06-20,Active
18289,2,2025-06-05,Active
28088,3,2025-02-10,Active
27923,4,2026-06-17,Active
17575,5,2025-08-12,Active
46521,1,2025-06-03,Active
28353,2,2026-05-24,Active
34591,3,2025-05-29,Active
29531,4,2025-11-13,Active
14649,5,2025-12-04,Active
44729,1,2025-07-06,Active
39673,2,2026-01-10,Active
25089,3,2025-08-29,Active
19184,4,2026-06-11,Active
49166,5,2026-02-27,Lapsed
53095,1,2026-05-14,Active
28418,2,2025-07-11,Active
32598,3,2026-02-23,Lapsed
43964,4,2026-01-19,Lapsed
41882,5,2026-02-21,Active
33845,1,2024-03-17,Active
29707,2,2025-08-16,Active
47275,3,2026-03-20,Active
14205,4,2026-04-10,Active
12126,5,2026-05-16,Active
7687,1,2026-03-25,Complete
43809,2,2026-06-24,Complete
32664,3,2024-01-07,Active
18188,4,2025-03-12,Active
56373,5,2024-07-09,Active
20898,1,2025-06-09,Active
51681,2,2026-04-19,Active
50872,3,2026-05-20,Active
59631,4,2026-06-27,Active
10757,5,2026-04-23,Active
40989,1,2023-01-27,Active
4312,2,2026-06-01,Active
22267,3,2025-10-30,Active
25079,4,2024-04-07,Active
4801,5,2024-01-03,Lapsed
18053,1,2026-03-08,Active
28740,2,2025-07-31,Active
13161,3,2024-03-31,Active
3905,4,2024-04-18,Active
57248,5,2025-06-13,Complete
22120,1,2025-01-03,Active
11018,2,2026-01-15,Active
36104,3,2026-06-03,Active
14510,4,2026-05-09,Active
29679,5,2026-06-24,Complete
29777,1,2026-02-26,Active
41132,2,2024-07-10,Active
6009,3,2025-11-02,Active
24135,4,2026-06-29,Complete
19712,5,2025-08-31,Active
29879,1,2025-09-22,Lapsed
17104,2,2025-12-13,Active
41258,3,2025-01-21,Active
44532,4,2025-03-25,Active
31341,5,2026-03-24,Active
1826,1,2025-06-06,Active
17796,2,2023-11-25,Complete
8357,3,2026-06-02,Active
55158,4,2025-05-13,Complete
40195,5,2026-06-30,Complete
12397,1,2026-05-12,Lapsed
53298,2,2026-06-30,Active
27116,3,2025-09-22,Complete
32789,4,2026-06-29,Active
25087,5,2026-06-30,Active
50934,1,2026-06-28,Lapsed
1398,2,2024-11-04,Complete
17327,3,2025-12-26,Active
42738,4,2026-06-30,Active
35823,5,2026-06-13,Active
23553,1,2025-11-23,Active
797,2,2026-05-04,Active
3590,3,2026-04-06,Active
24377,4,2026-04-28,Complete
23320,5,2025-05-26,Active
4867,1,2025-07-03,Active
18690,2,2026-06-14,Complete
55876,3,2024-10-02,Active
6847,4,2026-04-10,Complete
32594,5,2026-04-30,Lapsed
19700,1,2026-02-03,Complete
22643,2,2025-06-02,Complete
31962,3,2026-03-22,Active
5141,4,2026-05-29,Active
31829,5,2023-12-20,Active
15806,1,2023-06-24,Active
22700,2,2024-04-17,Active
20262,3,2021-11-19,Complete
24847,4,2024-07-27,Active
40378,5,2026-05-27,Active
8338,1,2026-05-24,Lapsed
14598,2,2025-01-27,Lapsed
44880,3,2026-05-19,Active
6116,4,2026-04-18,Complete
12955,5,2025-08-20,Active
46500,1,2025-07-24,Lapsed
54761,2,2024-07-10,Active
35047,3,2025-09-20,Active
27298,4,2026-01-01,Active
14977,5,2026-04-24,Active
20370,1,2026-04-08,Active
39273,2,2026-04-09,Lapsed
53136,3,2022-09-29,Active
56542,4,2025-09-08,Active
38586,5,2025-12-21,Active
31813,1,2023-10-28,Complete
6976,2,2026-04-06,Active
45104,3,2025-10-06,Active
49364,4,2024-07-19,Lapsed
56705,5,2026-04-01,Lapsed
6281,1,2026-06-12,Complete
30860,2,2026-06-29,Active
33119,3,2025-05-12,Active
43527,4,2025-11-19,Active
38227,5,2026-06-30,Lapsed
34021,1,2026-05-17,Active
49498,2,2024-12-01,Active
20717,3,2023-10-25,Complete
44720,4,2025-10-10,Active
48376,5,2026-06-10,Active
17207,1,2024-03-30,Active
50644,2,2026-06-11,Lapsed
37140,3,2026-02-25,Active
16935,4,2025-06-23,Active
39156,5,2024-11-25,Active
59476,1,2026-03-30,Active
44533,2,2024-02-10,Active
26620,3,2026-04-22,Complete
5725,4,2025-01-07,Complete
26834,5,2026-06-15,Active
2254,1,2025-08-12,Active
52656,2,2024-06-05,Active
15037,3,2026-05-25,Active
11875,4,2026-02-03,Active
11571,5,2024-05-17,Active
9099,1,2024-05-18,Lapsed
40555,2,2025-08-28,Active
36041,3,2025-03-05,Active
16577,4,2025-02-24,Active
24493,5,2024-09-23,Active
22857,1,2025-11-16,Complete
40022,2,2025-08-16,Active
31446,3,2025-11-26,Complete
48238,4,2026-06-06,Active
32193,5,2025-11-11,Lapsed
30853,1,2026-03-21,Active
50019,2,2026-06-30,Active
22927,3,2022-07-27,Active
32697,4,2025-09-18,Active
46015,5,2025-04-29,Active
16845,1,2026-06-08,Active
2861,2,2026-04-03,Complete
42395,3,2026-04-10,Active
47035,4,2026-06-05,Lapsed
16688,5,2025-11-30,Active
53195,1,2026-06-23,Active
40219,2,2023-11-19,Active
45688,3,2026-06-03,Active
17476,4,2026-06-13,Active
30567,5,2024-03-06,Complete
45459,1,2024-03-08,Lapsed
2169,2,2025-04-26,Complete
35891,3,2026-06-18,Complete
52596,4,2026-05-06,Active
58464,5,2025-10-20,Complete
19259,1,2026-04-06,Complete
25354,2,2026-01-07,Active
30545,3,2026-02-23,Complete
19136,4,2026-02-25,Active
11456,5,2025-07-16,Active
15829,1,2026-06-14,Active
46662,2,2025-09-17,Lapsed
46012,3,2025-08-10,Active
10128,4,2026-04-16,Active
40045,5,2023-07-30,Active
6435,1,2024-01-01,Complete
52655,2,2023-02-01,Active
38150,3,2026-01-10,Active
36725,4,2026-03-22,Active
779,5,2024-04-24,Complete
54763,1,2026-06-24,Active
29113,2,2025-06-05,Active
50854,3,2024-10-22,Active
22021,4,2026-03-14,Active
19175,5,2024-04-29,Active
37067,1,2025-11-14,Active
40273,2,2026-06-07,Active
5769,3,2026-02-13,Complete
27355,4,2026-04-29,Active
9880,5,2025-10-23,Active
54975,1,2026-03-23,Complete
50347,2,2023-10-09,Active
17531,3,2025-01-19,Active
5333,4,2023-11-20,Active
383,5,2026-05-04,Lapsed
58149,1,2026-05-22,Active
36847,2,2025-12-28,Lapsed
43478,3,2025-10-05,Complete
4176,4,2026-05-09,Active
8418,5,2026-04-26,Complete
37450,1,2026-03-30,Active
40743,2,2026-06-27,Complete
27367,3,2025-12-05,Complete
13404,4,2025-01-28,Lapsed
27793,5,2025-01-14,Active
14457,1,2025-07-12,Active
48946,2,2026-05-28,Active
43576,3,2026-02-20,Lapsed
7887,4,2026-06-04,Active
10960,5,2023-06-27,Active
23715,1,2025-02-01,Active
32257,2,2022-04-27,Active
28359,3,2026-06-30,Active
46836,4,2026-05-18,Complete
43369,5,2023-02-09,Active
59160,1,2026-03-12,Complete
32716,2,2026-04-30,Active
34757,3,2026-03-28,Complete
26952,4,2026-05-01,Active
56770,5,2025-10-01,Active
12511,1,2026-05-23,Active
19052,2,2026-06-27,Active
53700,3,2026-04-06,Active
52414,4,2026-04-15,Active
24619,5,2026-06-02,Complete
21738,1,2026-01-01,Active
7311,2,2024-07-19,Active
30330,3,2025-11-26,Active
24675,4,2026-06-02,Complete
21737,5,2026-01-22,Active
56901,1,2026-06-26,Active
21570,2,2026-06-29,Active
37057,3,2024-12-23,Active
15629,4,2026-06-03,Active
50457,5,2026-06-26,Complete
48645,1,2026-02-14,Complete
32509,2,2024-10-21,Active
14893,3,2026-01-10,Active
19369,4,2025-05-06,Active
32654,5,2021-06-17,Active
40167,1,2025-10-06,Active
57289,2,2026-06-25,Active
16622,3,2024-08-25,Active
17455,4,2026-02-14,Active
21161,5,2024-11-06,Active
10519,1,2025-11-05,Lapsed
46070,2,2026-06-07,Complete
22275,3,2026-04-25,Lapsed
5122,4,2024-11-08,Lapsed
12639,5,2026-03-03,Active
5378,1,2026-06-28,Active
1114,2,2025-04-26,Complete
54751,3,2025-10-02,Active
8691,4,2025-09-02,Active
11302,5,2026-06-25,Active
57598,1,2025-03-05,Active
16678,2,2026-06-05,Complete
18338,3,2022-12-17,Active
29022,4,2025-11-28,Active
32110,5,2026-06-14,Active
42017,1,2026-06-18,Active
7668,2,2026-01-14,Lapsed
21454,3,2026-04-20,Active
4182,4,2025-03-20,Active
16597,5,2026-02-16,Active
46873,1,2026-01-28,Complete
58588,2,2025-05-10,Active
10503,3,2025-03-03,Active
5267,4,2026-03-17,Complete
56264,5,2026-05-24,Complete
7603,1,2026-05-24,Active
48100,2,2026-05-01,Active
33439,3,2025-11-06,Active
10762,4,2026-04-04,Active
19036,5,2026-03-16,Active
14018,1,2025-12-04,Complete
10578,2,2026-03-07,Active
5649,3,2025-11-21,Active
56526,4,2026-02-04,Complete
14266,5,2025-11-15,Active
42921,1,2026-03-07,Active
3383,2,2025-09-30,Active
40436,3,2026-01-14,Active
54491,4,2025-08-31,Lapsed
21867,5,2026-03-25,Active
6320,1,2026-01-04,Active
32596,2,2024-10-22,Active
43906,3,2023-04-17,Lapsed
3844,4,2025-12-03,Active
39261,5,2026-05-22,Lapsed
19040,1,2024-12-09,Active
55052,2,2026-03-04,Complete
42433,3,2025-10-22,Complete
6731,4,2025-01-16,Lapsed
9854,5,2026-06-03,Active
24600,1,2026-06-14,Active
25121,2,2026-02-21,Active
27288,3,2026-01-27,Active
58982,4,2026-01-05,Active
5471,5,2026-06-09,Active
56942,1,2026-04-06,Active
2502,2,2025-05-22,Active
51103,3,2025-11-16,Complete
33195,4,2026-06-06,Active
25340,5,2026-06-04,Active
46200,1,2026-04-21,Complete
3673,2,2025-06-07,Active
30307,3,2025-12-11,Active
22235,4,2025-08-30,Active
43943,5,2026-05-19,Active
23092,1,2025-10-22,Lapsed
36877,2,2024-04-30,Active
5231,3,2025-12-18,Active
14105,4,2024-04-15,Active
12746,5,2026-02-22,Active
2752,1,2026-03-11,Active
26491,2,2023-07-10,Complete
49825,3,2026-04-27,Active
53194,4,2026-06-27,Active
575,5,2026-02-26,Complete
22592,1,2026-05-28,Active
27954,2,2025-02-14,Complete
11265,3,2025-02-28,Lapsed
16811,4,2026-06-09,Active
30605,5,2026-02-21,Active
52676,1,2024-04-06,Active
31287,2,2026-05-02,Active
2933,3,2026-01-17,Active
42848,4,2026-03-30,Lapsed
9850,5,2024-12-20,Lapsed
53209,1,2025-12-27,Active
15276,2,2026-01-12,Lapsed
1890,3,2025-03-15,Active
23015,4,2026-01-26,Active
10331,5,2026-06-26,Complete
8641,1,2025-03-26,Active
25075,2,2025-12-16,Active
35941,3,2025-08-20,Active
46802,4,2025-03-09,Lapsed
14378,5,2026-06-23,Active
12926,1,2026-04-22,Active
11138,2,2025-09-24,Active
27921,3,2024-08-11,Active
40071,4,2026-06-23,Active
14282,5,2026-06-22,Complete
38256,1,2026-06-18,Complete
51426,2,2026-06-28,Active
35368,3,2026-05-21,Active
23150,4,2026-04-16,Active
51156,5,2026-03-24,Active
7545,1,2024-11-22,Active
41344,2,2026-06-09,Complete
21800,3,2026-06-24,Active
12956,4,2026-06-30,Active
6457,5,2026-03-22,Complete
16830,1,2026-06-26,Active
45164,2,2026-06-12,Active
2101,3,2025-11-23,Lapsed
45046,4,2025-07-22,Complete
24578,5,2026-04-15,Active
7701,1,2026-06-30,Active
9280,2,2026-06-27,Active
59739,3,2025-07-04,Complete
50359,4,2026-06-30,Complete
40630,5,2026-03-31,Active
55618,1,2026-06-07,Active
17496,2,2026-06-18,Active
54517,3,2026-05-28,Active
46132,4,2026-02-01,Active
37165,5,2025-07-15,Active
15568,1,2026-06-20,Active
20708,2,2026-04-12,Active
24667,3,2025-04-08,Complete
47867,4,2026-03-20,Active
13087,5,2025-11-16,Active
38439,1,2025-06-05,Lapsed
2075,2,2026-03-07,Lapsed
5686,3,2024-12-30,Active
29283,4,2026-03-21,Active
7430,5,2026-02-14,Active
29139,1,2025-09-02,Complete
59460,2,2026-06-09,Active
57970,3,2026-06-17,Complete
2888,4,2026-02-02,Active
38046,5,2025-09-28,Active
516,1,2025-02-22,Active
9351,2,2025-08-14,Active
9429,3,2026-05-26,Lapsed
4617,4,2024-10-08,Lapsed
43087,5,2026-04-30,Active
42474,1,2025-04-29,Active
21808,2,2026-06-03,Active
48071,3,2024-05-30,Active
36970,4,2023-11-09,Active
39146,5,2025-10-10,Active
14025,1,2026-01-24,Active
45893,2,2023-07-08,Active
36884,3,2025-09-10,Lapsed
29932,4,2026-06-20,Active
26500,5,2025-12-06,Active
53440,1,2025-11-04,Complete
20293,2,2023-11-17,Active
36193,3,2026-01-22,Active
14584,4,2026-05-19,Active
2900,5,2026-04-28,Active
13935,1,2026-05-08,Active
37903,2,2024-05-02,Active
8231,3,2025-12-30,Complete
58706,4,2025-05-16,Active
16377,5,2025-02-07,Active
56731,1,2021-12-31,Active
16425,2,2025-11-02,Active
33717,3,2024-01-01,Complete
6086,4,2025-12-29,Complete
22360,5,2026-06-27,Active
20028,1,2026-06-12,Lapsed
1584,2,2025-03-10,Lapsed
55380,3,2025-09-01,Active
31106,4,2026-06-07,Active
49503,5,2025-07-14,Active
35168,1,2025-01-19,Active
9263,2,2022-09-10,Active
32917,3,2026-06-30,Active
14980,4,2026-01-07,Active
55683,5,2026-04-01,Complete
34457,1,2024-08-22,Complete
18388,2,2026-05-19,Active
50506,3,2026-06-26,Active
55410,4,2026-04-15,Active
19274,5,2026-05-11,Active
50727,1,2025-11-24,Complete
49069,2,2026-02-16,Active
18554,3,2026-02-14,Active
58501,4,2026-01-26,Active
23346,5,2026-06-11,Active
18578,1,2026-05-30,Active
28538,2,2025-05-17,Active
51589,3,2025-05-12,Active
1567,4,2026-05-28,Complete
32132,5,2023-12-26,Complete
47355,1,2025-04-05,Active
34081,2,2026-05-13,Active
3697,3,2026-02-17,Active
21510,4,2024-10-02,Complete
27406,5,2026-06-18,Complete
28344,1,2026-04-27,Lapsed
57735,2,2026-05-10,Active
52190,3,2026-05-11,Lapsed
56741,4,2026-02-13,Active
39428,5,2026-06-07,Active
49201,1,2023-03-10,Active
28489,2,2024-10-10,Active
55517,3,2026-06-29,Complete
17659,4,2025-04-19,Lapsed
20872,5,2024-08-22,Active
57776,1,2026-06-09,Lapsed
50098,2,2024-05-15,Active
8254,3,2026-01-19,Active
43571,4,2026-03-27,Complete
41533,5,2026-05-30,Active
33452,1,2022-09-01,Active
4466,2,2025-09-22,Active
52270,3,2026-03-11,Active
7020,4,2025-03-18,Active
37416,5,2025-06-12,Active
8668,1,2024-08-17,Active
29988,2,2026-06-10,Active
7343,3,2023-04-21,Active
12498,4,2025-05-19,Active
44938,5,2025-10-21,Lapsed
48354,1,2025-08-13,Active
32001,2,2026-06-12,Active
32561,3,2026-04-13,Active
7735,4,2024-10-01,Complete
45236,5,2025-09-20,Active
9868,1,2026-06-15,Complete
44722,2,2026-06-19,Complete
4967,3,2023-12-02,Active
21218,4,2026-01-09,Active
52195,5,2024-09-24,Active
10624,1,2025-01-21,Lapsed
25965,2,2026-06-30,Active
51686,3,2026-06-12,Active
11008,4,2025-10-09,Complete
35678,5,2026-06-20,Active
15592,1,2025-11-03,Complete
22683,2,2026-04-19,Lapsed
17285,3,2024-08-11,Active
37326,4,2026-06-25,Active
40209,5,2026-06-24,Active
45942,1,2024-12-09,Active
53842,2,2026-04-22,Active
33640,3,2026-03-01,Active
11461,4,2026-06-28,Active
45671,5,2024-09-11,Active
23856,1,2024-12-17,Active
46442,2,2026-04-10,Lapsed
53033,3,2026-06-30,Active
40863,4,2025-12-04,Complete
18356,5,2024-10-25,Active
29025,1,2023-12-31,Complete
16990,2,2022-05-09,Active
8787,3,2026-05-03,Active
34563,4,2026-05-04,Active
23028,5,2023-05-30,Active
24681,1,2026-04-06,Active
37024,2,2026-06-07,Active
40237,3,2026-01-16,Active
27086,4,2025-02-22,Active
46656,5,2026-04-26,Active
31396,1,2026-03-13,Complete
33831,2,2025-11-28,Active
25713,3,2026-04-20,Active
3118,4,2026-05-24,Active
27744,5,2026-05-14,Active
25586,1,2024-11-14,Active
22082,2,2026-06-28,Active
2215,3,2026-05-13,Complete
32252,4,2025-12-07,Complete
24902,5,2026-05-13,Complete
37191,1,2026-05-19,Active
41732,2,2026-06-30,Active
41770,3,2025-11-01,Complete
30726,4,2025-07-26,Active
59491,5,2026-05-19,Active
19507,1,2021-09-13,Active
49828,2,2026-05-08,Lapsed
47147,3,2023-09-18,Active
48182,4,2025-11-15,Complete
34532,5,2026-04-26,Lapsed
21530,1,2025-12-11,Active
55892,2,2026-04-20,Active
56864,3,2026-02-24,Complete
12167,4,2026-03-23,Active
50852,5,2026-06-20,Lapsed
40380,1,2026-06-12,Active
19911,2,2026-04-15,Active
35607,3,2026-06-30,Active
52286,4,2026-05-20,Active
38198,5,2026-06-24,Complete
30778,1,2026-02-05,Complete
30952,2,2026-05-21,Active
27410,3,2026-06-22,Lapsed
40298,4,2025-07-24,Active
27716,5,2025-11-13,Complete
20461,1,2026-04-16,Active
42432,2,2025-01-31,Active
28464,3,2026-06-03,Lapsed
8936,4,2026-02-11,Complete
22782,5,2024-10-11,Active
4322,1,2026-06-13,Complete
46973,2,2026-03-25,Active
27213,3,2026-05-28,Complete
59464,4,2026-06-04,Lapsed
12288,5,2026-03-08,Active
9122,1,2026-06-03,Active
55312,2,2026-05-30,Active
29294,3,2026-04-29,Complete
23888,4,2024-04-15,Lapsed
15289,5,2026-06-12,Active
14563,1,2026-04-04,Complete
38716,2,2026-01-27,Active
33992,3,2024-09-18,Complete
30275,4,2026-05-19,Active
45118,5,2025-05-20,Active
54608,1,2025-10-25,Active
5694,2,2025-05-17,Active
29578,3,2026-04-05,Active
7922,4,2023-04-26,Active
50377,5,2024-08-04,Active
30468,1,2025-04-04,Lapsed
52458,2,2026-05-19,Complete
14595,3,2025-03-05,Active
38705,4,2025-11-12,Complete
6190,5,2022-07-14,Active
13850,1,2024-01-14,Active
11940,2,2025-12-02,Active
47732,3,2026-03-03,Active
14856,4,2026-06-30,Active
34635,5,2024-02-25,Active
33841,1,2026-05-02,Complete
1526,2,2024-05-22,Lapsed
24858,3,2025-11-07,Active
18745,4,2026-03-28,Active
7688,5,2026-05-15,Active
51466,1,2026-05-19,Complete
56607,2,2025-05-05,Active
10813,3,2026-06-17,Active
57915,4,2024-04-24,Complete
14648,5,2025-01-08,Active
48282,1,2025-02-13,Active
25375,2,2025-07-07,Active
53666,3,2025-09-25,Active
8867,4,2026-05-13,Active
49785,5,2026-05-21,Lapsed
54150,1,2025-12-18,Active
28075,2,2025-01-18,Active
10423,3,2026-03-04,Complete
1745,4,2026-05-30,Lapsed
16485,5,2023-06-13,Active
13331,1,2026-05-10,Complete
40812,2,2026-02-02,Active
49291,3,2024-06-19,Complete
18849,4,2024-10-05,Active
20666,5,2025-12-28,Lapsed
1802,1,2026-04-04,Complete
56355,2,2026-02-10,Active
30895,3,2026-04-15,Active
462,4,2026-06-13,Active
2475,5,2026-06-21,Lapsed
14124,1,2025-04-22,Complete
4761,2,2026-06-23,Lapsed
23173,3,2026-06-02,Lapsed
47921,4,2025-11-06,Active
48987,5,2023-08-21,Active
19147,1,2026-05-22,Complete
37956,2,2026-03-19,Active
987,3,2024-11-09,Active
2417,4,2023-11-15,Active
1323,5,2026-05-16,Active
1683,1,2024-06-06,Active
19109,2,2025-03-29,Active
7134,3,2025-07-19,Active
16026,4,2026-03-19,Active
3616,5,2026-01-25,Active
28989,1,2026-06-15,Active
59821,2,2024-12-02,Active
23419,3,2026-02-16,Active
36067,4,2025-04-19,Active
53920,5,2023-02-22,Lapsed
36563,1,2025-11-12,Complete
28978,2,2026-05-24,Active
43078,3,2026-01-14,Active
49367,4,2025-10-22,Active
27740,5,2024-12-25,Active
19636,1,2026-05-18,Complete
10887,2,2026-06-23,Active
16231,3,2026-06-19,Active
25080,4,2026-06-29,Complete
36845,5,2025-04-17,Active
12456,1,2026-05-01,Complete
30353,2,2024-03-29,Active
1054,3,2026-05-23,Active
37789,4,2025-08-16,Complete
59169,5,2024-08-27,Lapsed
56206,1,2026-03-03,Active
148,2,2026-06-26,Active
7832,3,2024-02-25,Lapsed
17775,4,2025-09-30,Active
35249,5,2026-01-29,Active
53938,1,2025-09-07,Active
54847,2,2023-12-01,Active
10864,3,2026-01-31,Complete
57299,4,2024-02-09,Complete
32103,5,2026-05-24,Active
9624,1,2026-03-24,Active
50990,2,2025-12-29,Complete
4056,3,2025-07-22,Active
39107,4,2026-05-28,Active
32530,5,2025-11-22,Active
3600,1,2025-01-22,Active
4081,2,2025-12-23,Active
54248,3,2024-02-01,Active
14173,4,2025-07-27,Lapsed
9267,5,2022-09-17,Active
39531,1,2026-02-05,Complete
30709,2,2025-12-08,Active
51726,3,2026-06-15,Active
26154,4,2026-05-09,Active
50313,5,2025-08-01,Complete
34075,1,2025-11-13,Active
16550,2,2026-06-11,Complete
13565,3,2024-01-16,Active
43239,4,2024-01-21,Active
4019,5,2026-03-21,Active
45419,1,2025-09-02,Active
55367,2,2025-08-07,Active
55947,3,2026-03-01,Complete
20807,4,2026-06-12,Complete
22083,5,2026-05-19,Active
1000,1,2026-03-09,Lapsed
9406,2,2025-12-31,Complete
19931,3,2025-06-02,Active
45617,4,2026-06-29,Active
35468,5,2026-06-22,Active
29034,1,2025-12-24,Complete
38967,2,2026-06-03,Active
29930,3,2024-06-25,Lapsed
59985,4,2026-06-14,Complete
22760,5,2026-04-29,Active
50,1,2026-02-28,Active
58141,2,2026-02-20,Complete
52593,3,2025-07-07,Active
36385,4,2026-06-19,Active
11788,5,2025-03-28,Active
22838,1,2026-01-27,Active
34026,2,2026-06-16,Active
45655,3,2024-03-14,Active
59684,4,2021-09-21,Active
46773,5,2026-03-26,Complete
35463,1,2023-08-12,Active
1700,2,2024-12-05,Active
6002,3,2025-06-15,Active
9182,4,2026-04-16,Active
2563,5,2025-05-08,Active
59836,1,2024-05-10,Active
17202,2,2026-03-06,Complete
32102,3,2024-12-21,Active
38335,4,2025-09-15,Active
52280,5,2024-06-11,Active
34722,1,2026-04-07,Active
51190,2,2025-12-27,Active
25508,3,2026-05-09,Active
39499,4,2024-09-27,Active
55553,5,2025-08-23,Active
35538,1,2026-05-17,Active
4773,2,2026-04-30,Active
16000,3,2026-01-19,Active
3142,4,2023-03-07,Active
47470,5,2024-06-08,Active
25113,1,2026-03-14,Active
49833,2,2025-12-23,Active
36393,3,2026-05-22,Active
41748,4,2024-08-24,Active
20223,5,2026-05-25,Active
3815,1,2026-06-13,Active
5488,2,2026-06-11,Active
7850,3,2026-05-01,Active
41467,4,2025-06-12,Active
42887,5,2026-05-20,Active
13290,1,2026-06-04,Lapsed
37739,2,2026-06-15,Active
37967,3,2026-06-10,Active
34377,4,2026-02-08,Complete
12165,5,2026-04-30,Complete
20974,1,2025-12-02,Active
36354,2,2025-09-01,Active
1314,3,2025-07-31,Active
35636,4,2025-12-10,Active
4733,5,2026-05-05,Active
44104,1,2026-06-29,Active
39722,2,2026-04-22,Lapsed
41447,3,2026-05-22,Active
47728,4,2026-04-04,Active
25361,5,2026-03-11,Active
16283,1,2025-10-16,Complete
1007,2,2026-03-01,Lapsed
8343,3,2026-03-03,Complete
29493,4,2026-03-14,Active
4956,5,2024-09-16,Active
26189,1,2026-01-28,Active
57156,2,2025-05-27,Active
21756,3,2025-10-09,Complete
50033,4,2025-03-08,Active
30005,5,2024-08-15,Active
49559,1,2024-11-11,Active
52703,2,2024-12-07,Active
36759,3,2026-01-09,Lapsed
26702,4,2025-05-13,Active
26955,5,2026-02-21,Complete
37228,1,2024-11-20,Lapsed
58188,2,2025-04-24,Active
17309,3,2026-02-21,Active
44075,4,2026-04-20,Complete
52647,5,2026-05-18,Active
1109,1,2025-08-22,Active
42122,2,2026-01-02,Active
4528,3,2024-04-06,Active
27076,4,2025-08-02,Active
37613,5,2026-02-17,Complete
23658,1,2024-02-14,Active
55751,2,2025-09-11,Active
25026,3,2025-03-14,Complete
18958,4,2025-05-22,Active
13518,5,2025-01-24,Complete
6393,1,2025-07-05,Lapsed
4063,2,2025-11-19,Active
6352,3,2026-01-08,Complete
26887,4,2025-05-03,Active
23579,5,2026-05-10,Active
36813,1,2025-05-04,Active
58329,2,2025-02-01,Active
48879,3,2025-02-26,Active
8872,4,2026-06-20,Active
35320,5,2026-06-29,Active
10397,1,2026-06-19,Active
20016,2,2025-06-22,Active
4573,3,2026-04-07,Complete
51809,4,2026-02-02,Active
4627,5,2023-03-09,Active
23953,1,2024-07-07,Active
4610,2,2026-01-04,Active
8432,3,2026-06-01,Active
21279,4,2026-03-17,Complete
53378,5,2025-11-25,Complete
56565,1,2026-05-15,Active
38162,2,2026-01-05,Active
44538,3,2026-05-30,Active
52993,4,2026-01-05,Active
6682,5,2026-06-12,Active
49283,1,2025-06-23,Active
45433,2,2026-06-08,Complete
9873,3,2022-07-07,Active
58,4,2026-04-25,Complete
2501,5,2024-11-16,Active
31646,1,2026-01-17,Active
34746,2,2026-06-23,Active
35366,3,2026-03-21,Complete
6494,4,2024-12-26,Active
30479,5,2026-06-22,Active
48799,1,2026-04-22,Active
18195,2,2023-11-21,Active
51600,3,2026-03-14,Active
13419,4,2024-04-02,Complete
16559,5,2026-01-27,Complete
46145,1,2026-06-21,Active
51325,2,2024-08-25,Active
44419,3,2025-12-25,Lapsed
48980,4,2025-10-25,Active
30434,5,2024-02-28,Active
31467,1,2025-07-03,Complete
15420,2,2026-06-17,Active
23653,3,2026-06-26,Active
1360,4,2024-09-11,Active
41980,5,2026-06-29,Active
58170,1,2024-06-22,Active
33331,2,2023-03-04,Lapsed
34505,3,2026-06-24,Active
53878,4,2025-12-18,Active
14639,5,2025-09-02,Active
42845,1,2025-09-19,Active
50617,2,2026-01-04,Complete
2947,3,2026-02-05,Active
50724,4,2026-03-21,Active
26044,5,2025-03-12,Active
8633,1,2026-03-23,Active
38125,2,2025-12-23,Active
56073,3,2026-05-04,Active
6254,4,2025-10-13,Active
29227,5,2025-05-27,Complete
50282,1,2025-08-08,Lapsed
5950,2,2025-07-11,Active
34542,3,2026-05-13,Active
36423,4,2026-04-09,Lapsed
8000,5,2025-07-16,Complete
15362,1,2026-03-18,Active
37943,2,2024-06-05,Lapsed
59063,3,2022-10-18,Active
22554,4,2026-06-19,Active
49507,5,2024-01-14,Active
31706,1,2026-05-04,Active
46458,2,2025-07-29,Complete
38973,3,2026-03-25,Active
52670,4,2026-04-25,Active
19592,5,2026-05-15,Complete
12263,1,2025-10-05,Active
46271,2,2026-05-26,Active
57949,3,2025-11-11,Complete
44212,4,2025-06-11,Complete
53424,5,2024-08-19,Active
39272,1,2025-07-10,Active
1505,2,2025-11-01,Lapsed
14021,3,2026-03-23,Complete
21604,4,2025-01-22,Active
53498,5,2025-02-06,Complete
21707,1,2025-10-16,Active
29893,2,2024-10-25,Active
5685,3,2026-02-25,Active
38677,4,2023-06-26,Lapsed
37100,5,2025-10-01,Active
41085,1,2026-04-08,Complete
21242,2,2025-01-28,Lapsed
53977,3,2026-05-26,Active
1399,4,2026-06-24,Active
2126,5,2024-02-11,Active
41311,1,2024-01-15,Active
6158,2,2026-06-26,Active
45188,3,2026-03-14,Lapsed
59239,4,2026-05-18,Active
20505,5,2026-06-30,Complete
59506,1,2024-11-30,Lapsed
14203,2,2025-11-18,Complete
28318,3,2024-09-27,Complete
41030,4,2026-05-07,Active
25962,5,2026-06-08,Complete
31020,1,2023-02-04,Complete
42678,2,2025-06-08,Complete
5997,3,2025-12-04,Active
39056,4,2025-10-28,Active
50276,5,2023-10-07,Complete
12982,1,2024-05-26,Active
18244,2,2026-06-10,Active
46671,3,2023-04-15,Active
59851,4,2025-05-25,Active
20106,5,2025-12-12,Complete
4315,1,2025-03-06,Active
994,2,2026-01-02,Active
30478,3,2026-02-26,Lapsed
1303,4,2026-06-22,Active
1194,5,2024-10-09,Complete
42808,1,2025-11-20,Active
25633,2,2025-09-05,Lapsed
2136,3,2026-02-04,Complete
5567,4,2024-07-31,Active
9746,5,2026-05-20,Complete
34520,1,2024-08-14,Active
21256,2,2026-05-07,Complete
19168,3,2025-08-21,Complete
18847,4,2026-04-15,Complete
54803,5,2025-06-04,Complete
40076,1,2026-05-28,Active
41634,2,2025-08-17,Active
30343,3,2025-07-26,Active
5728,4,2026-06-23,Active
1340,5,2026-04-20,Active
6853,1,2024-10-25,Active
56255,2,2026-06-05,Active
5883,3,2026-05-12,Active
52325,4,2022-12-19,Active
4281,5,2026-06-05,Active
22233,1,2026-04-29,Active
22353,2,2025-09-01,Active
51741,3,2026-06-27,Active
3201,4,2026-03-03,Active
40087,5,2025-12-25,Lapsed
58555,1,2024-10-01,Complete
36638,2,2026-04-11,Active
22479,3,2024-06-25,Active
51660,4,2025-10-25,Complete
32074,5,2026-06-22,Active
20113,1,2024-08-06,Active
18793,2,2026-04-17,Active
17165,3,2026-03-10,Active
55094,4,2025-04-30,Active
39276,5,2026-05-12,Active
3577,1,2026-04-29,Complete
43769,2,2025-02-11,Active
53750,3,2024-10-09,Active
39164,4,2024-08-23,Active
35945,5,2026-01-17,Active
55230,1,2025-12-20,Lapsed
18123,2,2024-06-05,Lapsed
35383,3,2026-02-11,Complete
57953,4,2025-04-01,Active
19490,5,2026-04-23,Active
3866,1,2025-11-30,Lapsed
43957,2,2026-04-21,Active
43113,3,2026-03-09,Complete
40129,4,2026-05-03,Complete
11455,5,2026-01-01,Complete
27811,1,2025-01-10,Active
15345,2,2025-08-11,Active
41136,3,2026-06-17,Active
11759,4,2026-04-12,Active
36059,5,2026-07-01,Active
52745,1,2025-02-23,Active
13232,2,2025-10-26,Active
11607,3,2026-01-03,Active
48584,4,2026-06-23,Active
49819,5,2025-11-26,Active
3865,1,2026-01-29,Active
50823,2,2023-05-05,Active
7237,3,2025-11-30,Lapsed
45550,4,2026-01-18,Active
55528,5,2025-07-14,Active
24767,1,2025-09-18,Active
22102,2,2025-11-06,Active
28777,3,2025-08-13,Active
3653,4,2025-10-07,Active
36804,5,2026-05-05,Active
59689,1,2025-09-28,Active
17188,2,2026-06-20,Active
57433,3,2026-03-02,Active
3935,4,2026-06-07,Complete
57889,5,2025-11-30,Lapsed
26365,1,2026-04-05,Active
3704,2,2026-05-18,Active
18074,3,2026-05-26,Active
56088,4,2025-09-05,Active
45220,5,2026-03-18,Active
59195,1,2026-06-26,Active
30477,2,2026-01-09,Active
20987,3,2025-10-24,Complete
49286,4,2022-12-15,Active
54809,5,2026-05-19,Complete
19344,1,2024-06-01,Lapsed
37979,2,2026-01-19,Active
2009,3,2026-02-13,Complete
211,4,2026-07-01,Complete
26764,5,2025-10-11,Complete
46781,1,2025-02-23,Active
22258,2,2024-08-21,Complete
57223,3,2026-05-04,Active
18801,4,2026-06-24,Active
2532,5,2026-02-15,Active
54765,1,2024-09-04,Complete
13199,2,2025-12-18,Active
53009,3,2024-07-31,Lapsed
45442,4,2025-12-13,Active
33983,5,2025-09-28,Complete
29504,1,2026-06-29,Active
24595,2,2025-10-16,Active
25469,3,2024-11-03,Active
27620,4,2026-06-08,Lapsed
19233,5,2026-06-20,Active
30672,1,2025-12-19,Active
28682,2,2025-12-08,Active
13405,3,2026-01-20,Complete
46341,4,2026-05-09,Active
28455,5,2025-11-12,Complete
23816,1,2025-08-24,Active
50341,2,2026-06-27,Complete
46737,3,2025-07-08,Active
2350,4,2026-03-12,Active
50215,5,2026-04-24,Active
16480,1,2026-03-08,Active
44579,2,2026-05-27,Lapsed
55151,3,2021-11-28,Active
19956,4,2026-06-23,Active
5787,5,2026-05-04,Active
4730,1,2026-04-11,Active
27559,2,2026-05-27,Complete
21885,3,2025-05-19,Active
30167,4,2025-07-25,Active
27765,5,2025-03-28,Complete
52770,1,2025-11-06,Active
51677,2,2023-10-14,Active
35934,3,2025-12-31,Active
25279,4,2026-03-11,Active
33909,5,2026-06-03,Active
22826,1,2023-01-31,Active
48587,2,2024-12-20,Active
23336,3,2023-10-19,Active
36605,4,2026-06-29,Complete
32312,5,2026-02-06,Complete
49980,1,2026-02-22,Complete
33918,2,2025-01-20,Lapsed
59511,3,2025-10-27,Active
46626,4,2026-05-18,Active
19719,5,2024-12-09,Active
42604,1,2025-01-21,Complete
35357,2,2025-04-11,Active
17778,3,2025-12-16,Active
29360,4,2024-09-25,Active
23570,5,2025-04-07,Active
30032,1,2026-02-13,Active
35046,2,2026-02-18,Active
53385,3,2026-02-21,Active
4618,4,2026-03-23,Lapsed
8745,5,2026-05-03,Complete
15757,1,2023-05-22,Complete
21091,2,2025-11-21,Active
5831,3,2026-04-12,Active
48243,4,2026-06-13,Active
48542,5,2026-04-17,Complete
40544,1,2026-04-21,Active
48387,2,2025-11-27,Active
27463,3,2025-11-23,Complete
46366,4,2025-10-29,Complete
11319,5,2026-03-20,Active
3500,1,2026-06-09,Active
7088,2,2026-03-14,Active
18579,3,2023-05-27,Lapsed
5482,4,2026-01-11,Active
57660,5,2025-07-17,Active
57440,1,2025-02-03,Active
34706,2,2026-05-03,Complete
13524,3,2025-07-30,Active
25467,4,2025-08-17,Complete
37670,5,2026-02-18,Active
27153,1,2024-05-10,Complete
37733,2,2025-11-26,Active
3003,3,2024-10-06,Complete
1359,4,2026-04-05,Active
40052,5,2025-08-17,Lapsed
12268,1,2026-05-23,Lapsed
41046,2,2026-04-10,Active
1881,3,2026-06-28,Active
28497,4,2023-04-08,Active
59588,5,2025-09-04,Active
49037,1,2025-07-24,Active
44712,2,2026-03-23,Active
55475,3,2026-06-21,Active
57500,4,2026-05-31,Active
6813,5,2026-04-17,Active
18441,1,2023-05-24,Active
46340,2,2026-06-25,Active
33763,3,2024-04-01,Complete
23369,4,2026-03-29,Complete
41621,5,2025-02-05,Active
6703,1,2025-11-06,Complete
16897,2,2024-11-16,Active
29071,3,2024-05-04,Active
24853,4,2024-08-19,Lapsed
44748,5,2026-06-01,Active
8388,1,2024-03-27,Active
11410,2,2025-06-12,Active
43988,3,2026-06-21,Lapsed
12716,4,2026-02-17,Active
21852,5,2026-03-23,Active
5673,1,2026-06-01,Active
37037,2,2026-06-23,Active
10891,3,2025-08-10,Active
7447,4,2026-04-11,Active
34584,5,2026-06-30,Active
25596,1,2024-10-19,Active
22184,2,2026-06-08,Active
29094,3,2026-04-08,Active
53471,4,2026-06-30,Complete
11159,5,2023-12-04,Active
50695,1,2025-03-14,Active
3848,2,2024-01-31,Active
58353,3,2022-03-13,Active
3627,4,2025-03-26,Complete
7569,5,2026-01-04,Active
43202,1,2026-06-29,Lapsed
30912,2,2025-11-16,Active
46013,3,2025-07-11,Active
21933,4,2025-07-08,Lapsed
32379,5,2024-11-28,Active
10199,1,2025-12-28,Active
50510,2,2026-06-25,Active
12035,3,2025-05-06,Active
39841,4,2024-01-14,Active
59765,5,2026-05-29,Complete
25913,1,2026-06-03,Complete
44839,2,2025-03-13,Active
48305,3,2026-06-09,Active
57791,4,2026-05-12,Complete
29145,5,2024-11-30,Active
5038,1,2022-04-08,Complete
58368,2,2026-06-26,Active
28077,3,2025-08-28,Lapsed
48473,4,2025-01-04,Active
52894,5,2026-01-02,Complete
1083,1,2024-02-13,Active
31199,2,2025-04-28,Active
29895,3,2024-08-20,Complete
9404,4,2025-10-19,Active
14074,5,2026-06-30,Complete
41579,1,2026-05-09,Active
22584,2,2026-03-02,Complete
37125,3,2026-04-14,Active
26463,4,2022-04-28,Complete
28737,5,2026-01-01,Complete
16684,1,2026-06-02,Active
31431,2,2025-05-23,Active
17272,3,2025-07-18,Active
56678,4,2026-06-04,Complete
369,5,2026-03-23,Active
5030,1,2025-08-18,Active
48890,2,2026-06-19,Complete
33528,3,2025-12-07,Lapsed
30486,4,2024-07-20,Active
42087,5,2026-03-18,Complete
47620,1,2025-12-17,Active
2499,2,2025-03-04,Active
10986,3,2025-10-11,Complete
18103,4,2025-03-24,Active
28423,5,2026-06-05,Active
56734,1,2024-04-17,Active
25664,2,2026-05-13,Active
18406,3,2023-10-02,Lapsed
47213,4,2025-03-07,Active
35597,5,2026-06-18,Active
18309,1,2025-07-12,Active
5956,2,2025-08-13,Complete
36209,3,2022-03-11,Active
38946,4,2026-05-08,Complete
11094,5,2024-01-25,Active
25772,1,2025-12-16,Active
30626,2,2025-10-21,Active
51995,3,2026-06-19,Active
33333,4,2023-06-22,Active
46288,5,2024-10-10,Active
12644,1,2026-05-21,Active
56581,2,2024-05-11,Active
23668,3,2026-06-04,Complete
50240,4,2026-06-02,Complete
47493,5,2025-11-28,Active
12210,1,2022-12-22,Complete
42759,2,2025-11-16,Active
45307,3,2025-08-25,Active
10792,4,2026-06-30,Active
53769,5,2024-09-05,Complete
56520,1,2025-07-31,Active
1335,2,2023-07-15,Active
20732,3,2025-10-25,Active
43777,4,2024-04-25,Active
9177,5,2025-11-25,Active
33609,1,2026-01-01,Active
31210,2,2026-03-07,Active
29929,3,2026-05-15,Active
18669,4,2026-05-28,Active
11267,5,2026-03-19,Active
580,1,2024-12-18,Complete
26395,2,2026-06-02,Active
43902,3,2026-03-10,Active
30825,4,2025-07-16,Active
39739,5,2023-03-09,Active
19231,1,2026-06-12,Active
50073,2,2022-09-08,Active
21155,3,2026-04-12,Active
32424,4,2025-10-12,Active
17012,5,2025-12-10,Complete
45643,1,2026-04-17,Active
4425,2,2024-10-25,Active
28177,3,2026-05-14,Active
57255,4,2026-03-31,Active
57005,5,2025-11-12,Active
32458,1,2024-10-05,Active
51042,2,2025-07-24,Active
8196,3,2026-05-01,Active
18614,4,2024-12-05,Active
56345,5,2026-05-20,Complete
21369,1,2025-10-24,Active
8414,2,2026-05-16,Active
35304,3,2026-01-17,Active
48275,4,2025-12-20,Active
26556,5,2026-01-15,Active
41165,1,2026-06-30,Lapsed
26603,2,2023-06-20,Active
6734,3,2026-06-25,Active
52972,4,2025-11-09,Active
34530,5,2025-07-29,Active
44944,1,2025-02-08,Active
6510,2,2026-04-12,Active
49919,3,2022-07-12,Lapsed
58497,4,2026-06-05,Complete
57079,5,2024-11-18,Active
13128,1,2026-03-21,Lapsed
12373,2,2025-06-20,Active
38890,3,2026-03-23,Active
1123,4,2026-04-14,Active
22459,5,2026-06-20,Active
308,1,2026-01-15,Active
51852,2,2023-09-06,Active
1429,3,2025-03-09,Complete
56434,4,2025-11-20,Active
27882,5,2025-07-08,Active
32548,1,2026-06-16,Lapsed
1446,2,2026-01-23,Lapsed
31782,3,2024-06-09,Active
30316,4,2026-06-22,Active
38018,5,2026-02-10,Active
33060,1,2025-07-30,Active
23323,2,2024-06-20,Active
42823,3,2026-04-26,Active
43322,4,2025-11-19,Active
56804,5,2024-06-24,Lapsed
10676,1,2025-11-05,Active
39398,2,2026-06-10,Active
56135,3,2026-05-29,Complete
18765,4,2024-11-27,Complete
25478,5,2025-08-20,Complete
3324,1,2026-05-01,Active
20880,2,2026-02-09,Complete
11670,3,2025-07-04,Complete
38865,4,2025-12-31,Active
12385,5,2026-06-24,Complete
49125,1,2026-06-28,Active
55800,2,2026-04-16,Active
15134,3,2026-06-07,Complete
10203,4,2023-06-15,Active
58390,5,2025-06-30,Complete
18979,1,2025-12-15,Active
4480,2,2026-05-08,Active
59085,3,2026-06-25,Active
47683,4,2026-04-22,Active
35566,5,2026-01-11,Active
1789,1,2026-06-02,Complete
56262,2,2024-07-22,Active
34647,3,2025-12-17,Complete
38025,4,2026-06-20,Lapsed
11241,5,2025-11-01,Active
34931,1,2025-05-04,Active
58479,2,2025-06-30,Active
3387,3,2026-06-03,Active
35228,4,2023-08-19,Active
46904,5,2025-12-20,Complete
11180,1,2025-08-19,Active
12329,2,2025-07-16,Active
57352,3,2026-07-01,Complete
56788,4,2025-11-09,Active
18507,5,2024-10-29,Active
27561,1,2024-02-04,Active
37238,2,2026-02-25,Active
21676,3,2024-06-07,Active
12183,4,2025-09-15,Active
6670,5,2026-06-26,Complete
3570,1,2026-06-26,Active
47333,2,2025-12-16,Active
1043,3,2022-03-30,Active
10660,4,2026-06-24,Lapsed
24818,5,2024-11-26,Active
49560,1,2026-05-02,Active
34618,2,2026-05-24,Complete
41561,3,2026-01-25,Active
39018,4,2024-04-25,Complete
18922,5,2025-01-22,Active
38382,1,2023-04-21,Active
49403,2,2024-06-13,Lapsed
16898,3,2026-04-15,Active
47068,4,2025-11-26,Complete
25977,5,2026-02-06,Lapsed
31368,1,2023-06-28,Active
21120,2,2026-02-08,Complete
51029,3,2026-05-31,Lapsed
24388,4,2025-02-23,Active
13796,5,2026-06-02,Active
2664,1,2024-03-10,Active
27010,2,2026-06-07,Active
39776,3,2026-05-18,Active
46762,4,2024-02-10,Active
32082,5,2025-11-29,Active
59756,1,2024-08-31,Active
34101,2,2025-03-17,Active
51709,3,2026-02-15,Active
276,4,2026-05-29,Active
49703,5,2025-06-11,Lapsed
40490,1,2023-04-30,Active
32363,2,2025-11-21,Active
31812,3,2025-09-09,Active
35646,4,2026-02-28,Active
47174,5,2024-07-22,Lapsed
11536,1,2024-10-28,Active
19134,2,2026-02-18,Active
7485,3,2024-09-24,Lapsed
16781,4,2024-04-22,Active
507,5,2025-06-05,Active
33069,1,2026-04-09,Active
12678,2,2026-05-11,Active
20405,3,2026-04-18,Active
39251,4,2026-02-12,Complete
40031,5,2026-03-22,Active
22005,1,2026-01-14,Active
12872,2,2026-05-23,Active
21719,3,2026-04-06,Active
53843,4,2024-12-09,Active
335,5,2025-07-27,Complete
2518,1,2026-01-30,Active
49643,2,2026-04-18,Active
40029,3,2026-06-15,Active
11590,4,2026-06-18,Active
51451,5,2026-06-30,Active
46828,1,2025-03-26,Lapsed
13633,2,2026-06-29,Active
33516,3,2025-04-29,Active
46995,4,2023-11-10,Active
29673,5,2026-01-25,Active
18963,1,2025-09-09,Active
55625,2,2026-03-12,Complete
51334,3,2026-01-07,Lapsed
12260,4,2024-01-21,Lapsed
59741,5,2025-11-07,Lapsed
19766,1,2026-06-30,Active
1345,2,2026-04-17,Complete
10785,3,2026-05-16,Active
48999,4,2023-01-16,Complete
2736,5,2026-06-07,Active
29763,1,2026-05-18,Active
21586,2,2026-01-22,Active
25202,3,2026-05-30,Active
5203,4,2024-08-23,Active
14347,5,2026-06-28,Lapsed
39457,1,2026-02-23,Active
34516,2,2024-01-11,Active
33510,3,2026-06-29,Complete
39958,4,2026-06-17,Active
25411,5,2026-06-28,Active
57085,1,2026-02-02,Active
19508,2,2026-03-26,Active
24325,3,2026-05-14,Active
7181,4,2026-06-02,Active
47591,5,2026-05-29,Complete
33566,1,2024-11-07,Active
22195,2,2026-02-11,Complete
51752,3,2026-05-25,Active
21625,4,2023-09-21,Complete
16687,5,2025-12-25,Active
28142,1,2026-03-10,Complete
25561,2,2026-03-30,Active
28235,3,2026-06-08,Complete
51865,4,2025-04-25,Complete
30705,5,2024-06-05,Active
40416,1,2023-11-29,Complete
40098,2,2026-04-09,Active
33249,3,2025-07-17,Lapsed
36535,4,2025-10-22,Active
40290,5,2023-02-23,Active
1331,1,2024-01-28,Complete
37529,2,2026-06-03,Active
12576,3,2024-07-02,Active
12964,4,2026-06-08,Complete
17337,5,2026-05-30,Active
31255,1,2026-04-29,Active
34436,2,2026-06-14,Active
37032,3,2026-03-02,Lapsed
57573,4,2026-06-08,Complete
2781,5,2026-01-07,Active
7105,1,2025-03-04,Active
25609,2,2026-04-16,Complete
53051,3,2026-06-04,Active
24289,4,2026-03-23,Active
30960,5,2024-04-15,Complete
23061,1,2025-07-11,Lapsed
32922,2,2026-01-30,Complete
31373,3,2023-06-28,Active
25455,4,2026-05-23,Active
15682,5,2025-10-29,Active
46072,1,2023-09-20,Active
7831,2,2026-01-17,Complete
42159,3,2026-05-30,Active
4635,4,2025-04-08,Active
1639,5,2026-06-26,Lapsed
13832,1,2026-03-27,Active
898,2,2026-05-07,Complete
22031,3,2026-06-15,Active
46582,4,2025-04-07,Active
51239,5,2026-01-08,Active
30572,1,2026-06-29,Active
55843,2,2026-04-12,Active
2201,3,2026-05-27,Complete
13465,4,2026-03-12,Complete
10803,5,2025-10-27,Active
3126,1,2025-08-20,Active
26042,2,2025-05-05,Active
28227,3,2025-09-09,Active
5424,4,2024-12-08,Active
38831,5,2026-02-24,Active
15552,1,2026-06-14,Active
38363,2,2023-01-03,Active
4507,3,2026-02-06,Complete
18919,4,2025-12-10,Active
19815,5,2026-02-21,Active
21458,1,2022-12-17,Active
42435,2,2026-01-17,Active
49594,3,2026-03-25,Active
5100,4,2026-05-27,Lapsed
56713,5,2026-06-29,Complete
20147,1,2026-02-14,Active
18311,2,2024-12-11,Lapsed
5325,3,2024-07-23,Complete
2901,4,2026-03-27,Active
28167,5,2023-10-13,Active
58732,1,2026-06-27,Complete
43699,2,2025-08-11,Active
59047,3,2026-02-26,Active
2891,4,2025-08-26,Active
15071,5,2026-03-20,Active
12590,1,2026-06-23,Active
18781,2,2026-04-27,Complete
56687,3,2026-01-08,Active
3428,4,2025-03-06,Complete
55025,5,2025-04-23,Active
13151,1,2026-04-25,Active
10434,2,2025-07-31,Active
31064,3,2026-05-27,Active
892,4,2024-01-17,Active
53753,5,2025-11-08,Active
20480,1,2026-04-20,Active
20456,2,2026-04-04,Active
48492,3,2024-06-30,Active
59006,4,2026-01-06,Complete
29370,5,2025-08-05,Active
47025,1,2026-06-06,Active
27509,2,2026-05-01,Active
12602,3,2026-06-10,Active
14466,4,2025-12-11,Complete
25804,5,2024-08-31,Active
2647,1,2026-01-16,Active
10011,2,2025-11-09,Active
14910,3,2024-05-02,Complete
23070,4,2026-02-06,Complete
37784,5,2024-07-06,Active
3229,1,2024-11-26,Active
11004,2,2026-01-18,Active
48994,3,2026-02-14,Active
24339,4,2022-11-20,Lapsed
4219,5,2026-05-25,Complete
17809,1,2024-01-17,Active
58539,2,2026-06-21,Active
18075,3,2022-02-11,Active
30170,4,2026-06-17,Lapsed
14515,5,2026-04-10,Active
5953,1,2026-04-24,Active
53866,2,2026-05-14,Active
41720,3,2026-05-26,Active
55175,4,2025-02-17,Active
36588,5,2026-04-27,Active
32737,1,2026-03-21,Complete
18689,2,2025-06-17,Active
54693,3,2023-10-24,Active
19283,4,2024-10-21,Active
56990,5,2025-10-25,Active
32378,1,2025-02-27,Complete
30007,2,2026-06-30,Complete
47106,3,2026-02-21,Complete
16851,4,2026-06-09,Lapsed
39212,5,2026-05-27,Active
10602,1,2024-12-15,Complete
47191,2,2025-08-29,Active
35151,3,2026-01-18,Active
51465,4,2026-06-28,Active
48337,5,2025-05-06,Active
8236,1,2025-10-10,Active
669,2,2025-06-02,Active
39681,3,2024-10-26,Active
18556,4,2026-03-23,Active
6399,5,2026-01-21,Active
26766,1,2026-01-27,Lapsed
16625,2,2025-12-20,Active
26807,3,2026-06-06,Active
15419,4,2026-06-03,Active
4602,5,2024-11-26,Active
40190,1,2024-08-15,Active
55298,2,2026-02-14,Active
35364,3,2025-10-18,Active
44683,4,2026-05-07,Active
39562,5,2026-01-10,Active
14369,1,2026-05-01,Active
30119,2,2026-06-16,Complete
9224,3,2026-04-05,Complete
48682,4,2024-11-22,Complete
25936,5,2026-03-04,Complete
41904,1,2024-10-12,Active
35089,2,2025-10-03,Active
21413,3,2025-11-02,Active
21961,4,2026-06-29,Complete
13067,5,2025-07-24,Active
18666,1,2025-12-11,Active
34848,2,2025-03-22,Lapsed
53605,3,2026-02-15,Active
31425,4,2026-05-08,Active
59096,5,2026-04-17,Complete
16544,1,2026-03-12,Complete
24589,2,2025-03-09,Active
37801,3,2026-06-25,Complete
46191,4,2024-11-19,Lapsed
46479,5,2026-02-25,Complete
38519,1,2025-09-08,Active
18384,2,2026-03-06,Lapsed
6346,3,2024-10-31,Active
52759,4,2026-06-22,Active
32850,5,2026-06-10,Lapsed
26789,1,2026-03-24,Active
5707,2,2025-11-16,Active
21265,3,2026-06-27,Complete
744,4,2026-05-19,Active
45263,5,2025-08-05,Active
29672,1,2026-04-18,Active
55578,2,2026-01-17,Active
3681,3,2026-05-23,Complete
19525,4,2023-01-05,Active
48361,5,2024-07-24,Complete
46409,1,2026-01-12,Active
47980,2,2026-05-30,Lapsed
21937,3,2026-06-28,Active
53978,4,2025-09-21,Active
43461,5,2024-09-27,Lapsed
22983,1,2024-10-30,Active
35986,2,2026-05-09,Lapsed
43271,3,2024-12-23,Active
5847,4,2026-06-07,Active
44742,5,2026-05-30,Active
23980,1,2026-05-23,Lapsed
46439,2,2026-03-08,Complete
51877,3,2026-03-13,Active
1978,4,2026-01-31,Lapsed
25345,5,2025-10-11,Active
17368,1,2025-09-08,Complete
47743,2,2026-06-07,Lapsed
22108,3,2025-05-04,Lapsed
23164,4,2024-08-07,Active
46839,5,2025-07-14,Active
2638,1,2025-07-26,Active
28442,2,2026-05-16,Active
17356,3,2023-06-12,Active
40531,4,2025-01-04,Active
45383,5,2026-06-07,Complete
57322,1,2025-10-28,Complete
59649,2,2025-06-17,Active
10948,3,2026-05-30,Active
7678,4,2021-07-27,Lapsed
56362,5,2025-07-23,Active
51676,1,2026-04-26,Complete
12101,2,2025-02-09,Lapsed
47140,3,2025-03-27,Active
15138,4,2025-08-13,Active
7816,5,2026-06-16,Active
24007,1,2025-04-30,Active
9021,2,2026-05-13,Active
14635,3,2026-05-02,Lapsed
14562,4,2026-05-06,Active
16139,5,2025-12-28,Active
10381,1,2025-11-04,Active
9816,2,2026-06-11,Lapsed
59138,3,2026-06-22,Complete
45092,4,2025-12-04,Active
9243,5,2026-03-19,Complete
161,1,2025-06-27,Complete
57789,2,2025-08-15,Active
51749,3,2025-03-22,Complete
16217,4,2025-12-30,Active
31350,5,2026-03-20,Active
9354,1,2024-02-17,Active
55719,2,2026-06-10,Lapsed
5664,3,2022-10-29,Complete
37488,4,2025-12-07,Active
15269,5,2026-05-24,Complete
7756,1,2024-06-13,Active
998,2,2026-01-13,Active
20474,3,2026-03-23,Active
30661,4,2025-03-27,Active
46261,5,2026-04-20,Complete
6577,1,2025-11-03,Active
44036,2,2026-06-15,Active
24288,3,2025-09-27,Active
8956,4,2024-04-04,Active
10553,5,2026-04-14,Active
54411,1,2023-10-28,Complete
12598,2,2026-03-18,Active
21024,3,2025-08-20,Active
50875,4,2025-05-27,Active
13071,5,2026-06-22,Complete
55716,1,2026-04-17,Active
6196,2,2026-06-29,Active
45823,3,2026-05-21,Lapsed
7787,4,2026-06-04,Complete
25945,5,2026-05-04,Active
35666,1,2024-03-11,Active
49633,2,2026-06-03,Active
43752,3,2024-08-27,Active
40668,4,2026-05-06,Lapsed
29280,5,2025-04-25,Active
47832,1,2025-02-10,Lapsed
48516,2,2025-03-09,Active
16752,3,2025-03-30,Active
433,4,2025-08-28,Active
5323,5,2025-03-15,Active
4962,1,2026-06-23,Active
41803,2,2024-02-10,Active
33544,3,2026-06-13,Active
55141,4,2026-06-18,Active
32943,5,2024-12-29,Active
50815,1,2025-07-08,Active
32996,2,2026-04-15,Active
22040,3,2025-12-28,Active
18375,4,2026-06-30,Active
28510,5,2026-03-07,Complete
39186,1,2025-06-16,Active
21150,2,2026-03-10,Active
4099,3,2026-05-25,Complete
32232,4,2026-03-23,Active
6284,5,2026-05-21,Complete
50109,1,2026-05-10,Active
55411,2,2026-05-26,Complete
48160,3,2026-06-08,Complete
12236,4,2026-04-19,Active
4925,5,2026-04-07,Lapsed
45343,1,2024-01-15,Active
21978,2,2026-01-24,Active
57799,3,2026-06-28,Complete
13248,4,2025-09-19,Lapsed
29711,5,2026-04-30,Active
33684,1,2026-05-16,Complete
43150,2,2025-11-08,Active
3489,3,2025-12-31,Active
55320,4,2024-10-02,Active
8625,5,2025-12-08,Active
23163,1,2026-06-26,Active
12368,2,2025-08-15,Active
28417,3,2023-11-10,Active
35040,4,2026-05-25,Active
5515,5,2024-07-30,Active
29130,1,2026-02-12,Active
53166,2,2026-01-21,Active
35448,3,2023-09-26,Lapsed
7165,4,2026-01-22,Active
30657,5,2026-06-27,Active
455,1,2025-01-10,Active
34032,2,2026-04-28,Active
51994,3,2023-05-14,Active
20613,4,2026-04-06,Active
8098,5,2026-06-29,Active
12705,1,2026-03-29,Active
26929,2,2024-11-23,Active
29592,3,2024-07-22,Active
25281,4,2022-02-08,Complete
48312,5,2026-05-28,Lapsed
50203,1,2024-05-08,Active
2098,2,2025-05-18,Lapsed
43254,3,2026-06-01,Active
52899,4,2026-05-09,Complete
21815,5,2024-10-04,Complete
13107,1,2025-04-05,Active
9723,2,2022-10-23,Active
9959,3,2023-07-14,Active
12089,4,2026-06-29,Active
42723,5,2026-05-17,Active
45364,1,2025-06-06,Lapsed
35759,2,2025-10-17,Lapsed
16129,3,2025-07-29,Active
3492,4,2025-04-07,Lapsed
34411,5,2025-03-22,Lapsed
11221,1,2022-03-09,Complete
5924,2,2026-06-29,Active
40133,3,2026-03-15,Active
14209,4,2025-02-19,Active
624,5,2025-04-21,Active
25223,1,2026-03-30,Active
30318,2,2026-06-05,Active
44206,3,2026-03-12,Active
48790,4,2025-11-06,Active
10038,5,2026-05-18,Active
6804,1,2025-09-02,Active
25032,2,2026-02-20,Active
39774,3,2026-07-01,Active
14252,4,2026-05-21,Complete
30340,5,2025-05-03,Active
58360,1,2026-06-25,Active
1867,2,2024-04-23,Complete
44332,3,2025-09-08,Active
59552,4,2024-12-16,Active
36326,5,2026-03-10,Active
25622,1,2026-01-04,Active
47471,2,2026-04-20,Active
40766,3,2026-04-07,Complete
46960,4,2025-12-07,Complete
22751,5,2025-07-31,Active
52602,1,2024-08-25,Complete
23885,2,2025-08-09,Active
49310,3,2026-03-05,Active
961,4,2025-11-12,Lapsed
41036,5,2025-09-02,Active
45124,1,2026-01-26,Active
523,2,2026-05-16,Active
10691,3,2026-03-13,Active
42214,4,2026-05-06,Active
58529,5,2025-05-17,Complete
6164,1,2023-02-01,Active
13981,2,2026-06-21,Complete
9442,3,2026-05-23,Active
38871,4,2026-01-01,Active
52114,5,2026-05-28,Complete
43241,1,2026-06-05,Active
21986,2,2025-05-31,Complete
25803,3,2025-12-18,Active
58840,4,2022-10-14,Active
43999,5,2026-05-14,Active
5909,1,2025-01-11,Active
16920,2,2026-06-28,Active
52835,3,2025-08-27,Active
32036,4,2024-07-02,Active
40540,5,2026-03-25,Active
40279,1,2024-07-23,Active
57616,2,2026-06-13,Active
14438,3,2026-04-24,Active
23603,4,2026-05-17,Complete
9276,5,2026-01-30,Active
22075,1,2024-07-12,Complete
31760,2,2026-05-11,Active
54983,3,2025-07-11,Active
45417,4,2025-05-28,Active
45867,5,2026-04-13,Lapsed
52394,1,2024-03-21,Active
53449,2,2024-07-29,Active
56648,3,2026-05-23,Complete
52193,4,2026-05-29,Active
47541,5,2026-06-17,Lapsed
33562,1,2025-12-29,Active
30504,2,2026-05-31,Complete
48610,3,2024-08-06,Active
2525,4,2024-02-06,Active
52282,5,2026-02-23,Active
22684,1,2024-12-21,Complete
51522,2,2025-07-16,Active
51844,3,2024-03-21,Active
40281,4,2025-10-29,Active
3624,5,2026-03-24,Lapsed
23809,1,2026-06-16,Active
29224,2,2026-05-18,Active
51471,3,2025-12-10,Active
5438,4,2026-06-19,Active
42319,5,2026-02-18,Active
2643,1,2024-12-16,Active
55283,2,2025-09-18,Active
59219,3,2025-12-28,Active
22953,4,2025-12-13,Active
2162,5,2026-05-21,Complete
14549,1,2026-03-03,Active
15378,2,2025-07-29,Complete
16745,3,2024-10-29,Active
2244,4,2026-04-17,Active
51075,5,2025-11-19,Active
1274,1,2024-08-22,Active
19595,2,2026-04-05,Active
38676,3,2025-11-25,Active
10363,4,2026-04-03,Active
59293,5,2026-05-15,Active
31678,1,2026-06-16,Complete
27169,2,2025-12-22,Active
53834,3,2026-05-12,Active
25157,4,2026-05-16,Active
52597,5,2026-06-06,Active
20409,1,2025-11-18,Active
39390,2,2026-03-18,Active
15768,3,2026-06-27,Lapsed
52256,4,2026-06-09,Active
18779,5,2024-06-23,Active
20160,1,2024-03-19,Active
20439,2,2024-12-02,Active
21483,3,2024-04-04,Active
33706,4,2025-09-20,Complete
53881,5,2025-08-20,Complete
47231,1,2024-01-15,Active
28000,2,2026-02-28,Complete
11744,3,2025-08-10,Active
20241,4,2025-09-06,Active
8779,5,2025-10-05,Active
31481,1,2026-06-30,Active
10137,2,2024-08-03,Active
31542,3,2026-04-27,Lapsed
3819,4,2026-05-20,Complete
59429,5,2026-03-15,Active
54161,1,2026-04-22,Complete
28945,2,2025-06-05,Active
31278,3,2026-02-23,Active
47279,4,2025-05-06,Active
55360,5,2025-11-29,Complete
38381,1,2026-01-29,Active
15784,2,2026-05-28,Complete
43146,3,2025-09-04,Active
14306,4,2024-04-23,Active
24524,5,2026-06-18,Complete
41044,1,2026-05-17,Active
18285,2,2025-12-08,Active
21704,3,2025-08-20,Active
25812,4,2026-04-02,Lapsed
59981,5,2025-03-28,Active
48038,1,2024-06-19,Complete
47024,2,2025-12-17,Active
35407,3,2025-09-16,Complete
12435,4,2026-03-11,Complete
8309,5,2026-04-30,Active
50169,1,2021-07-26,Active
15579,2,2026-02-20,Complete
17231,3,2026-05-02,Complete
51367,4,2026-05-13,Active
17683,5,2024-01-11,Lapsed
13452,1,2026-04-27,Active
42835,2,2026-01-11,Active
17187,3,2025-12-19,Active
53456,4,2024-11-04,Active
30868,5,2025-11-09,Lapsed
22877,1,2026-06-22,Complete
54749,2,2026-05-21,Complete
28525,3,2026-06-02,Active
17514,4,2025-01-30,Active
17375,5,2025-04-06,Active
21892,1,2023-06-05,Complete
15369,2,2026-06-04,Active
28922,3,2026-06-08,Active
7316,4,2024-07-13,Active
22067,5,2025-08-30,Active
12402,1,2026-03-11,Active
1056,2,2026-05-16,Active
47983,3,2025-08-12,Complete
10095,4,2025-03-12,Active
6260,5,2026-06-19,Active
31367,1,2026-06-24,Lapsed
18389,2,2026-01-09,Active
35760,3,2026-06-20,Active
10649,4,2024-10-17,Complete
47769,5,2026-02-27,Complete
49135,1,2026-03-16,Active
8486,2,2026-03-19,Active
34127,3,2026-06-22,Lapsed
29021,4,2026-06-05,Active
57872,5,2025-12-12,Active
18971,1,2025-07-26,Active
39743,2,2025-11-08,Active
27011,3,2026-06-24,Active
40472,4,2026-05-20,Active
33204,5,2026-05-31,Active
8273,1,2025-09-21,Complete
5853,2,2026-06-29,Active
5499,3,2026-04-28,Active
59695,4,2026-03-29,Active
36010,5,2026-05-09,Active
48585,1,2026-03-12,Active
20351,2,2026-06-23,Complete
32848,3,2026-05-01,Active
8311,4,2026-05-02,Active
24265,5,2025-08-10,Active
23550,1,2024-09-28,Active
16509,2,2026-04-14,Active
47292,3,2022-12-08,Complete
41176,4,2026-06-28,Active
55258,5,2025-03-07,Active
14771,1,2026-04-05,Complete
41463,2,2026-03-08,Active
12430,3,2026-05-31,Active
54331,4,2026-01-16,Lapsed
3155,5,2025-02-19,Lapsed
29269,1,2026-01-24,Active
45375,2,2026-06-12,Active
22167,3,2025-09-21,Complete
35542,4,2026-01-22,Complete
117,5,2025-08-03,Complete
55632,1,2025-07-24,Active
25869,2,2024-07-10,Active
17474,3,2026-04-23,Active
27884,4,2024-06-28,Active
21468,5,2026-03-15,Active
12314,1,2026-02-26,Active
36400,2,2026-02-02,Active
57822,3,2026-05-07,Active
4235,4,2025-08-05,Active
2897,5,2026-05-18,Active
13025,1,2026-05-26,Active
28118,2,2026-05-20,Complete
59283,3,2025-03-11,Active
5502,4,2025-12-18,Active
34549,5,2024-08-20,Active
30070,1,2025-06-29,Active
45192,2,2022-01-29,Active
17946,3,2023-10-14,Lapsed
8144,4,2026-06-30,Active
51254,5,2026-04-11,Complete
9579,1,2024-12-14,Active
2878,2,2026-05-25,Lapsed
38243,3,2026-04-19,Active
18012,4,2026-05-21,Active
53591,5,2024-05-11,Active
238,1,2026-06-11,Active
27417,2,2025-11-28,Lapsed
45747,3,2026-06-12,Active
23641,4,2023-07-23,Active
26186,5,2024-05-03,Complete
43315,1,2026-05-17,Active
37989,2,2024-08-28,Active
45631,3,2026-05-20,Lapsed
51904,4,2026-02-25,Lapsed
34873,5,2026-05-12,Active
36747,1,2024-02-28,Complete
46578,2,2024-01-23,Lapsed
24890,3,2026-06-23,Active
18774,4,2026-06-29,Active
24535,5,2025-09-11,Lapsed
27053,1,2025-08-09,Lapsed
5977,2,2026-02-17,Active
1119,3,2025-07-03,Active
1091,4,2026-04-18,Active
37087,5,2026-05-31,Active
43177,1,2025-05-30,Active
45069,2,2025-03-25,Active
9591,3,2026-05-13,Active
27031,4,2025-05-21,Active
27217,5,2026-06-14,Active
20586,1,2026-06-22,Active
25047,2,2025-07-06,Complete
1943,3,2025-11-29,Active
35528,4,2025-01-08,Complete
12652,5,2025-03-31,Active
33822,1,2025-07-22,Complete
8223,2,2025-06-14,Active
19124,3,2026-05-18,Active
25259,4,2024-10-28,Active
8329,5,2025-12-21,Active
13185,1,2026-03-09,Active
38147,2,2025-02-25,Complete
52018,3,2026-05-20,Active
24118,4,2026-02-23,Active
34412,5,2026-05-06,Active
5689,1,2025-10-09,Active
41695,2,2026-06-30,Active
33937,3,2026-05-16,Active
50368,4,2026-04-30,Active
34711,5,2026-06-30,Active
7207,1,2025-12-08,Active
46126,2,2026-03-13,Active
22666,3,2024-12-10,Complete
4071,4,2025-10-21,Active
4558,5,2026-03-26,Complete
14016,1,2026-06-21,Active
59672,2,2024-08-02,Active
14335,3,2026-05-10,Complete
44482,4,2026-05-27,Active
34855,5,2026-06-28,Complete
50646,1,2025-10-18,Active
36258,2,2026-05-18,Active
50528,3,2024-08-23,Active
24401,4,2026-06-20,Complete
15532,5,2025-05-26,Complete
47223,1,2026-03-19,Active
57068,2,2026-04-15,Active
58349,3,2026-02-23,Lapsed
40534,4,2022-06-11,Active
59457,5,2026-04-25,Active
36054,1,2026-05-26,Active
56239,2,2025-03-21,Lapsed
48806,3,2026-04-09,Active
12346,4,2024-08-15,Complete
39379,5,2026-05-31,Active
55703,1,2025-11-15,Active
33354,2,2026-06-23,Active
51710,3,2025-06-11,Active
32853,4,2026-05-06,Active
49313,5,2026-01-09,Complete
20946,1,2026-04-29,Complete
3343,2,2026-03-20,Active
38921,3,2026-04-28,Active
22454,4,2025-05-28,Lapsed
45058,5,2026-05-30,Lapsed
8315,1,2026-06-23,Active
57170,2,2025-01-06,Complete
431,3,2026-06-19,Active
56408,4,2024-07-05,Active
11851,5,2025-12-10,Active
54382,1,2025-03-03,Active
36181,2,2025-04-16,Active
54141,3,2025-10-05,Active
49311,4,2025-05-19,Active
55203,5,2026-03-17,Active
26894,1,2023-01-15,Active
23783,2,2026-02-22,Complete
7636,3,2024-03-28,Complete
41591,4,2026-01-31,Active
19892,5,2026-03-06,Active
17443,1,2025-08-08,Active
22208,2,2026-03-12,Active
45624,3,2026-06-12,Complete
30414,4,2026-06-18,Active
9961,5,2025-06-15,Active
29546,1,2026-06-19,Complete
12584,2,2025-11-22,Active
32536,3,2024-10-29,Lapsed
53604,4,2025-09-07,Active
51150,5,2025-03-24,Active
9233,1,2026-04-25,Active
29747,2,2026-06-06,Active
24612,3,2026-06-24,Complete
17362,4,2026-06-07,Active
25607,5,2026-03-27,Active
16804,1,2026-05-05,Active
4134,2,2025-10-09,Active
46891,3,2024-09-30,Active
5394,4,2025-08-07,Active
23932,5,2024-07-30,Active
39526,1,2026-03-24,Active
36750,2,2026-06-13,Active
50745,3,2025-08-31,Active
36798,4,2026-06-10,Active
3127,5,2026-02-16,Complete
58736,1,2026-01-20,Active
23382,2,2026-03-25,Active
1974,3,2025-05-29,Active
50973,4,2025-09-30,Active
54541,5,2025-07-08,Active
30174,1,2026-04-12,Active
44529,2,2025-09-19,Complete
543,3,2026-04-06,Complete
43703,4,2026-05-04,Active
46278,5,2026-06-29,Active
25043,1,2026-03-03,Active
37855,2,2026-06-14,Active
54104,3,2024-12-15,Active
37528,4,2026-03-16,Active
42852,5,2026-02-14,Complete
39486,1,2026-05-06,Active
38572,2,2024-06-17,Active
20031,3,2025-05-25,Active
19522,4,2026-03-20,Lapsed
16969,5,2022-02-25,Lapsed
20272,1,2026-06-30,Active
58148,2,2026-01-22,Active
4124,3,2026-06-21,Complete
30191,4,2025-07-23,Complete
42765,5,2025-06-05,Active
50097,1,2026-06-16,Active
49570,2,2025-01-15,Active
24008,3,2026-01-23,Active
48490,4,2025-05-11,Active
16610,5,2026-06-05,Complete
54741,1,2026-06-30,Active
32261,2,2026-06-13,Active
48586,3,2026-06-19,Active
36772,4,2021-10-12,Lapsed
27187,5,2026-05-24,Active
24913,1,2024-03-30,Active
17846,2,2026-03-19,Active
18977,3,2026-06-18,Complete
59947,4,2026-06-20,Active
47826,5,2026-05-03,Active
57077,1,2026-04-05,Complete
45432,2,2025-12-23,Active
45794,3,2026-01-20,Active
53493,4,2024-11-10,Active
50367,5,2026-02-24,Complete
1597,1,2024-10-10,Active
7719,2,2025-11-09,Active
43500,3,2026-01-14,Active
17827,4,2025-08-30,Complete
9895,5,2024-02-15,Active
37932,1,2026-02-17,Complete
34302,2,2026-05-16,Active
12779,3,2023-02-02,Complete
5948,4,2026-02-17,Active
7344,5,2025-05-08,Complete
19985,1,2025-01-04,Active
27034,2,2026-04-14,Active
12114,3,2026-06-24,Active
15905,4,2025-05-25,Complete
37199,5,2025-08-25,Active
32776,1,2025-06-13,Active
40503,2,2023-05-27,Active
10063,3,2025-12-25,Active
22500,4,2024-03-25,Complete
19704,5,2026-05-27,Active
57207,1,2022-05-17,Active
22362,2,2025-03-26,Active
54087,3,2026-06-09,Complete
11243,4,2025-07-12,Active
21987,5,2025-11-11,Active
36920,1,2026-06-25,Active
12906,2,2024-02-26,Active
17988,3,2026-01-03,Lapsed
12254,4,2025-10-20,Complete
38217,5,2026-06-13,Complete
44163,1,2026-06-26,Active
29806,2,2025-10-09,Active
13356,3,2026-01-08,Complete
47531,4,2025-05-15,Active
55825,5,2025-08-07,Active
14111,1,2026-01-03,Active
18877,2,2026-05-22,Active
58949,3,2026-05-23,Active
58870,4,2026-06-16,Active
24376,5,2025-10-28,Active
8314,1,2026-06-27,Active
33135,2,2024-11-22,Active
30168,3,2026-02-20,Active
1089,4,2024-09-08,Active
432,5,2025-09-22,Lapsed
50581,1,2026-06-01,Complete
45803,2,2025-12-01,Active
4987,3,2023-10-19,Active
8742,4,2026-06-19,Active
55535,5,2025-02-01,Active
11040,1,2024-09-08,Lapsed
53703,2,2025-12-18,Lapsed
15261,3,2026-04-19,Active
59095,4,2024-02-22,Active
25948,5,2026-04-08,Lapsed
46952,1,2025-11-24,Active
50371,2,2025-04-08,Complete
37521,3,2025-07-13,Lapsed
21591,4,2026-06-22,Active
1395,5,2025-07-21,Active
27951,1,2026-03-12,Complete
52617,2,2025-03-25,Active
25902,3,2025-12-03,Lapsed
16910,4,2026-06-25,Active
41471,5,2026-03-28,Complete
44502,1,2026-06-05,Complete
20311,2,2023-09-05,Active
7404,3,2025-10-30,Complete
2143,4,2023-04-13,Active
52991,5,2026-06-17,Active
51345,1,2026-06-02,Active
43768,2,2026-03-28,Active
41736,3,2025-04-20,Complete
52599,4,2026-06-16,Complete
27104,5,2024-01-26,Complete
18206,1,2025-07-05,Active
21428,2,2026-05-30,Complete
42048,3,2025-11-21,Complete
11513,4,2026-06-21,Active
53767,5,2025-07-28,Active
32104,1,2025-05-14,Lapsed
21656,2,2026-04-22,Active
51649,3,2024-11-23,Active
25501,4,2026-04-05,Active
23787,5,2026-06-06,Active
45667,1,2024-12-20,Lapsed
22073,2,2026-06-17,Active
1735,3,2026-06-26,Active
38631,4,2026-05-31,Active
13752,5,2026-05-21,Active
11553,1,2026-03-29,Complete
21078,2,2026-05-09,Active
58028,3,2026-05-31,Active
41458,4,2026-04-27,Active
58181,5,2024-08-08,Active
881,1,2025-12-02,Active
45745,2,2025-07-07,Active
48934,3,2025-09-01,Active
28851,4,2024-02-03,Complete
10267,5,2023-09-15,Active
29955,1,2025-05-27,Active
7825,2,2025-06-28,Active
16643,3,2026-06-03,Lapsed
24520,4,2025-08-15,Active
59775,5,2026-06-12,Active
2399,1,2026-02-18,Active
44266,2,2026-04-18,Active
36780,3,2025-02-17,Complete
7019,4,2026-02-02,Active
24743,5,2026-06-25,Complete
42058,1,2025-06-10,Complete
5303,2,2026-03-11,Active
5382,3,2025-11-20,Active
10479,4,2025-09-10,Active
14697,5,2026-02-02,Complete
35292,1,2026-05-31,Active
12903,2,2026-06-26,Lapsed
29394,3,2026-06-03,Active
54780,4,2025-08-31,Active
50877,5,2026-05-11,Active
11795,1,2026-05-30,Active
33505,2,2025-10-13,Active
59883,3,2025-07-28,Active
15537,4,2026-06-26,Active
39788,5,2026-06-15,Lapsed
41807,1,2026-03-13,Active
49467,2,2026-05-22,Active
36416,3,2026-05-02,Active
37144,4,2026-01-21,Active
59314,5,2026-04-15,Active
5559,1,2026-01-16,Active
47909,2,2026-05-15,Active
52248,3,2024-06-19,Active
12786,4,2025-09-10,Active
4770,5,2024-12-08,Complete
42007,1,2022-03-29,Active
9230,2,2025-10-21,Active
28963,3,2026-04-19,Active
47920,4,2025-12-07,Active
57238,5,2026-04-18,Active
59295,1,2025-03-03,Active
27089,2,2025-06-22,Active
34968,3,2025-12-27,Active
46314,4,2025-12-30,Active
39380,5,2023-10-02,Active
37194,1,2022-05-20,Complete
23960,2,2026-04-11,Active
37655,3,2026-06-09,Active
57014,4,2026-03-18,Active
36149,5,2026-04-17,Active
4285,1,2025-06-03,Lapsed
19801,2,2025-07-18,Lapsed
58873,3,2023-12-25,Active
24515,4,2026-04-29,Lapsed
53461,5,2026-05-13,Active
22492,1,2025-05-11,Complete
40800,2,2026-05-27,Lapsed
24703,3,2026-05-27,Active
4311,4,2023-06-13,Active
48120,5,2026-06-16,Active
56787,1,2026-06-16,Active
8566,2,2026-03-05,Active
25758,3,2024-02-25,Active
29710,4,2025-06-01,Lapsed
8474,5,2026-05-17,Complete
13574,1,2026-02-17,Complete
8464,2,2026-03-04,Active
33500,3,2025-04-15,Active
1305,4,2026-03-19,Active
1471,5,2025-01-09,Active
21184,1,2026-05-26,Lapsed
45379,2,2026-06-30,Complete
58519,3,2025-09-23,Active
48964,4,2025-04-23,Active
1306,5,2026-06-21,Lapsed
17848,1,2024-08-02,Active
47319,2,2026-04-16,Active
30880,3,2026-02-02,Active
6600,4,2026-03-22,Complete
12620,5,2024-02-09,Active
5837,1,2024-08-09,Complete
43525,2,2026-06-04,Active
33194,3,2026-05-18,Active
56010,4,2025-12-16,Active
12297,5,2026-04-23,Active
8334,1,2025-10-23,Active
27496,2,2026-06-22,Active
35172,3,2026-02-15,Lapsed
44327,4,2026-01-03,Active
5104,5,2026-05-07,Active
55383,1,2026-06-07,Complete
57976,2,2025-03-16,Active
2353,3,2026-06-09,Active
12453,4,2025-12-26,Active
52079,5,2025-05-14,Active
55661,1,2025-12-20,Active
47924,2,2026-05-11,Complete
15577,3,2024-06-19,Complete
58493,4,2026-05-07,Active
49598,5,2026-06-14,Lapsed
44789,1,2026-02-03,Active
34188,2,2025-06-07,Complete
75,3,2026-01-19,Complete
36680,4,2026-06-27,Complete
57172,5,2025-08-25,Complete
56594,1,2025-06-10,Complete
21241,2,2026-03-10,Active
3945,3,2026-05-15,Active
26855,4,2026-05-23,Complete
20406,5,2022-12-01,Complete
10854,1,2026-06-23,Complete
33363,2,2026-01-04,Active
29678,3,2025-11-19,Active
7300,4,2025-11-25,Active
24990,5,2026-06-26,Active
5507,1,2026-03-21,Complete
14909,2,2026-06-23,Active
53634,3,2023-08-30,Lapsed
29400,4,2024-10-13,Active
59415,5,2026-04-20,Lapsed
24973,1,2026-02-24,Active
12852,2,2025-10-02,Active
32191,3,2025-02-26,Active
26485,4,2025-08-17,Active
3450,5,2025-09-15,Active
21223,1,2026-04-09,Active
52381,2,2024-08-27,Active
11653,3,2024-08-17,Complete
46876,4,2026-05-08,Active
59231,5,2026-02-17,Active
29320,1,2026-02-17,Lapsed
27289,2,2026-05-18,Active
28592,3,2026-05-11,Active
3106,4,2021-09-04,Active
4482,5,2026-06-30,Active
37385,1,2026-06-12,Lapsed
24449,2,2024-12-29,Lapsed
33174,3,2026-05-19,Active
49333,4,2024-05-24,Active
27188,5,2026-05-28,Active
57667,1,2026-06-01,Complete
28221,2,2024-10-02,Complete
58572,3,2024-08-12,Active
6831,4,2024-09-12,Active
7082,5,2026-06-06,Active
36213,1,2025-12-17,Active
22205,2,2025-08-06,Active
57278,3,2025-04-14,Active
52623,4,2025-09-27,Active
39301,5,2025-12-26,Active
12578,1,2026-06-12,Complete
23002,2,2026-05-03,Active
57502,3,2026-06-09,Active
47873,4,2023-09-16,Active
5634,5,2025-02-15,Lapsed
26178,1,2025-10-17,Active
33282,2,2026-06-07,Active
58625,3,2025-07-09,Complete
37683,4,2026-06-28,Active
39239,5,2026-03-01,Active
21791,1,2025-12-08,Active
21888,2,2025-08-16,Complete
22446,3,2025-02-17,Complete
59137,4,2026-04-20,Active
21310,5,2025-06-03,Active
12494,1,2026-06-13,Active
11178,2,2024-11-06,Active
20401,3,2026-06-04,Active
17125,4,2025-06-23,Active
1515,5,2026-06-04,Complete
20033,1,2025-08-20,Active
42998,2,2026-06-24,Active
25792,3,2022-10-06,Active
40006,4,2026-04-26,Complete
8244,5,2026-05-22,Active
8150,1,2023-10-01,Active
45898,2,2024-12-08,Active
6863,3,2026-06-24,Active
23708,4,2025-11-04,Complete
8548,5,2022-02-22,Active
1665,1,2026-06-24,Active
17588,2,2026-03-12,Active
807,3,2025-05-30,Lapsed
10824,4,2026-04-23,Lapsed
5801,5,2026-06-29,Lapsed
20121,1,2026-06-21,Complete
58088,2,2026-04-30,Active
1504,3,2026-05-06,Complete
565,4,2025-10-03,Active
59568,5,2025-08-24,Active
24173,1,2024-12-11,Active
17229,2,2026-04-17,Active
53874,3,2025-09-18,Complete
1503,4,2026-05-13,Active
13023,5,2026-02-25,Active
39493,1,2026-03-12,Active
32466,2,2024-07-25,Active
51535,3,2026-06-18,Complete
14703,4,2025-06-05,Active
14352,5,2026-06-27,Active
32845,1,2026-03-10,Lapsed
19399,2,2025-06-19,Active
53415,3,2026-05-31,Active
222,4,2026-02-10,Active
34964,5,2026-06-19,Active
9415,1,2026-06-09,Complete
19799,2,2025-12-14,Active
30988,3,2026-06-25,Complete
11204,4,2026-03-21,Active
59129,5,2025-04-19,Lapsed
630,1,2026-06-06,Active
29147,2,2026-06-26,Lapsed
29266,3,2025-04-24,Active
25449,4,2024-05-18,Active
8678,5,2025-08-10,Active
7245,1,2024-07-19,Active
26504,2,2026-06-27,Active
58259,3,2025-02-24,Active
44004,4,2025-11-09,Active
30947,5,2026-04-21,Active
21081,1,2026-03-19,Active
12026,2,2024-05-02,Active
29524,3,2026-06-22,Lapsed
51874,4,2026-05-02,Active
5431,5,2025-06-11,Active
24053,1,2024-06-02,Active
54081,2,2026-01-14,Active
56379,3,2025-12-09,Active
10858,4,2025-04-29,Active
23907,5,2024-12-06,Active
28741,1,2026-06-19,Complete
22381,2,2026-06-06,Active
52474,3,2024-10-08,Complete
16078,4,2025-07-22,Active
46969,5,2024-09-15,Complete
54032,1,2024-07-25,Active
43974,2,2025-10-07,Active
34670,3,2026-05-14,Active
35230,4,2024-06-21,Active
34767,5,2025-06-13,Active
36749,1,2026-06-25,Active
6221,2,2025-12-09,Active
51013,3,2024-08-16,Active
32638,4,2022-11-14,Active
12399,5,2026-03-21,Active
36252,1,2026-03-26,Active
10686,2,2026-04-20,Active
47671,3,2025-10-22,Lapsed
24676,4,2025-11-23,Complete
25471,5,2025-04-18,Active
26086,1,2025-09-25,Active
9262,2,2026-06-20,Active
46785,3,2025-06-24,Active
41246,4,2025-06-18,Active
1457,5,2025-12-02,Complete
54387,1,2023-01-29,Active
28403,2,2026-06-20,Active
56375,3,2026-04-03,Complete
34251,4,2025-11-12,Complete
540,5,2026-05-27,Complete
35903,1,2026-04-08,Active
972,2,2026-05-25,Active
24455,3,2026-04-29,Lapsed
24153,4,2026-06-09,Complete
21967,5,2025-11-11,Complete
46262,1,2026-06-02,Complete
52043,2,2025-11-23,Active
53178,3,2026-03-27,Complete
25444,4,2026-03-11,Active
39189,5,2025-09-23,Active
46798,1,2026-04-18,Active
49116,2,2025-11-11,Complete
18464,3,2025-02-08,Active
6791,4,2026-03-06,Active
37651,5,2026-05-16,Active
18339,1,2024-10-26,Active
39807,2,2023-01-25,Complete
56151,3,2026-06-25,Active
622,4,2026-06-28,Active
42846,5,2026-06-23,Complete
12364,1,2026-03-14,Active
8190,2,2025-12-19,Complete
37017,3,2025-11-09,Active
44754,4,2026-05-02,Complete
38840,5,2024-11-22,Complete
45049,1,2023-06-25,Active
4041,2,2025-03-05,Active
47396,3,2024-01-03,Complete
33096,4,2026-06-21,Active
46965,5,2024-07-05,Complete
3880,1,2026-02-15,Active
54151,2,2026-06-26,Active
15846,3,2026-06-25,Active
25359,4,2025-10-08,Active
23026,5,2026-06-19,Active
15869,1,2026-03-31,Active
6316,2,2025-10-16,Lapsed
49862,3,2024-11-03,Active
6578,4,2025-11-01,Active
21824,5,2025-03-14,Active
38882,1,2025-05-24,Active
59313,2,2026-02-16,Active
12248,3,2026-06-04,Active
51529,4,2026-04-06,Active
28272,5,2025-07-13,Active
12062,1,2025-08-22,Lapsed
41438,2,2026-03-04,Complete
21623,3,2026-03-08,Complete
50838,4,2026-06-30,Active
31696,5,2025-07-19,Complete
19456,1,2026-04-21,Active
43302,2,2024-06-27,Active
42328,3,2025-10-04,Active
40142,4,2026-02-16,Active
55696,5,2026-05-05,Active
23612,1,2026-06-24,Active
11321,2,2026-03-25,Lapsed
53131,3,2026-02-07,Lapsed
2651,4,2025-01-19,Active
49639,5,2025-05-08,Active
49312,1,2026-06-23,Lapsed
54708,2,2026-03-19,Active
22189,3,2026-06-14,Active
28045,4,2026-06-08,Lapsed
3505,5,2025-02-17,Complete
1332,1,2026-06-05,Active
53323,2,2026-04-18,Complete
9659,3,2026-06-28,Complete
37593,4,2025-12-14,Active
45237,5,2024-03-04,Active
30881,1,2025-06-28,Complete
44205,2,2024-08-01,Lapsed
50268,3,2025-04-25,Complete
54870,4,2026-05-04,Active
1709,5,2025-07-04,Active
58039,1,2025-06-08,Active
55234,2,2025-11-06,Active
9513,3,2026-03-30,Active
37497,4,2025-08-06,Active
4523,5,2025-02-21,Active
49314,1,2026-06-07,Active
16093,2,2026-06-30,Complete
43541,3,2025-10-26,Active
56306,4,2026-06-14,Lapsed
40996,5,2024-06-07,Complete
50652,1,2025-12-17,Active
47126,2,2026-06-22,Active
19095,3,2026-03-18,Active
39184,4,2026-02-13,Complete
30531,5,2025-07-11,Complete
29398,1,2026-04-30,Active
54030,2,2024-11-15,Complete
14491,3,2025-04-29,Active
18299,4,2026-02-02,Active
56387,5,2025-10-25,Active
3333,1,2026-01-20,Lapsed
7661,2,2025-12-13,Active
19008,3,2025-04-06,Active
27717,4,2025-08-23,Complete
22755,5,2026-05-24,Active
471,1,2026-03-06,Active
25410,2,2025-07-13,Active
29778,3,2026-06-05,Complete
24671,4,2026-03-13,Complete
18008,5,2026-06-29,Active
57611,1,2025-03-09,Active
24448,2,2026-03-16,Active
29293,3,2026-06-23,Complete
35510,4,2026-06-16,Active
18961,5,2025-08-26,Active
17745,1,2026-03-22,Complete
47910,2,2025-07-05,Active
11400,3,2025-08-24,Active
18635,4,2026-06-25,Active
5926,5,2023-11-19,Complete
41853,1,2026-04-16,Complete
31631,2,2026-05-25,Active
35449,3,2025-03-22,Active
51404,4,2025-10-07,Active
30035,5,2024-07-24,Complete
11654,1,2024-10-27,Active
32695,2,2026-06-26,Active
55842,3,2024-11-11,Active
39392,4,2026-04-29,Complete
48719,5,2025-03-09,Active
44679,1,2024-09-09,Complete
18920,2,2026-06-10,Active
33374,3,2026-06-19,Active
21848,4,2026-06-20,Active
26646,5,2026-01-16,Active
44291,1,2025-07-17,Active
29331,2,2025-05-13,Active
34734,3,2026-03-06,Active
25894,4,2026-06-13,Active
45530,5,2025-04-12,Active
5546,1,2026-06-12,Complete
1266,2,2026-06-07,Active
47107,3,2024-11-21,Lapsed
5260,4,2026-01-05,Active
52115,5,2025-11-09,Active
58537,1,2023-09-13,Lapsed
41733,2,2026-04-26,Active
31235,3,2025-12-11,Complete
25719,4,2025-12-09,Active
6180,5,2024-10-27,Complete
29511,1,2024-12-20,Active
702,2,2025-10-16,Active
18850,3,2026-04-06,Active
9603,4,2025-12-16,Active
15776,5,2023-04-18,Complete
40639,1,2025-04-03,Active
44548,2,2025-11-04,Complete
35997,3,2025-12-02,Active
28083,4,2026-06-04,Complete
32235,5,2026-02-15,Complete
45123,1,2024-03-12,Active
18523,2,2026-06-24,Active
51610,3,2026-06-08,Lapsed
38584,4,2025-05-11,Complete
42254,5,2026-06-13,Active
32576,1,2025-06-24,Active
31675,2,2025-08-31,Complete
8346,3,2024-08-05,Lapsed
22702,4,2025-11-27,Active
15623,5,2025-12-01,Complete
25378,1,2024-11-20,Active
2941,2,2025-11-01,Active
17241,3,2025-05-16,Active
291,4,2024-12-08,Lapsed
46580,5,2026-05-23,Active
7097,1,2025-08-14,Active
20464,2,2025-02-23,Active
34205,3,2023-03-16,Active
727,4,2026-03-27,Active
52145,5,2026-03-29,Active
15465,1,2026-03-14,Active
49111,2,2024-04-26,Active
33389,3,2026-05-13,Complete
24748,4,2026-01-12,Complete
21245,5,2026-05-20,Active
29901,1,2025-09-15,Active
33305,2,2026-05-16,Active
39980,3,2026-05-13,Complete
19005,4,2026-03-29,Active
42914,5,2025-08-24,Active
35705,1,2025-06-30,Active
17259,2,2025-08-01,Active
38944,3,2026-06-16,Active
4771,4,2024-09-04,Lapsed
58647,5,2026-06-30,Active
11937,1,2025-04-09,Active
24229,2,2025-12-22,Active
9326,3,2026-05-20,Active
31689,4,2026-02-02,Active
34605,5,2024-10-29,Active
52271,1,2026-01-29,Active
51963,2,2026-02-26,Active
54136,3,2025-10-09,Complete
29919,4,2023-01-06,Active
57493,5,2026-02-06,Active
13391,1,2026-02-01,Active
19729,2,2025-11-08,Active
16720,3,2026-06-26,Active
22453,4,2026-02-19,Active
5633,5,2025-05-05,Active
59111,1,2026-01-03,Active
9654,2,2025-03-14,Active
20997,3,2026-01-16,Active
32645,4,2025-02-27,Active
23781,5,2026-05-18,Active
37862,1,2023-12-27,Complete
28656,2,2026-01-18,Active
46861,3,2026-06-01,Active
57020,4,2026-03-15,Active
45072,5,2022-07-02,Complete
30971,1,2026-03-03,Active
57047,2,2026-02-10,Complete
40248,3,2024-11-08,Complete
27079,4,2025-10-24,Active
11587,5,2026-02-03,Active
24698,1,2024-06-27,Complete
59627,2,2026-05-05,Active
17547,3,2026-03-25,Active
40299,4,2025-07-01,Active
45922,5,2025-09-23,Complete
55017,1,2026-05-06,Lapsed
2342,2,2026-06-14,Active
24684,3,2026-06-12,Active
23482,4,2026-06-12,Active
38136,5,2026-06-04,Active
37965,1,2026-02-09,Complete
48126,2,2025-03-28,Active
14710,3,2026-06-29,Active
53419,4,2023-05-05,Active
19201,5,2026-03-30,Lapsed
4562,1,2026-04-06,Complete
15624,2,2025-11-15,Active
31101,3,2024-12-19,Active
12549,4,2023-12-01,Complete
6795,5,2026-06-21,Complete
18553,1,2026-02-07,Active
55135,2,2026-06-28,Active
24178,3,2026-05-06,Complete
48520,4,2025-09-03,Active
31652,5,2024-12-17,Active
6589,1,2025-06-11,Active
18509,2,2026-01-25,Active
41692,3,2023-05-22,Complete
56494,4,2026-02-18,Active
48230,5,2026-02-22,Active
11387,1,2026-03-12,Complete
26405,2,2025-01-17,Active
44817,3,2026-05-28,Lapsed
47738,4,2026-06-29,Active
39426,5,2024-07-05,Complete
51187,1,2025-06-16,Lapsed
22741,2,2025-12-30,Active
8940,3,2026-05-09,Active
23807,4,2023-08-28,Active
42488,5,2025-09-26,Complete
15691,1,2026-06-01,Complete
51653,2,2025-03-25,Active
28508,3,2026-04-01,Lapsed
59458,4,2026-06-25,Active
35930,5,2026-05-28,Active
42398,1,2025-11-19,Active
31851,2,2026-01-04,Lapsed
23156,3,2025-09-26,Active
36447,4,2026-01-09,Active
26170,5,2022-11-01,Active
38123,1,2026-04-11,Complete
38955,2,2026-05-18,Active
21227,3,2024-07-20,Active
54247,4,2025-10-09,Active
6407,5,2026-02-20,Active
56211,1,2025-10-19,Active
49011,2,2025-09-23,Lapsed
9102,3,2025-09-27,Active
27734,4,2025-09-14,Complete
2237,5,2026-05-30,Active
18069,1,2026-05-19,Complete
36383,2,2026-05-23,Active
41325,3,2025-09-02,Active
8372,4,2026-06-01,Active
57116,5,2026-03-19,Active
14552,1,2023-02-21,Active
16735,2,2026-05-18,Complete
55858,3,2025-03-04,Active
14918,4,2024-11-01,Active
42556,5,2026-05-11,Active
30142,1,2025-12-20,Active
29917,2,2026-05-26,Active
35914,3,2026-05-27,Active
35946,4,2026-06-12,Active
17340,5,2026-05-12,Active
12564,1,2025-08-25,Active
37918,2,2025-10-23,Complete
21585,3,2026-06-02,Lapsed
42332,4,2026-06-22,Active
16896,5,2026-06-14,Active
38627,1,2025-08-28,Active
17031,2,2025-06-08,Complete
13362,3,2026-02-12,Active
7891,4,2024-03-07,Active
56234,5,2026-04-08,Complete
2481,1,2026-02-20,Active
59162,2,2026-06-13,Active
12345,3,2026-06-29,Active
33014,4,2026-06-28,Active
29317,5,2025-07-29,Complete
20955,1,2025-08-15,Active
17840,2,2026-06-26,Active
22805,3,2026-02-05,Active
29703,4,2026-02-01,Active
18192,5,2026-03-09,Active
54155,1,2025-11-25,Active
57736,2,2026-06-26,Active
49754,3,2024-07-07,Active
17006,4,2026-02-27,Lapsed
49226,5,2026-04-29,Active
40799,1,2025-04-06,Active
12473,2,2025-02-11,Active
45499,3,2026-01-07,Active
46598,4,2026-06-06,Active
39549,5,2025-03-25,Active
15724,1,2024-04-10,Active
35894,2,2024-10-07,Active
58274,3,2026-01-05,Active
47834,4,2025-09-17,Active
57644,5,2024-11-21,Active
26591,1,2025-06-08,Active
47315,2,2025-04-10,Complete
41211,3,2026-04-12,Complete
104,4,2026-04-14,Active
30675,5,2026-05-02,Active
36480,1,2026-01-30,Complete
55811,2,2026-03-08,Active
8945,3,2026-06-13,Complete
20824,4,2025-10-05,Lapsed
23613,5,2026-01-31,Complete
42069,1,2026-06-11,Complete
41984,2,2025-12-06,Lapsed
16641,3,2026-06-20,Active
46247,4,2026-03-10,Complete
10751,5,2026-05-23,Active
15855,1,2025-01-10,Active
23741,2,2025-04-09,Complete
4464,3,2026-04-15,Active
17853,4,2026-06-29,Active
34326,5,2022-10-30,Active
46415,1,2025-12-21,Lapsed
44232,2,2026-01-20,Complete
56993,3,2026-01-28,Active
41284,4,2025-09-28,Active
42148,5,2025-03-05,Active
39703,1,2026-06-30,Lapsed
41834,2,2026-01-19,Active
3293,3,2026-06-18,Active
24874,4,2025-10-07,Lapsed
45068,5,2026-05-27,Active
57992,1,2026-05-28,Active
35887,2,2024-11-29,Lapsed
17179,3,2024-06-25,Active
32060,4,2026-04-30,Active
55463,5,2026-03-01,Active
33307,1,2026-03-22,Complete
41121,2,2026-06-23,Active
52508,3,2025-07-15,Active
26891,4,2026-05-09,Complete
39804,5,2025-04-01,Lapsed
5388,1,2026-06-29,Active
53546,2,2026-03-19,Lapsed
50040,3,2026-04-28,Active
29180,4,2024-08-30,Complete
17620,5,2026-04-17,Lapsed
56614,1,2025-02-22,Active
52753,2,2026-01-09,Active
28495,3,2025-11-06,Active
21771,4,2025-09-13,Complete
57541,5,2026-04-21,Active
30943,1,2023-10-14,Complete
58213,2,2025-04-29,Complete
44902,3,2026-02-02,Active
32750,4,2026-03-06,Lapsed
37786,5,2023-11-06,Complete
9992,1,2026-06-27,Active
50058,2,2024-11-02,Complete
4945,3,2026-03-23,Active
58429,4,2026-06-20,Complete
8029,5,2025-11-15,Active
27915,1,2023-11-17,Active
44636,2,2025-11-16,Active
58743,3,2026-06-08,Active
48265,4,2025-12-04,Active
28031,5,2026-06-17,Complete
10438,1,2026-03-16,Lapsed
34552,2,2025-12-20,Complete
50000,3,2026-05-04,Active
14956,4,2026-06-02,Active
25737,5,2024-07-24,Active
2588,1,2025-07-30,Active
28049,2,2025-02-03,Active
45088,3,2025-09-17,Active
12726,4,2025-07-30,Active
13813,5,2025-06-17,Active
15085,1,2023-05-16,Complete
56132,2,2026-01-14,Active
54677,3,2025-06-21,Active
16606,4,2026-01-31,Active
12893,5,2026-06-20,Active
3950,1,2026-05-03,Lapsed
24019,2,2026-06-30,Lapsed
16208,3,2025-10-21,Active
28331,4,2025-07-31,Active
15254,5,2025-01-23,Active
11248,1,2025-09-05,Active
6440,2,2024-04-23,Active
36493,3,2024-04-19,Active
3741,4,2025-08-24,Lapsed
58454,5,2025-05-29,Lapsed
11062,1,2024-10-29,Complete
42359,2,2026-06-02,Lapsed
15985,3,2026-04-24,Active
18453,4,2026-06-13,Active
30789,5,2026-06-22,Active
46766,1,2026-06-23,Active
47708,2,2026-05-06,Active
5750,3,2026-06-02,Active
12016,4,2026-06-04,Active
34736,5,2026-01-28,Active
28885,1,2024-11-30,Complete
46034,2,2026-06-27,Active
50952,3,2026-06-19,Active
48272,4,2025-10-04,Complete
45913,5,2025-02-04,Lapsed
17018,1,2025-12-02,Active
27543,2,2025-07-09,Active
41971,3,2026-04-18,Lapsed
9803,4,2025-12-14,Active
38124,5,2024-03-26,Active
16422,1,2025-05-13,Active
32798,2,2026-04-25,Lapsed
2797,3,2026-06-06,Complete
57250,4,2023-07-23,Active
37353,5,2025-05-16,Active
54593,1,2026-03-19,Active
56094,2,2024-11-16,Lapsed
23201,3,2026-05-26,Active
13735,4,2025-10-26,Active
54935,5,2026-05-18,Active
50488,1,2025-07-24,Active
48341,2,2025-10-16,Complete
7128,3,2026-03-12,Active
23065,4,2026-06-26,Active
5517,5,2026-06-28,Active
1182,1,2026-05-09,Active
46129,2,2025-02-10,Active
16063,3,2026-06-17,Active
38329,4,2025-02-02,Active
21873,5,2026-04-05,Active
30124,1,2026-06-11,Active
7524,2,2026-04-15,Active
54192,3,2026-03-29,Active
51018,4,2024-12-26,Active
39327,5,2026-06-29,Complete
58552,1,2026-03-15,Active
49323,2,2026-05-29,Complete
23392,3,2025-12-13,Active
41556,4,2025-09-11,Active
15752,5,2025-12-14,Active
23514,1,2025-01-19,Lapsed
39119,2,2025-11-22,Active
17527,3,2026-05-12,Complete
4313,4,2026-04-16,Active
24826,5,2022-02-26,Active
6327,1,2025-07-15,Active
28927,2,2026-06-28,Active
55450,3,2026-05-07,Active
47795,4,2026-05-07,Lapsed
16365,5,2026-04-07,Active
25765,1,2025-08-06,Active
14069,2,2026-05-31,Active
13456,3,2024-01-29,Active
215,4,2025-01-29,Active
58184,5,2024-11-26,Active
21897,1,2025-12-09,Active
44523,2,2026-02-04,Active
45146,3,2022-12-16,Active
30997,4,2024-06-08,Lapsed
51785,5,2026-06-26,Active
34241,1,2025-05-30,Active
38790,2,2026-06-30,Complete
38594,3,2024-08-20,Complete
16256,4,2026-06-17,Active
49081,5,2025-05-05,Complete
38549,1,2026-06-13,Lapsed
42490,2,2026-06-16,Active
14937,3,2025-11-06,Active
9851,4,2026-04-01,Active
17014,5,2025-08-20,Lapsed
4691,1,2026-06-13,Active
46169,2,2026-06-06,Active
55510,3,2024-08-13,Active
48981,4,2025-03-27,Active
10470,5,2026-04-17,Active
25854,1,2026-04-09,Active
56393,2,2026-04-22,Active
25906,3,2025-08-09,Active
38841,4,2026-06-14,Active
29562,5,2026-03-04,Active
26336,1,2026-05-20,Active
20122,2,2026-02-27,Active
22042,3,2026-05-04,Complete
43374,4,2025-11-15,Lapsed
49181,5,2025-10-18,Active
12717,1,2026-05-21,Active
41898,2,2024-07-13,Active
15720,3,2026-06-18,Complete
34901,4,2026-06-23,Active
10768,5,2026-05-14,Active
49602,1,2025-05-23,Active
12000,2,2026-04-28,Active
38672,3,2024-12-28,Active
29719,4,2026-06-09,Active
44274,5,2025-12-16,Complete
31220,1,2025-05-10,Active
26533,2,2026-04-01,Complete
46028,3,2025-06-15,Active
40393,4,2025-10-13,Active
54596,5,2026-02-01,Lapsed
57344,1,2026-04-27,Active
22378,2,2026-03-31,Active
57564,3,2025-04-13,Active
26811,4,2023-04-12,Complete
13631,5,2024-12-09,Active
12408,1,2026-02-26,Active
7533,2,2026-05-06,Active
58396,3,2025-08-13,Active
54085,4,2025-10-12,Active
55474,5,2026-06-29,Complete
48067,1,2026-05-25,Active
47965,2,2026-04-02,Lapsed
29845,3,2024-08-22,Lapsed
42934,4,2026-06-22,Active
5540,5,2025-12-08,Active
24423,1,2025-08-02,Active
24287,2,2025-03-04,Active
3367,3,2026-05-02,Active
19993,4,2026-06-26,Active
16828,5,2026-06-15,Active
4088,1,2023-02-11,Active
15795,2,2026-03-25,Active
55616,3,2026-04-22,Active
22121,4,2026-06-19,Complete
3528,5,2023-07-06,Active
40335,1,2025-04-05,Active
46270,2,2026-06-06,Complete
58111,3,2023-02-07,Active
54179,4,2026-03-08,Lapsed
10318,5,2026-05-25,Lapsed
17044,1,2025-03-05,Active
18996,2,2025-12-06,Lapsed
17129,3,2026-06-26,Active
14488,4,2025-12-27,Active
3104,5,2024-07-15,Active
25334,1,2026-06-14,Active
8982,2,2026-05-23,Complete
13606,3,2025-07-08,Active
33539,4,2026-06-21,Active
13918,5,2026-06-29,Active
16841,1,2024-03-10,Active
50825,2,2026-06-14,Complete
49760,3,2025-10-14,Complete
36441,4,2025-07-31,Active
19585,5,2026-05-22,Active
24852,1,2025-01-22,Active
1812,2,2026-06-22,Active
27096,3,2026-02-05,Active
57136,4,2025-11-29,Active
55867,5,2024-07-14,Active
51010,1,2026-06-24,Active
13092,2,2025-08-31,Active
31845,3,2026-02-23,Active
20244,4,2025-08-10,Complete
39193,5,2026-06-22,Active
29285,1,2025-03-24,Active
5389,2,2026-06-25,Active
35039,3,2025-08-04,Active
31509,4,2025-01-22,Active
39661,5,2026-02-13,Complete
27692,1,2026-06-23,Active
15575,2,2024-07-07,Active
28986,3,2024-12-26,Active
5239,4,2025-12-21,Active
55384,5,2026-06-27,Active
38328,1,2025-05-04,Active
33342,2,2024-04-19,Active
4258,3,2026-02-19,Active
26948,4,2025-05-12,Active
14706,5,2025-09-13,Active
50385,1,2026-05-14,Complete
36947,2,2026-03-15,Active
52490,3,2026-06-21,Active
1104,4,2026-02-12,Active
36419,5,2026-06-15,Complete
39475,1,2026-06-26,Complete
57185,2,2026-04-23,Complete
65,3,2025-06-28,Active
56929,4,2026-05-21,Active
48773,5,2026-05-23,Complete
37859,1,2026-06-27,Active
56777,2,2026-05-19,Active
43313,3,2026-02-17,Complete
27481,4,2026-05-30,Active
55977,5,2026-06-28,Lapsed
40464,1,2025-01-02,Active
15309,2,2025-12-30,Complete
16634,3,2026-04-22,Lapsed
12707,4,2026-05-11,Active
34281,5,2026-01-24,Active
43586,1,2026-01-18,Complete
13925,2,2026-05-23,Active
15580,3,2024-02-23,Active
44495,4,2025-09-17,Complete
14259,5,2025-04-09,Active
6442,1,2024-01-25,Active
8195,2,2025-07-27,Active
37409,3,2026-06-07,Complete
17423,4,2026-04-02,Active
40846,5,2026-06-07,Active
45041,1,2025-12-06,Active
47967,2,2022-05-21,Lapsed
16310,3,2025-06-16,Active
4998,4,2024-04-17,Active
15839,5,2026-05-25,Active
26386,1,2026-05-11,Active
47113,2,2026-06-01,Active
4314,3,2026-03-04,Active
16337,4,2026-06-30,Active
6822,5,2024-02-12,Active
23237,1,2026-06-21,Active
42190,2,2026-06-25,Active
42452,3,2023-02-03,Active
10299,4,2026-04-30,Active
11433,5,2026-06-30,Active
37270,1,2025-09-06,Active
35516,2,2026-05-02,Lapsed
48340,3,2025-04-02,Active
54954,4,2026-01-20,Lapsed
13172,5,2025-07-11,Active
6729,1,2025-11-27,Active
12219,2,2024-07-05,Active
15960,3,2026-06-28,Active
37532,4,2026-04-02,Complete
32874,5,2025-04-01,Complete
53824,1,2026-03-04,Active
37695,2,2025-08-03,Active
39754,3,2026-04-19,Complete
144,4,2026-04-19,Active
21710,5,2026-05-28,Active
54654,1,2026-06-26,Active
24752,2,2024-12-08,Complete
32541,3,2026-02-06,Complete
41653,4,2026-06-09,Active
39918,5,2026-01-09,Active
6689,1,2025-12-05,Active
50773,2,2026-05-12,Active
43609,3,2026-05-11,Active
28307,4,2024-03-13,Active
28018,5,2026-04-13,Complete
3716,1,2026-05-09,Complete
58014,2,2026-02-20,Active
6212,3,2026-05-17,Active
30703,4,2026-04-30,Active
9548,5,2026-04-08,Active
13406,1,2026-06-27,Active
15318,2,2022-08-04,Complete
2294,3,2026-06-27,Complete
13409,4,2025-11-11,Lapsed
24267,5,2025-05-07,Active
49293,1,2025-12-09,Active
15454,2,2025-08-29,Complete
29048,3,2026-01-16,Active
4601,4,2026-04-08,Lapsed
35422,5,2026-05-13,Active
56981,1,2026-06-24,Active
46240,2,2025-12-19,Active
6278,3,2025-03-17,Active
27281,4,2026-06-25,Active
48042,5,2023-12-13,Active
28310,1,2026-05-19,Active
9583,2,2026-05-04,Active
3282,3,2025-08-06,Active
42065,4,2025-11-13,Active
9726,5,2026-03-05,Active
50630,1,2023-09-02,Active
20404,2,2025-04-08,Active
1051,3,2022-12-06,Active
7800,4,2026-03-29,Active
24941,5,2026-06-21,Active
38846,1,2026-01-15,Active
22650,2,2025-10-11,Active
27665,3,2025-12-09,Active
58256,4,2026-05-24,Active
14200,5,2026-04-18,Active
28826,1,2026-06-30,Active
34763,2,2026-06-29,Active
26188,3,2026-05-09,Active
47286,4,2024-12-02,Active
42178,5,2024-09-21,Complete
5949,1,2024-08-19,Active
1074,2,2026-03-05,Active
45323,3,2026-05-19,Complete
2513,4,2025-08-27,Complete
23397,5,2026-06-01,Active
59723,1,2026-01-07,Active
459,2,2026-06-08,Active
55439,3,2026-02-11,Active
4519,4,2026-06-27,Active
25589,5,2026-01-20,Active
52430,1,2025-11-28,Active
21444,2,2026-06-28,Complete
46264,3,2026-03-07,Active
45787,4,2026-06-26,Active
36439,5,2025-11-26,Complete
35397,1,2026-06-12,Active
27576,2,2025-07-05,Active
24678,3,2025-05-16,Active
28560,4,2025-10-01,Active
38325,5,2026-05-06,Lapsed
31795,1,2025-11-10,Complete
54872,2,2025-04-18,Complete
49632,3,2023-11-26,Active
42827,4,2026-04-30,Complete
14898,5,2026-01-07,Complete
1372,1,2025-10-16,Active
7907,2,2026-04-12,Complete
7194,3,2025-10-19,Complete
23946,4,2026-04-13,Complete
57536,5,2026-01-02,Complete
1954,1,2024-04-03,Active
30106,2,2026-06-14,Active
15441,3,2023-11-22,Active
51493,4,2026-05-30,Complete
1229,5,2026-03-20,Active
17583,1,2025-09-24,Active
32101,2,2025-05-29,Active
41203,3,2026-04-29,Active
18183,4,2026-06-22,Active
44432,5,2026-03-06,Active
45539,1,2026-06-23,Active
31591,2,2026-06-14,Active
51084,3,2025-07-18,Active
12945,4,2025-11-21,Active
41789,5,2023-04-30,Lapsed
37109,1,2025-03-03,Lapsed
12581,2,2025-09-27,Active
33046,3,2026-06-29,Complete
18205,4,2026-01-07,Active
18381,5,2023-12-22,Active
24774,1,2026-06-20,Active
52076,2,2024-10-05,Active
12885,3,2025-11-05,Complete
43735,4,2025-01-31,Active
29627,5,2025-11-03,Active
55119,1,2026-06-16,Active
25629,2,2026-06-21,Active
36403,3,2026-02-04,Active
30,4,2025-05-30,Active
54910,5,2026-05-31,Active
24631,1,2024-12-21,Active
30454,2,2024-11-11,Lapsed
30754,3,2025-02-24,Active
47339,4,2026-01-09,Complete
54039,5,2026-03-20,Active
24463,1,2026-05-05,Complete
34616,2,2026-05-21,Active
9204,3,2026-01-28,Active
55671,4,2026-06-30,Complete
25267,5,2026-02-20,Active
37107,1,2026-03-30,Active
59171,2,2026-06-14,Lapsed
33535,3,2026-03-07,Active
52766,4,2025-03-10,Active
19501,5,2024-12-04,Active
50874,1,2026-05-26,Active
35349,2,2025-10-26,Active
24920,3,2026-05-07,Complete
32037,4,2026-02-02,Active
15620,5,2024-07-19,Complete
7642,1,2026-06-18,Active
7900,2,2026-06-06,Active
6832,3,2026-01-05,Active
55674,4,2022-12-28,Active
29908,5,2026-06-10,Active
47394,1,2025-11-11,Active
11185,2,2023-11-10,Active
51294,3,2026-04-13,Complete
22630,4,2024-05-10,Active
43551,5,2026-05-26,Complete
2852,1,2026-04-24,Complete
17246,2,2026-04-30,Active
34625,3,2025-11-23,Complete
23566,4,2024-08-15,Active
2283,5,2026-06-14,Active
3340,1,2025-11-04,Active
23975,2,2025-04-01,Active
43604,3,2026-06-29,Active
58895,4,2026-03-18,Active
5651,5,2026-06-09,Active
57473,1,2025-12-12,Active
6391,2,2026-06-28,Active
28664,3,2025-10-20,Complete
1485,4,2025-06-29,Lapsed
5543,5,2025-09-03,Complete
12986,1,2026-05-06,Complete
15335,2,2026-06-26,Active
21928,3,2025-10-24,Complete
4242,4,2026-05-26,Complete
10662,5,2026-06-22,Active
41945,1,2026-06-13,Active
47906,2,2025-08-03,Active
2627,3,2026-06-09,Active
37207,4,2025-06-09,Active
26832,5,2026-05-22,Active
11982,1,2026-03-11,Active
16595,2,2024-12-10,Active
10180,3,2025-07-13,Active
39682,4,2025-01-16,Active
37465,5,2026-06-29,Active
58017,1,2024-07-11,Active
22607,2,2025-08-15,Active
17109,3,2025-10-24,Active
41919,4,2025-07-06,Active
17760,5,2026-06-30,Active
49218,1,2024-08-18,Complete
32085,2,2026-06-28,Complete
32829,3,2025-08-10,Active
2718,4,2024-01-28,Complete
26622,5,2024-03-20,Active
26667,1,2026-02-22,Active
24098,2,2026-04-17,Complete
47544,3,2026-06-12,Active
15003,4,2026-05-09,Active
3631,5,2025-08-15,Active
32403,1,2026-05-09,Active
13119,2,2026-04-26,Active
24085,3,2024-12-06,Active
3833,4,2026-01-14,Active
47899,5,2025-10-29,Active
33367,1,2026-03-14,Active
8020,2,2026-03-17,Active
14569,3,2025-10-19,Active
27990,4,2024-11-11,Active
33026,5,2026-06-30,Active
44832,1,2024-12-30,Active
27334,2,2026-05-18,Active
14581,3,2023-07-10,Complete
22632,4,2025-10-28,Complete
29033,5,2025-02-15,Complete
48150,1,2026-01-11,Active
54891,2,2025-12-31,Active
18238,3,2026-05-01,Active
46042,4,2023-01-05,Active
28477,5,2025-08-24,Complete
47883,1,2026-06-30,Complete
47520,2,2026-06-29,Complete
54275,3,2025-03-23,Active
32625,4,2021-11-25,Active
46589,5,2026-04-16,Complete
2441,1,2026-05-07,Active
39949,2,2025-11-28,Complete
21436,3,2025-04-01,Active
12059,4,2025-04-30,Active
40990,5,2024-12-01,Active
41771,1,2026-05-13,Active
22933,2,2025-10-13,Active
20795,3,2026-06-06,Active
30378,4,2026-01-17,Active
20930,5,2026-06-19,Lapsed
9418,1,2026-06-17,Active
18988,2,2026-01-24,Complete
19513,3,2025-09-06,Active
23942,4,2026-05-07,Active
34466,5,2026-04-30,Complete
15284,1,2026-06-12,Active
56498,2,2026-06-16,Active
37378,3,2025-06-30,Active
32941,4,2026-06-09,Active
1467,5,2026-06-12,Active
7191,1,2026-06-03,Active
22772,2,2025-04-30,Complete
20660,3,2026-02-11,Complete
32492,4,2026-06-16,Active
46749,5,2025-05-12,Complete
33816,1,2026-04-17,Active
14302,2,2025-04-08,Active
24936,3,2025-06-27,Complete
35782,4,2026-04-05,Lapsed
8509,5,2026-06-04,Active
16558,1,2023-12-06,Active
52265,2,2026-05-25,Lapsed
24776,3,2026-05-21,Active
21798,4,2026-06-15,Complete
51613,5,2024-04-12,Complete
54266,1,2024-09-09,Complete
58546,2,2025-12-28,Lapsed
51699,3,2026-05-22,Active
1544,4,2026-06-23,Active
24516,5,2026-02-19,Active
50474,1,2024-06-10,Active
2100,2,2026-06-30,Complete
36706,3,2026-05-16,Active
12910,4,2025-03-01,Complete
48961,5,2026-05-07,Active
1702,1,2025-08-19,Active
28605,2,2024-05-01,Complete
57256,3,2026-06-26,Complete
36232,4,2023-09-24,Active
7350,5,2026-06-13,Complete
38585,1,2025-11-11,Active
35143,2,2024-12-27,Complete
27615,3,2023-10-21,Lapsed
5403,4,2026-01-20,Active
35413,5,2025-09-21,Active
23472,1,2025-05-06,Active
21547,2,2026-06-15,Complete
24357,3,2024-06-27,Active
37236,4,2025-08-11,Lapsed
32135,5,2025-09-05,Active
11457,1,2025-01-16,Active
1651,2,2023-12-18,Active
28731,3,2025-09-22,Complete
46758,4,2026-05-05,Active
4401,5,2026-06-03,Active
129,1,2024-03-30,Lapsed
16436,2,2025-11-25,Active
24378,3,2026-06-13,Active
43843,4,2025-08-09,Lapsed
23524,5,2026-04-07,Active
51972,1,2025-03-21,Complete
8032,2,2026-01-08,Active
11262,3,2026-06-26,Active
14917,4,2025-11-25,Active
35242,5,2026-06-10,Active
4265,1,2025-10-02,Active
27771,2,2024-05-27,Active
535,3,2026-01-30,Active
48625,4,2026-04-06,Active
46124,5,2025-03-07,Active
34579,1,2025-02-15,Active
8303,2,2025-09-26,Complete
17120,3,2025-04-06,Active
8728,4,2024-11-06,Active
47,5,2024-01-13,Active
37696,1,2024-12-29,Active
23145,2,2025-07-24,Active
28400,3,2025-05-13,Active
33292,4,2026-06-24,Active
47463,5,2026-03-01,Complete
1147,1,2026-02-20,Active
56641,2,2026-04-06,Complete
46005,3,2026-01-29,Active
45000,4,2026-02-21,Complete
31281,5,2023-06-25,Active
34363,1,2026-06-11,Active
39151,2,2026-04-19,Complete
16214,3,2025-04-03,Active
2325,4,2026-03-06,Active
50735,5,2026-03-18,Complete
6153,1,2025-08-25,Active
32765,2,2026-05-23,Active
39068,3,2025-10-19,Active
32524,4,2026-06-02,Active
27675,5,2026-02-11,Complete
34055,1,2026-01-24,Lapsed
37876,2,2025-05-02,Active
39039,3,2026-06-29,Active
27095,4,2026-03-16,Active
41856,5,2024-12-18,Active
57669,1,2025-07-03,Active
36860,2,2025-03-01,Active
36511,3,2024-12-31,Complete
31193,4,2025-11-15,Complete
8574,5,2025-05-09,Active
18959,1,2026-06-16,Active
29127,2,2026-06-21,Active
26077,3,2026-01-09,Active
45659,4,2021-11-13,Active
19359,5,2024-11-26,Lapsed
47198,1,2025-12-31,Active
54620,2,2026-06-03,Active
4652,3,2026-05-18,Complete
22100,4,2026-03-03,Lapsed
55734,5,2024-03-07,Active
5624,1,2026-06-11,Lapsed
32362,2,2023-10-01,Active
35502,3,2026-01-19,Active
59886,4,2026-04-19,Complete
47296,5,2025-08-16,Lapsed
3974,1,2025-11-05,Active
2037,2,2026-06-15,Active
26444,3,2026-02-22,Active
2458,4,2024-11-04,Lapsed
39201,5,2023-09-05,Lapsed
59248,1,2026-02-02,Active
2164,2,2024-09-18,Active
38989,3,2026-05-28,Complete
17726,4,2025-11-09,Active
45034,5,2026-01-20,Active
10055,1,2023-05-22,Active
9026,2,2025-02-24,Complete
43835,3,2026-06-29,Complete
38778,4,2025-08-21,Active
55483,5,2026-04-03,Complete
34027,1,2023-06-15,Lapsed
23232,2,2025-04-11,Complete
46701,3,2025-06-11,Active
45869,4,2026-03-07,Complete
49775,5,2026-04-20,Active
44324,1,2024-07-25,Active
47240,2,2025-06-11,Active
27997,3,2026-03-16,Active
59042,4,2026-04-27,Active
43309,5,2025-04-16,Active
53588,1,2024-02-25,Active
18808,2,2023-01-11,Active
33840,3,2025-03-05,Active
51594,4,2025-01-22,Active
4916,5,2026-06-24,Active
58284,1,2026-06-01,Complete
4605,2,2024-08-08,Active
53269,3,2025-03-18,Complete
3975,4,2025-09-16,Complete
3881,5,2026-06-30,Active
35139,1,2026-05-27,Active
39875,2,2026-04-11,Complete
17913,3,2026-04-15,Active
26005,4,2026-05-12,Active
44347,5,2025-05-16,Active
35377,1,2026-03-24,Active
36133,2,2025-06-18,Active
30580,3,2026-06-25,Active
48932,4,2026-05-06,Active
58448,5,2026-03-14,Active
36896,1,2024-09-13,Active
1913,2,2023-06-14,Complete
34630,3,2025-03-11,Active
9456,4,2026-03-31,Active
29403,5,2026-03-16,Lapsed
2387,1,2026-06-17,Active
17713,2,2025-09-18,Active
27956,3,2026-05-28,Complete
53687,4,2025-08-31,Active
5619,5,2026-05-21,Active
18575,1,2025-09-29,Active
8465,2,2025-07-03,Complete
45344,3,2023-04-18,Active
52900,4,2026-05-10,Active
19601,5,2026-03-23,Active
26026,1,2026-05-03,Active
43392,2,2024-08-16,Lapsed
57391,3,2026-06-15,Complete
58129,4,2024-09-25,Complete
22421,5,2026-01-10,Active
31603,1,2025-12-23,Complete
48276,2,2023-11-23,Active
14119,3,2026-06-06,Active
1384,4,2026-02-06,Active
7218,5,2024-07-18,Active
53105,1,2025-10-31,Active
22739,2,2024-11-01,Active
25289,3,2025-09-26,Lapsed
52269,4,2026-03-31,Complete
55214,5,2025-02-25,Active
24406,1,2024-02-12,Lapsed
771,2,2024-12-05,Complete
36576,3,2024-09-16,Active
13262,4,2025-07-13,Complete
22984,5,2025-10-29,Active
7628,1,2026-06-28,Active
57935,2,2026-05-26,Lapsed
1859,3,2025-03-16,Active
56671,4,2026-02-24,Active
39968,5,2025-09-29,Active
32844,1,2025-10-08,Active
53644,2,2025-09-09,Active
24905,3,2025-06-04,Active
47160,4,2026-06-26,Complete
56428,5,2024-08-23,Active
36106,1,2026-03-15,Active
2415,2,2025-11-04,Active
15973,3,2024-10-03,Active
21819,4,2026-06-18,Active
4054,5,2026-04-25,Active
747,1,2026-06-08,Active
15890,2,2026-06-05,Lapsed
49569,3,2026-01-17,Lapsed
58306,4,2024-08-27,Active
28136,5,2024-12-16,Active
25975,1,2024-04-17,Lapsed
13517,2,2024-11-25,Lapsed
39262,3,2026-06-16,Active
56747,4,2026-04-27,Active
28383,5,2026-01-26,Lapsed
15523,1,2026-06-29,Complete
7534,2,2025-02-08,Complete
8959,3,2024-12-09,Complete
34406,4,2026-04-27,Active
44926,5,2026-06-06,Active
13137,1,2026-06-10,Complete
58538,2,2026-05-24,Active
58544,3,2026-01-13,Active
52638,4,2026-03-07,Active
49159,5,2025-12-31,Active
3427,1,2026-06-26,Lapsed
2122,2,2026-06-05,Active
18927,3,2026-03-07,Active
25407,4,2026-04-27,Active
26897,5,2025-09-30,Active
49269,1,2024-12-06,Active
18002,2,2022-04-10,Lapsed
26454,3,2026-05-30,Lapsed
51361,4,2026-06-20,Active
19838,5,2023-10-31,Active
12154,1,2025-09-05,Active
36864,2,2025-12-08,Active
47100,3,2025-12-22,Complete
19817,4,2025-12-20,Complete
36224,5,2026-06-21,Active
58531,1,2026-04-12,Complete
52722,2,2023-03-21,Active
25295,3,2026-05-12,Active
48966,4,2025-10-20,Active
55430,5,2026-06-02,Complete
58566,1,2024-01-04,Active
51616,2,2026-03-22,Active
55224,3,2026-05-25,Active
54294,4,2025-11-03,Active
50779,5,2026-05-22,Active
22616,1,2026-06-24,Active
41983,2,2026-04-12,Lapsed
55004,3,2026-06-30,Lapsed
55628,4,2024-12-21,Active
45713,5,2025-01-01,Active
49917,1,2024-12-05,Active
7213,2,2025-12-12,Complete
9084,3,2026-06-30,Active
56991,4,2024-08-27,Complete
20937,5,2026-05-18,Active
30935,1,2026-06-25,Active
57430,2,2026-06-29,Active
27909,3,2025-09-05,Complete
11634,4,2026-05-02,Lapsed
4927,5,2026-06-26,Active
25198,1,2025-12-08,Active
17243,2,2026-05-28,Complete
32497,3,2025-09-08,Active
42489,4,2026-05-23,Complete
3742,5,2026-04-02,Active
59846,1,2026-06-26,Complete
19837,2,2026-05-25,Complete
39066,3,2024-05-05,Complete
15676,4,2026-03-21,Active
8361,5,2025-04-17,Active
47751,1,2025-12-04,Active
18023,2,2024-05-19,Active
8227,3,2026-05-11,Complete
36347,4,2026-06-07,Complete
21549,5,2026-03-31,Active
38111,1,2026-03-23,Active
14350,2,2026-02-20,Active
35056,3,2026-06-03,Active
52995,4,2026-05-27,Complete
41324,5,2026-06-04,Active
16934,1,2026-04-20,Complete
31985,2,2026-03-25,Complete
33475,3,2024-11-24,Active
3898,4,2025-12-03,Active
24994,5,2026-02-05,Active
49393,1,2025-04-24,Active
45168,2,2026-06-30,Active
15015,3,2026-06-16,Complete
33107,4,2025-07-10,Active
36448,5,2025-07-05,Complete
36918,1,2026-04-09,Active
9123,2,2026-06-26,Active
58139,3,2026-01-10,Active
57485,4,2026-06-27,Active
45577,5,2025-10-12,Complete
32806,1,2026-04-14,Active
23578,2,2026-05-14,Lapsed
27329,3,2025-04-24,Active
31867,4,2026-06-26,Complete
13607,5,2024-09-21,Active
26130,1,2025-10-02,Active
35011,2,2026-05-19,Complete
14984,3,2025-03-06,Lapsed
42500,4,2026-06-24,Active
27780,5,2026-05-08,Active
54157,1,2025-01-19,Complete
46291,2,2025-12-12,Lapsed
15211,3,2025-12-26,Active
27737,4,2026-05-20,Active
57960,5,2025-08-14,Active
48099,1,2025-03-05,Active
2171,2,2026-05-09,Complete
59737,3,2026-05-26,Active
11568,4,2026-06-21,Complete
37791,5,2026-05-07,Active
46852,1,2026-06-12,Active
23599,2,2026-06-04,Active
37518,3,2024-06-09,Lapsed
41005,4,2026-06-12,Active
17336,5,2024-09-18,Active
54892,1,2025-09-20,Active
41294,2,2025-12-09,Active
18156,3,2024-12-10,Active
24729,4,2026-06-11,Active
56477,5,2025-05-03,Complete
39961,1,2026-06-17,Active
28553,2,2025-10-05,Active
53755,3,2026-04-15,Complete
44305,4,2026-06-19,Active
43179,5,2026-04-12,Active
3713,1,2025-10-22,Active
17767,2,2026-04-09,Complete
38094,3,2025-11-13,Active
8006,4,2022-05-07,Active
40964,5,2026-05-24,Active
32754,1,2025-09-08,Active
14726,2,2025-07-12,Active
28900,3,2025-11-10,Active
18559,4,2026-04-21,Active
56441,5,2025-08-13,Active
58852,1,2022-06-20,Complete
55953,2,2025-11-04,Active
3006,3,2025-07-24,Complete
33239,4,2026-06-30,Active
20090,5,2026-05-07,Active
59733,1,2024-08-11,Active
11652,2,2025-08-28,Active
4711,3,2025-12-20,Active
24329,4,2026-05-08,Complete
13674,5,2023-12-16,Active
47445,1,2025-11-12,Active
1178,2,2025-08-01,Active
50894,3,2026-06-29,Active
13698,4,2023-09-05,Active
1367,5,2024-02-04,Active
48352,1,2026-06-20,Lapsed
28545,2,2025-08-19,Active
19444,3,2025-07-19,Active
45322,4,2026-06-21,Complete
10295,5,2026-06-02,Active
11814,1,2026-02-23,Lapsed
19741,2,2026-06-09,Active
9904,3,2026-04-29,Active
15112,4,2025-06-03,Complete
43397,5,2026-01-18,Active
43419,1,2022-09-05,Active
31091,2,2026-06-23,Active
40319,3,2023-11-03,Active
24541,4,2025-06-30,Lapsed
14353,5,2025-12-25,Active
59240,1,2026-06-27,Active
58422,2,2026-06-09,Active
1957,3,2026-03-18,Active
48759,4,2025-02-01,Active
51250,5,2024-09-27,Complete
22160,1,2023-07-12,Complete
58105,2,2026-03-30,Active
48449,3,2024-07-02,Active
42207,4,2023-11-02,Active
43958,5,2026-04-24,Active
13144,1,2026-06-22,Active
13610,2,2022-08-11,Active
22363,3,2024-08-27,Active
50960,4,2026-06-27,Active
18334,5,2026-06-20,Active
58823,1,2026-03-17,Active
29602,2,2026-04-26,Active
45006,3,2026-06-21,Active
50906,4,2023-08-31,Complete
26595,5,2025-02-20,Active
30689,1,2026-03-17,Complete
45471,2,2026-05-21,Active
3,3,2025-02-01,Active
43939,4,2025-01-30,Active
49129,5,2026-06-28,Active
1238,1,2026-02-03,Active
30057,2,2026-04-12,Active
26553,3,2025-11-12,Complete
39347,4,2024-07-10,Lapsed
20145,5,2025-09-15,Active
29338,1,2026-06-29,Active
3814,2,2025-09-23,Active
47888,3,2026-03-31,Lapsed
42967,4,2025-03-15,Active
23639,5,2026-06-27,Lapsed
49693,1,2026-05-05,Lapsed
54967,2,2025-12-28,Active
47576,3,2025-10-13,Lapsed
58967,4,2026-06-06,Active
35691,5,2026-06-13,Active
58862,1,2026-04-15,Active
28775,2,2022-05-16,Active
31582,3,2024-04-05,Lapsed
6511,4,2025-11-28,Complete
39759,5,2024-07-16,Active
43792,1,2026-03-16,Active
12513,2,2025-08-30,Active
23834,3,2026-05-01,Active
32225,4,2025-11-14,Complete
2801,5,2026-02-10,Lapsed
13125,1,2026-06-05,Active
8864,2,2025-04-19,Active
54576,3,2025-06-29,Active
46911,4,2025-11-26,Active
29024,5,2025-12-20,Complete
22188,1,2026-06-20,Active
19320,2,2026-06-27,Active
50733,3,2024-05-14,Active
48667,4,2026-02-11,Complete
54242,5,2026-01-02,Active
21981,1,2026-02-28,Active
55717,2,2026-05-07,Lapsed
51088,3,2024-02-28,Lapsed
33604,4,2026-06-06,Active
12765,5,2025-11-17,Complete
44763,1,2026-02-24,Active
52968,2,2025-04-17,Active
18930,3,2026-06-11,Active
40465,4,2023-09-05,Active
55952,5,2026-03-05,Active
31910,1,2024-09-27,Active
32718,2,2025-07-13,Active
35938,3,2026-04-13,Active
46166,4,2026-06-10,Active
56930,5,2026-06-13,Complete
40431,1,2025-11-11,Active
35226,2,2026-03-22,Active
3465,3,2024-07-10,Active
49382,4,2022-05-20,Active
24680,5,2025-10-05,Active
29828,1,2025-11-07,Lapsed
41400,2,2026-03-07,Active
48418,3,2026-05-03,Complete
5820,4,2026-06-26,Complete
31863,5,2026-06-27,Active
22793,1,2026-05-02,Active
39781,2,2025-07-10,Active
38621,3,2026-01-07,Active
57213,4,2025-10-07,Lapsed
17352,5,2024-07-18,Active
46497,1,2026-06-12,Active
6113,2,2024-10-10,Complete
43327,3,2025-12-14,Active
58962,4,2026-06-13,Lapsed
27848,5,2024-09-25,Complete
2691,1,2025-11-19,Active
585,2,2026-05-31,Active
43629,3,2026-05-27,Lapsed
58582,4,2026-05-04,Active
3807,5,2026-03-05,Active
12873,1,2026-06-18,Active
39604,2,2026-05-12,Active
45426,3,2025-03-02,Active
52909,4,2026-06-26,Active
13382,5,2026-06-07,Active
2340,1,2026-03-28,Active
30803,2,2025-06-12,Active
6360,3,2024-12-22,Active
30061,4,2023-07-01,Active
38636,5,2025-10-24,Complete
23693,1,2026-05-24,Active
38830,2,2024-10-11,Complete
28334,3,2026-05-16,Lapsed
33048,4,2026-06-16,Active
56879,5,2025-06-08,Active
45274,1,2022-07-25,Complete
36661,2,2025-07-07,Active
3620,3,2025-08-29,Complete
17653,4,2026-02-18,Active
47779,5,2025-03-05,Active
409,1,2025-07-04,Active
12075,2,2025-06-23,Active
24658,3,2026-06-11,Active
20811,4,2025-11-19,Active
40122,5,2026-06-05,Active
45614,1,2026-01-30,Lapsed
54092,2,2025-12-17,Active
14053,3,2025-08-22,Active
2806,4,2026-06-22,Complete
34227,5,2026-06-25,Complete
27208,1,2025-03-02,Active
10696,2,2025-11-01,Active
25217,3,2026-05-21,Active
41493,4,2025-01-01,Lapsed
45211,5,2026-06-28,Complete
9048,1,2021-12-03,Active
17714,2,2026-01-03,Lapsed
56173,3,2026-05-20,Active
40684,4,2026-06-21,Active
14868,5,2026-04-18,Complete
26201,1,2025-01-29,Active
53422,2,2025-11-10,Active
31339,3,2023-02-04,Active
3583,4,2024-12-20,Lapsed
41272,5,2026-06-15,Active
12618,1,2026-05-27,Active
54558,2,2024-08-25,Active
39216,3,2022-07-25,Active
17553,4,2025-11-11,Active
57148,5,2025-12-29,Active
10490,1,2025-12-16,Active
5309,2,2023-08-28,Active
43552,3,2026-03-03,Active
52585,4,2026-04-30,Lapsed
44741,5,2025-08-04,Active
12463,1,2026-03-01,Active
13907,2,2022-10-15,Active
37914,3,2026-05-25,Complete
55414,4,2026-05-03,Active
28324,5,2026-06-29,Complete
55572,1,2022-11-29,Complete
6535,2,2023-11-23,Active
44146,3,2026-05-24,Complete
28663,4,2026-04-07,Complete
33473,5,2024-07-14,Complete
21621,1,2026-06-15,Active
32090,2,2025-01-29,Complete
3542,3,2025-07-17,Complete
17429,4,2024-05-31,Active
15075,5,2026-02-26,Complete
37035,1,2026-05-22,Active
3915,2,2026-06-28,Active
13005,3,2026-04-23,Active
34355,4,2026-02-01,Active
43982,5,2026-04-08,Active
3066,1,2023-03-16,Active
19593,2,2026-02-13,Lapsed
39319,3,2026-06-23,Complete
5905,4,2025-06-20,Lapsed
30655,5,2025-01-04,Active
39463,1,2026-06-10,Active
11911,2,2026-03-27,Complete
32768,3,2025-11-10,Active
17951,4,2025-01-14,Complete
24027,5,2026-03-02,Complete
46131,1,2026-06-07,Active
59815,2,2024-03-24,Lapsed
8114,3,2025-11-04,Active
1365,4,2026-06-03,Active
59794,5,2025-10-17,Active
32867,1,2026-06-05,Active
49262,2,2025-01-19,Active
58112,3,2026-06-15,Complete
13066,4,2026-06-24,Complete
19063,5,2026-01-10,Active
31194,1,2026-06-25,Active
51079,2,2025-10-30,Active
47391,3,2026-01-16,Active
40238,4,2025-06-17,Lapsed
57977,5,2026-04-25,Active
15253,1,2025-11-13,Active
35220,2,2026-05-03,Active
44757,3,2025-12-11,Active
8601,4,2026-04-19,Active
21657,5,2024-02-02,Complete
47060,1,2026-06-25,Active
7808,2,2025-10-22,Active
44973,3,2023-12-07,Lapsed
35988,4,2026-03-31,Complete
38455,5,2025-07-31,Active
29081,1,2026-05-14,Active
34565,2,2025-12-19,Active
56598,3,2025-05-18,Active
9160,4,2025-09-16,Active
20792,5,2025-08-10,Active
20774,1,2026-03-23,Complete
12525,2,2026-05-12,Active
1347,3,2026-06-14,Active
26315,4,2026-04-18,Complete
55518,5,2024-12-24,Active
14435,1,2024-12-23,Complete
16087,2,2025-12-10,Active
46928,3,2026-04-29,Active
5026,4,2026-06-28,Active
49934,5,2026-06-20,Active
31705,1,2025-08-12,Active
53352,2,2025-01-17,Lapsed
19461,3,2026-02-15,Lapsed
6142,4,2025-12-30,Lapsed
46847,5,2026-03-28,Active
15209,1,2026-03-08,Active
5522,2,2025-11-03,Active
36361,3,2026-06-30,Active
51853,4,2026-01-23,Complete
41838,5,2024-03-17,Active
24877,1,2026-06-25,Complete
19466,2,2023-10-29,Complete
4590,3,2026-06-30,Active
1046,4,2026-02-09,Complete
39650,5,2026-04-02,Active
29593,1,2022-04-05,Active
35362,2,2024-01-17,Active
38466,3,2023-05-28,Active
39524,4,2023-06-11,Complete
13050,5,2025-12-19,Complete
35058,1,2026-02-23,Active
55058,2,2024-08-17,Active
39834,3,2025-11-17,Active
39881,4,2026-04-30,Complete
43497,5,2026-06-28,Active
59587,1,2026-05-17,Active
35006,2,2026-05-20,Active
19464,3,2026-06-08,Active
5691,4,2025-05-01,Active
1728,5,2025-05-10,Lapsed
33587,1,2026-06-19,Active
46084,2,2025-11-28,Active
25518,3,2026-05-13,Active
33839,4,2025-06-11,Complete
44531,5,2025-11-25,Active
1990,1,2026-01-28,Active
27179,2,2025-12-15,Active
56114,3,2024-07-09,Complete
27550,4,2026-01-05,Complete
36438,5,2026-05-10,Complete
27135,1,2025-09-04,Complete
58081,2,2025-07-30,Complete
36617,3,2024-07-19,Active
21213,4,2024-10-06,Complete
2552,5,2026-05-10,Active
42121,1,2022-05-04,Active
34981,2,2026-05-11,Active
21386,3,2026-06-28,Active
3083,4,2026-05-15,Active
54238,5,2025-05-10,Active
11771,1,2025-05-13,Active
7451,2,2026-06-05,Active
24672,3,2026-06-21,Active
33936,4,2024-09-15,Active
42712,5,2026-04-03,Active
39478,1,2026-06-17,Active
32877,2,2023-09-13,Active
48609,3,2026-06-14,Complete
41026,4,2025-05-16,Active
35486,5,2026-02-01,Lapsed
35592,1,2024-09-23,Active
55352,2,2026-02-20,Active
36472,3,2023-02-16,Active
51155,4,2026-02-17,Active
5646,5,2026-06-22,Active
12469,1,2023-08-11,Active
13875,2,2026-05-12,Lapsed
54435,3,2026-05-03,Complete
35573,4,2022-08-27,Active
1320,5,2026-02-26,Complete
44260,1,2026-04-19,Lapsed
15146,2,2024-12-26,Active
47187,3,2026-06-30,Complete
54217,4,2026-01-21,Active
28969,5,2026-04-18,Active
195,1,2025-08-27,Lapsed
7296,2,2026-01-13,Complete
10232,3,2026-06-22,Active
7177,4,2025-09-24,Active
59026,5,2025-05-08,Active
52413,1,2026-05-21,Active
13933,2,2024-02-07,Lapsed
49339,3,2026-01-30,Active
40372,4,2026-06-13,Active
50509,5,2026-04-10,Active
11021,1,2026-06-27,Active
6513,2,2026-06-13,Active
46243,3,2026-04-21,Active
38842,4,2026-01-29,Active
4870,5,2026-04-01,Active
39397,1,2024-03-11,Active
31409,2,2024-12-05,Active
4366,3,2026-06-20,Active
28729,4,2026-06-21,Complete
27563,5,2025-04-22,Lapsed
16138,1,2025-09-01,Active
48503,2,2025-08-05,Active
33959,3,2026-06-14,Active
48477,4,2026-04-17,Active
2994,5,2025-05-05,Active
5375,1,2026-05-27,Active
15130,2,2026-02-15,Active
19442,3,2026-06-29,Complete
5258,4,2023-06-26,Active
52962,5,2026-01-22,Complete
2503,1,2026-06-01,Active
8119,2,2024-05-18,Active
55041,3,2026-06-20,Active
985,4,2026-03-09,Lapsed
36191,5,2026-06-04,Active
15179,1,2026-04-08,Complete
39345,2,2025-11-04,Active
43799,3,2026-06-17,Complete
45829,4,2026-04-01,Active
24688,5,2024-10-11,Lapsed
44246,1,2026-02-21,Active
33696,2,2025-05-24,Active
12220,3,2023-09-20,Active
26507,4,2026-03-31,Active
27912,5,2026-03-08,Active
39732,1,2026-05-11,Complete
208,2,2026-01-14,Active
31085,3,2026-02-16,Active
20159,4,2025-10-06,Active
19978,5,2026-04-11,Complete
39217,1,2025-05-24,Active
59402,2,2026-06-23,Active
34615,3,2024-06-15,Active
27336,4,2026-03-11,Active
33053,5,2026-06-11,Active
26428,1,2026-01-12,Complete
7676,2,2026-02-28,Active
48063,3,2026-05-22,Active
45690,4,2026-01-28,Active
32034,5,2026-06-15,Complete
14517,1,2026-05-03,Complete
41065,2,2025-07-06,Active
43605,3,2025-07-08,Active
54452,4,2025-01-11,Active
5294,5,2026-06-22,Active
22174,1,2024-11-10,Complete
32005,2,2025-12-08,Active
10017,3,2026-06-17,Complete
10389,4,2026-05-21,Active
33413,5,2026-06-29,Active
8228,1,2026-05-21,Active
19169,2,2026-03-30,Active
48180,3,2025-03-28,Active
11175,4,2026-06-03,Lapsed
39071,5,2026-03-11,Active
713,1,2026-03-12,Active
47434,2,2026-03-25,Active
56357,3,2025-11-28,Active
8282,4,2026-05-31,Active
9804,5,2026-05-30,Complete
5286,1,2026-04-01,Complete
12609,2,2026-01-02,Active
42694,3,2025-11-03,Active
34574,4,2026-06-21,Complete
28181,5,2025-05-26,Active
31469,1,2024-05-17,Complete
28500,2,2025-12-16,Lapsed
52444,3,2026-06-13,Active
7476,4,2026-01-16,Complete
13379,5,2025-04-26,Complete
3730,1,2026-05-19,Lapsed
42084,2,2025-11-08,Complete
5188,3,2026-06-23,Active
39341,4,2026-03-27,Active
15066,5,2026-06-19,Active
1993,1,2026-06-03,Active
49366,2,2025-02-23,Active
46031,3,2025-06-09,Active
32326,4,2026-03-13,Complete
7512,5,2026-01-22,Active
2553,1,2026-06-30,Complete
9846,2,2026-05-12,Lapsed
39365,3,2023-10-10,Active
38069,4,2026-04-09,Active
37917,5,2024-10-26,Active
22845,1,2026-05-05,Active
3395,2,2025-10-11,Active
50721,3,2026-06-30,Active
59593,4,2024-12-09,Active
29178,5,2025-07-29,Active
27459,1,2025-02-11,Active
20013,2,2025-05-17,Active
48128,3,2023-05-29,Active
24206,4,2026-01-15,Complete
24923,5,2026-02-23,Lapsed
30685,1,2026-06-16,Active
35720,2,2026-02-17,Active
44415,3,2026-01-11,Active
27824,4,2026-06-20,Active
50592,5,2023-03-19,Active
51672,1,2026-04-17,Active
47530,2,2026-01-12,Active
17059,3,2026-01-22,Active
21149,4,2025-02-05,Active
27041,5,2025-06-22,Complete
19663,1,2026-06-04,Complete
50690,2,2026-01-24,Complete
38539,3,2026-04-10,Active
59778,4,2023-03-11,Active
11016,5,2026-06-27,Active
55583,1,2026-05-09,Active
45813,2,2026-04-21,Complete
48287,3,2025-04-13,Lapsed
57920,4,2024-12-19,Active
21905,5,2025-10-21,Complete
15493,1,2026-05-24,Complete
41999,2,2025-11-21,Active
4955,3,2026-05-11,Active
29962,4,2026-06-28,Active
40435,5,2026-02-12,Lapsed
18336,1,2024-03-06,Complete
55008,2,2025-12-10,Active
1128,3,2026-02-18,Lapsed
15232,4,2024-09-02,Active
50416,5,2026-02-25,Active
49399,1,2025-10-11,Active
34787,2,2023-11-28,Complete
20913,3,2023-11-01,Active
24830,4,2026-06-12,Active
56674,5,2024-07-07,Active
47185,1,2026-04-05,Lapsed
50189,2,2026-06-27,Active
1673,3,2026-02-18,Complete
10446,4,2026-06-23,Active
37759,5,2026-02-13,Lapsed
48713,1,2026-05-28,Active
48536,2,2025-11-16,Active
32233,3,2026-05-02,Complete
55855,4,2024-09-06,Active
29150,5,2024-10-05,Complete
15644,1,2026-01-22,Active
11366,2,2026-06-23,Complete
41018,3,2026-06-20,Active
31641,4,2025-11-05,Complete
22261,5,2026-06-11,Active
28053,1,2026-03-16,Active
45939,2,2026-05-14,Active
58413,3,2025-05-20,Active
46228,4,2026-05-29,Active
57426,5,2025-12-27,Active
51849,1,2022-09-25,Active
18896,2,2026-02-26,Complete
11562,3,2026-01-19,Complete
36315,4,2026-05-21,Complete
30788,5,2025-02-28,Active
42377,1,2026-06-27,Active
55881,2,2026-04-11,Active
59277,3,2026-02-21,Active
14280,4,2025-10-15,Complete
18735,5,2026-03-25,Active
24967,1,2025-05-23,Complete
52021,2,2026-01-13,Lapsed
3351,3,2024-10-16,Lapsed
56107,4,2024-10-16,Active
14239,5,2026-03-02,Complete
31649,1,2026-01-07,Active
24205,2,2025-11-03,Active
32244,3,2025-08-26,Active
50378,4,2026-04-29,Active
55922,5,2025-01-26,Complete
48085,1,2024-10-31,Active
35614,2,2021-04-08,Active
28971,3,2026-04-16,Active
35112,4,2024-10-20,Active
4009,5,2025-12-22,Active
39094,1,2026-03-15,Active
39450,2,2024-09-13,Active
27927,3,2024-12-02,Active
45968,4,2025-06-02,Complete
13714,5,2026-05-13,Complete
27622,1,2025-05-20,Active
34876,2,2023-05-10,Active
43742,3,2026-03-04,Lapsed
59704,4,2023-02-28,Active
41800,5,2024-05-01,Active
33560,1,2025-06-20,Active
16919,2,2026-04-08,Complete
57378,3,2026-06-23,Active
21721,4,2026-05-18,Active
26691,5,2023-08-22,Active
10774,1,2026-06-23,Active
31831,2,2026-03-18,Complete
52203,3,2026-06-12,Active
57876,4,2025-06-13,Complete
58344,5,2025-10-03,Active
35087,1,2024-03-02,Active
21571,2,2026-03-10,Active
59080,3,2024-02-04,Active
46563,4,2024-12-12,Complete
36109,5,2025-02-06,Lapsed
20343,1,2025-11-17,Active
38340,2,2025-07-25,Lapsed
42715,3,2025-07-31,Active
12839,4,2026-06-08,Active
25191,5,2026-03-11,Lapsed
4674,1,2025-02-17,Active
40601,2,2026-04-16,Active
34020,3,2026-02-26,Active
30591,4,2026-01-28,Active
16084,5,2026-04-17,Active
53147,1,2024-04-02,Active
23780,2,2025-12-27,Lapsed
52093,3,2023-07-07,Active
36744,4,2025-09-07,Active
22558,5,2026-05-29,Active
34068,1,2025-07-20,Complete
7699,2,2024-05-11,Lapsed
18633,3,2025-08-24,Active
10920,4,2025-03-04,Complete
12317,5,2026-04-27,Active
15438,1,2025-07-26,Complete
42073,2,2026-06-30,Active
2341,3,2026-06-07,Active
16088,4,2026-04-26,Active
15166,5,2024-12-30,Active
36131,1,2025-06-08,Active
59318,2,2025-05-21,Lapsed
28648,3,2025-04-23,Lapsed
9115,4,2023-08-29,Lapsed
12967,5,2026-06-05,Active
38361,1,2025-01-31,Complete
48448,2,2026-06-26,Active
59453,3,2025-06-26,Active
27994,4,2025-12-12,Lapsed
32289,5,2026-03-04,Active
25187,1,2026-05-20,Active
42952,2,2025-08-13,Active
24944,3,2026-05-16,Complete
41699,4,2024-10-03,Active
34893,5,2025-09-15,Active
21324,1,2025-05-24,Active
38613,2,2026-05-27,Active
40463,3,2025-07-28,Active
35750,4,2024-11-28,Active
26343,5,2026-05-16,Active
25211,1,2025-01-09,Active
18087,2,2025-11-28,Active
46615,3,2024-09-03,Active
39337,4,2025-08-15,Active
19826,5,2026-02-23,Active
48327,1,2026-05-05,Active
12924,2,2025-04-22,Active
5064,3,2026-02-17,Active
19862,4,2024-07-22,Active
1476,5,2023-09-26,Active
29973,1,2026-06-28,Active
55617,2,2026-06-08,Active
6763,3,2026-05-20,Active
9397,4,2026-05-30,Complete
28532,5,2024-10-17,Lapsed
37287,1,2026-06-26,Active
22743,2,2026-05-13,Complete
48613,3,2023-08-15,Active
55071,4,2026-05-14,Complete
9428,5,2026-04-24,Active
28639,1,2025-09-02,Active
13774,2,2025-10-15,Active
50513,3,2026-03-24,Complete
19657,4,2026-05-28,Active
24873,5,2025-12-10,Lapsed
23339,1,2024-08-11,Active
48290,2,2026-01-13,Complete
17181,3,2026-06-27,Active
51783,4,2025-12-13,Active
40025,5,2025-10-27,Lapsed
1847,1,2024-05-04,Complete
21072,2,2026-03-30,Active
50795,3,2025-08-28,Active
29426,4,2025-02-08,Active
17239,5,2026-06-13,Active
26650,1,2024-08-14,Lapsed
51430,2,2026-01-29,Active
26461,3,2026-06-24,Complete
33670,4,2022-07-21,Active
34210,5,2024-09-24,Complete
47252,1,2023-07-16,Active
15799,2,2026-04-08,Active
29967,3,2024-04-03,Active
4938,4,2026-04-26,Complete
9134,5,2025-05-20,Active
21741,1,2026-04-18,Active
31264,2,2026-06-05,Active
49915,3,2025-06-30,Active
53058,4,2026-06-30,Complete
26570,5,2026-01-30,Lapsed
46410,1,2025-12-15,Active
9839,2,2026-02-07,Active
41354,3,2024-06-16,Active
46283,4,2026-03-20,Complete
7127,5,2026-06-21,Active
55576,1,2026-02-10,Active
26205,2,2026-06-29,Active
4131,3,2026-04-27,Active
54981,4,2025-12-31,Lapsed
50295,5,2023-08-29,Active
6781,1,2025-09-09,Complete
27813,2,2026-02-10,Active
9791,3,2026-03-03,Active
33215,4,2026-04-14,Complete
9287,5,2025-09-06,Active
25313,1,2026-04-15,Active
31342,2,2026-06-19,Active
45406,3,2024-01-24,Lapsed
39334,4,2026-06-13,Active
9681,5,2023-07-10,Active
8440,1,2025-04-27,Active
4684,2,2026-04-16,Lapsed
58298,3,2026-05-30,Active
27684,4,2024-11-16,Active
4193,5,2025-12-06,Complete
39254,1,2025-09-13,Active
10294,2,2025-07-31,Active
15113,3,2026-06-14,Active
56078,4,2025-10-17,Complete
49240,5,2024-07-24,Active
25458,1,2026-03-07,Active
29782,2,2026-06-30,Active
37762,3,2026-05-10,Complete
36503,4,2026-03-12,Active
46581,5,2026-03-03,Active
56023,1,2026-06-13,Active
13656,2,2026-06-16,Active
20304,3,2025-09-20,Active
10425,4,2026-06-15,Active
38039,5,2025-01-04,Active
48431,1,2026-05-13,Active
24297,2,2026-05-25,Active
29095,3,2025-09-04,Active
33186,4,2025-05-30,Lapsed
4039,5,2026-05-13,Active
7588,1,2026-06-22,Active
46036,2,2026-04-11,Active
37313,3,2026-04-28,Complete
56950,4,2025-06-01,Active
28613,5,2025-02-10,Active
50924,1,2026-02-25,Active
55246,2,2026-04-16,Complete
25233,3,2025-10-12,Active
37043,4,2023-11-01,Complete
2048,5,2023-02-09,Active
21154,1,2025-06-07,Active
26696,2,2026-03-28,Complete
39207,3,2025-10-12,Complete
57757,4,2025-01-23,Active
42555,5,2026-05-29,Active
13483,1,2025-02-05,Active
22400,2,2026-04-29,Active
38735,3,2025-09-07,Lapsed
22682,4,2023-01-04,Complete
41759,5,2026-05-21,Lapsed
51164,1,2025-04-18,Lapsed
48330,2,2025-09-04,Lapsed
22217,3,2026-02-09,Active
40253,4,2024-04-02,Active
15042,5,2026-06-20,Active
43694,1,2024-05-29,Lapsed
9935,2,2026-05-15,Active
6257,3,2025-06-06,Lapsed
44331,4,2025-10-02,Active
56673,5,2026-05-12,Active
51570,1,2025-12-14,Active
2517,2,2026-03-02,Active
16328,3,2025-04-11,Lapsed
33891,4,2026-06-30,Active
23525,5,2026-06-18,Active
11336,1,2024-10-15,Lapsed
30160,2,2023-10-10,Active
21550,3,2025-12-04,Lapsed
52628,4,2025-11-08,Complete
42226,5,2026-04-29,Active
57588,1,2025-08-14,Complete
13207,2,2026-06-16,Lapsed
54400,3,2026-06-20,Lapsed
15394,4,2026-02-24,Active
29933,5,2026-06-01,Active
9807,1,2025-06-02,Lapsed
59327,2,2024-10-27,Active
51980,3,2026-06-13,Active
15063,4,2026-06-14,Active
5896,5,2026-06-07,Active
32839,1,2025-11-11,Active
4170,2,2026-02-10,Complete
5183,3,2025-09-02,Lapsed
48774,4,2023-11-12,Active
33906,5,2025-06-06,Active
16979,1,2026-03-29,Complete
38983,2,2025-12-05,Active
4319,3,2026-06-14,Active
57465,4,2026-05-18,Active
19375,5,2025-11-20,Active
4342,1,2025-10-09,Active
11422,2,2026-06-02,Active
23390,3,2025-12-04,Active
49619,4,2026-04-04,Complete
39700,5,2026-03-03,Complete
56314,1,2026-02-05,Active
57288,2,2026-06-18,Active
25317,3,2026-06-22,Active
12664,4,2024-01-11,Active
12069,5,2025-01-05,Complete
45857,1,2024-01-03,Active
41777,2,2023-11-28,Active
39456,3,2026-03-29,Complete
3044,4,2026-06-28,Complete
54494,5,2026-06-21,Active
42948,1,2026-05-12,Active
22269,2,2025-10-07,Active
7360,3,2026-06-20,Active
23216,4,2026-03-14,Lapsed
53345,5,2025-04-26,Active
49710,1,2025-03-24,Lapsed
35450,2,2024-11-09,Active
57041,3,2026-03-27,Active
24780,4,2025-07-11,Active
55767,5,2026-06-07,Active
4699,1,2025-05-18,Active
54762,2,2024-07-02,Active
32998,3,2023-04-09,Complete
57694,4,2026-06-27,Active
18851,5,2024-11-23,Active
36793,1,2026-05-23,Active
50687,2,2026-06-25,Lapsed
4493,3,2026-05-24,Active
36255,4,2026-06-10,Lapsed
34708,5,2025-09-25,Active
6326,1,2025-12-24,Active
26430,2,2025-12-04,Active
43790,3,2026-04-17,Active
34603,4,2026-03-27,Active
440,5,2026-06-08,Active
5168,1,2026-05-19,Active
55795,2,2026-05-06,Active
42210,3,2026-01-23,Complete
39141,4,2023-03-02,Active
3581,5,2026-04-10,Complete
42315,1,2026-03-18,Active
58929,2,2023-11-15,Active
50154,3,2026-06-23,Active
8264,4,2026-01-03,Complete
31023,5,2024-05-03,Active
56444,1,2025-08-11,Active
925,2,2025-11-07,Lapsed
14869,3,2026-06-10,Active
16281,4,2024-12-09,Active
52559,5,2025-06-10,Active
13668,1,2025-10-11,Active
37802,2,2024-08-24,Active
19443,3,2025-02-02,Active
57010,4,2026-01-12,Active
30578,5,2025-01-19,Active
43844,1,2026-06-11,Active
18906,2,2023-12-16,Active
17106,3,2024-07-14,Active
42205,4,2025-06-09,Active
59862,5,2024-06-27,Active
42530,1,2026-02-07,Complete
29701,2,2025-12-09,Active
35030,3,2026-05-19,Active
13247,4,2026-04-13,Active
34521,5,2025-08-18,Lapsed
39271,1,2026-02-26,Active
23308,2,2026-06-25,Active
58323,3,2025-07-01,Active
44218,4,2025-03-18,Lapsed
53156,5,2026-06-29,Active
32377,1,2026-06-26,Complete
50742,2,2026-01-25,Active
16259,3,2025-07-25,Active
53062,4,2025-04-08,Active
30611,5,2026-03-14,Lapsed
51148,1,2026-06-19,Complete
20788,2,2026-06-30,Active
48247,3,2026-05-17,Active
12113,4,2026-06-13,Complete
7731,5,2024-11-27,Active
46297,1,2022-03-01,Active
28257,2,2026-05-20,Active
7050,3,2025-03-08,Complete
12559,4,2026-05-27,Active
31522,5,2025-11-15,Active
44895,1,2025-02-12,Active
25231,2,2024-03-28,Active
16065,3,2026-03-10,Active
47125,4,2026-03-25,Active
11623,5,2026-05-29,Active
57653,1,2024-11-11,Active
46343,2,2026-03-27,Active
32008,3,2026-05-03,Complete
14122,4,2026-06-19,Complete
7602,5,2026-06-29,Complete
6641,1,2026-06-08,Active
44989,2,2026-04-25,Active
28830,3,2025-10-25,Active
23500,4,2026-02-23,Active
43808,5,2023-02-25,Active
46632,1,2025-11-07,Complete
20951,2,2026-06-08,Active
22091,3,2025-11-21,Complete
7333,4,2025-07-09,Complete
27502,5,2026-06-27,Active
30777,1,2024-10-29,Active
43354,2,2026-02-16,Active
59348,3,2026-04-27,Active
23068,4,2026-05-23,Active
13360,5,2025-05-02,Active
35807,1,2026-06-29,Lapsed
18317,2,2026-05-20,Lapsed
51237,3,2024-06-25,Active
9835,4,2026-01-28,Active
26879,5,2024-07-19,Active
30607,1,2022-03-11,Active
22645,2,2025-07-20,Active
207,3,2026-03-17,Active
26816,4,2026-06-23,Active
39708,5,2025-10-20,Active
43682,1,2025-10-15,Lapsed
35044,2,2026-01-18,Active
34777,3,2026-02-05,Active
31126,4,2024-12-24,Active
4097,5,2025-04-24,Complete
42864,1,2025-05-10,Active
40782,2,2026-06-28,Complete
52725,3,2025-12-17,Active
3317,4,2025-01-30,Lapsed
24754,5,2026-06-20,Complete
28032,1,2025-03-02,Active
59731,2,2026-04-28,Lapsed
50130,3,2026-06-30,Active
3253,4,2025-06-25,Active
30008,5,2024-08-06,Complete
18286,1,2026-06-23,Lapsed
49000,2,2025-04-23,Active
6275,3,2024-07-14,Active
38307,4,2026-03-10,Active
23712,5,2026-04-29,Active
17605,1,2025-03-16,Complete
25726,2,2025-01-30,Active
48213,3,2024-08-29,Active
58894,4,2026-06-18,Active
29392,5,2025-07-17,Active
1884,1,2025-09-05,Active
47155,2,2026-04-28,Active
15557,3,2026-02-14,Active
10622,4,2026-05-06,Active
43298,5,2026-06-26,Complete
49502,1,2024-07-03,Lapsed
49053,2,2024-12-16,Active
9183,3,2025-12-03,Active
32109,4,2025-05-08,Lapsed
34559,5,2023-03-16,Complete
24365,1,2025-06-30,Lapsed
31136,2,2026-06-19,Active
2361,3,2025-06-30,Active
32911,4,2025-03-08,Complete
22162,5,2026-06-23,Active
29536,1,2026-04-26,Active
2152,2,2026-04-07,Active
57334,3,2025-12-26,Active
58230,4,2026-06-28,Lapsed
44242,5,2026-04-10,Lapsed
34296,1,2024-08-05,Complete
29805,2,2026-06-19,Active
34819,3,2025-04-23,Complete
14670,4,2026-06-24,Active
32299,5,2024-12-11,Active
5670,1,2026-01-15,Active
18592,2,2026-03-29,Active
23965,3,2025-12-27,Active
29753,4,2026-06-29,Active
31158,5,2026-04-08,Active
59526,1,2026-04-30,Complete
15840,2,2026-05-06,Active
7889,3,2025-06-17,Active
3911,4,2026-05-02,Active
15142,5,2026-01-24,Active
13993,1,2025-07-27,Active
15352,2,2022-07-13,Lapsed
44195,3,2023-12-12,Complete
38781,4,2026-06-26,Active
19707,5,2024-12-11,Active
27293,1,2025-07-20,Active
32057,2,2026-04-30,Lapsed
53374,3,2026-06-04,Active
54165,4,2024-11-29,Complete
49347,5,2026-04-27,Lapsed
31686,1,2026-06-16,Active
2311,2,2026-03-26,Active
23396,3,2026-06-26,Active
58376,4,2026-04-24,Active
48026,5,2023-03-19,Active
11515,1,2025-09-27,Active
38810,2,2026-02-18,Active
31014,3,2026-06-22,Active
53695,4,2025-11-05,Active
4066,5,2025-05-18,Complete
31183,1,2025-05-06,Complete
20416,2,2026-05-05,Active
7960,3,2026-06-29,Active
58375,4,2025-12-12,Active
54720,5,2026-06-09,Active
31898,1,2026-02-19,Active
38407,2,2026-03-18,Complete
41424,3,2026-05-15,Active
6286,4,2025-05-16,Active
20738,5,2026-06-24,Active
34016,1,2026-01-20,Active
9893,2,2024-08-17,Active
37129,3,2025-03-26,Active
23059,4,2026-06-30,Complete
13148,5,2025-02-15,Active
38452,1,2026-04-09,Active
19594,2,2026-06-27,Active
746,3,2024-10-08,Active
9870,4,2024-09-28,Active
57280,5,2026-05-16,Active
56941,1,2026-05-18,Complete
58577,2,2026-03-27,Active
4620,3,2026-02-27,Active
20940,4,2024-01-16,Complete
46594,5,2026-06-04,Active
31188,1,2024-12-14,Active
13645,2,2024-01-09,Active
50236,3,2025-01-14,Active
33032,4,2026-02-01,Active
1738,5,2026-04-23,Complete
54865,1,2026-02-01,Active
49046,2,2026-05-28,Active
42038,3,2025-07-01,Lapsed
34096,4,2023-09-13,Complete
38365,5,2025-04-03,Active
53205,1,2023-05-07,Complete
38533,2,2026-01-13,Active
2497,3,2026-03-10,Active
23535,4,2025-03-14,Lapsed
47432,5,2026-05-12,Active
2819,1,2026-02-21,Active
15288,2,2026-06-10,Active
14924,3,2025-10-13,Active
19180,4,2025-12-09,Active
8269,5,2026-05-18,Complete
42425,1,2026-02-16,Active
47208,2,2026-06-29,Active
58842,3,2026-03-31,Complete
8503,4,2026-06-29,Active
59523,5,2026-06-28,Complete
51110,1,2026-05-15,Active
6839,2,2026-03-20,Active
32899,3,2026-05-31,Active
55807,4,2026-05-25,Complete
51581,5,2026-01-05,Active
34246,1,2026-05-02,Lapsed
16224,2,2025-10-12,Complete
47058,3,2023-07-18,Active
11160,4,2025-09-07,Complete
57235,5,2026-06-18,Complete
4387,1,2026-02-04,Lapsed
18594,2,2024-07-01,Active
10237,3,2026-05-27,Active
25872,4,2025-08-11,Complete
25041,5,2024-05-14,Complete
21752,1,2026-03-29,Active
23295,2,2024-08-10,Active
46207,3,2026-04-21,Active
8446,4,2026-06-26,Active
47047,5,2025-01-18,Complete
45736,1,2025-06-23,Lapsed
34580,2,2024-07-26,Complete
11205,3,2026-01-14,Lapsed
20497,4,2026-05-19,Active
52985,5,2025-09-03,Active
37483,1,2026-05-30,Complete
50665,2,2024-08-14,Lapsed
22079,3,2024-01-15,Complete
7880,4,2023-06-21,Active
52482,5,2024-06-14,Active
57657,1,2026-04-28,Active
48214,2,2026-03-02,Active
45578,3,2026-06-29,Lapsed
5320,4,2025-11-19,Active
39735,5,2025-11-07,Active
28841,1,2026-03-26,Lapsed
53778,2,2024-05-06,Active
54768,3,2025-07-14,Lapsed
34769,4,2025-05-12,Active
59628,5,2026-06-04,Active
17695,1,2025-10-13,Active
14437,2,2026-05-24,Active
12170,3,2026-03-12,Active
9586,4,2025-08-02,Active
41711,5,2026-04-18,Active
57033,1,2026-05-24,Active
22678,2,2026-04-30,Active
49674,3,2026-03-23,Active
1241,4,2025-05-27,Active
37299,5,2026-05-11,Complete
36549,1,2026-06-26,Active
32428,2,2025-05-16,Complete
18221,3,2026-05-22,Active
23158,4,2026-01-24,Active
9602,5,2026-04-11,Complete
14324,1,2024-06-07,Active
12539,2,2025-06-25,Complete
671,3,2025-10-09,Active
13326,4,2026-06-29,Complete
3914,5,2025-02-20,Active
49611,1,2026-06-15,Active
47976,2,2024-12-29,Lapsed
51374,3,2025-06-22,Active
37798,4,2023-02-27,Complete
22680,5,2026-01-24,Active
10918,1,2024-09-14,Complete
4456,2,2026-01-06,Active
18134,3,2026-06-14,Active
35014,4,2023-05-05,Active
1772,5,2025-08-06,Lapsed
17132,1,2026-04-08,Active
54992,2,2023-04-10,Active
18702,3,2026-02-12,Active
10724,4,2026-05-06,Active
36100,5,2026-02-20,Active
42962,1,2026-05-10,Complete
58123,2,2026-02-12,Active
1140,3,2026-06-04,Active
35060,4,2026-02-15,Active
56448,5,2026-06-24,Complete
11020,1,2023-08-13,Active
54190,2,2026-06-19,Active
3592,3,2025-09-09,Active
5772,4,2023-05-29,Complete
58336,5,2025-01-13,Active
21052,1,2025-06-06,Lapsed
57452,2,2025-03-23,Lapsed
3457,3,2024-12-21,Lapsed
52869,4,2025-05-12,Active
17029,5,2026-05-15,Complete
38194,1,2025-12-01,Active
43503,2,2026-06-19,Complete
13019,3,2024-10-09,Lapsed
3205,4,2026-04-13,Active
55187,5,2026-03-04,Active
1958,1,2026-06-30,Active
14341,2,2026-06-23,Active
42012,3,2026-01-20,Active
140,4,2026-01-25,Active
24735,5,2026-01-02,Complete
12486,1,2025-11-30,Active
38484,2,2024-12-21,Complete
7802,3,2025-12-17,Complete
10675,4,2026-03-22,Complete
47944,5,2025-12-09,Active
19241,1,2025-11-05,Lapsed
1358,2,2025-11-05,Complete
1632,3,2025-07-13,Complete
15186,4,2024-07-06,Complete
18059,5,2025-06-28,Complete
17304,1,2026-03-29,Active
41574,2,2025-12-04,Active
45496,3,2026-01-24,Complete
55306,4,2025-06-06,Complete
30585,5,2025-04-16,Complete
16653,1,2025-03-01,Complete
31147,2,2026-03-28,Active
53457,3,2025-03-16,Complete
24368,4,2025-08-15,Lapsed
57843,5,2025-12-26,Active
7798,1,2025-06-16,Complete
52436,2,2025-08-14,Complete
41275,3,2026-06-28,Active
36101,4,2026-05-27,Active
23445,5,2025-07-15,Active
49277,1,2026-01-04,Active
6630,2,2026-04-28,Complete
38445,3,2023-08-29,Active
1660,4,2025-11-19,Complete
12683,5,2026-05-05,Active
5251,1,2026-03-28,Active
8038,2,2026-06-16,Active
12587,3,2025-09-21,Active
41414,4,2026-01-04,Active
34919,5,2026-05-29,Active
24760,1,2024-01-07,Complete
15056,2,2025-12-11,Complete
50184,3,2022-11-08,Lapsed
10944,4,2026-03-30,Active
14836,5,2024-04-26,Active
9468,1,2026-04-04,Active
13323,2,2026-06-20,Active
57002,3,2024-12-17,Active
23265,4,2026-06-13,Active
51326,5,2024-10-09,Active
23291,1,2026-06-29,Active
26497,2,2025-09-10,Complete
11184,3,2025-12-01,Active
38210,4,2023-11-10,Active
35736,5,2023-05-21,Active
29976,1,2024-03-27,Active
54725,2,2024-12-14,Active
52843,3,2024-06-10,Active
24546,4,2026-02-17,Active
31715,5,2026-04-15,Active
7320,1,2024-07-01,Active
16648,2,2026-05-08,Active
44326,3,2025-05-14,Lapsed
48145,4,2026-03-19,Complete
6905,5,2025-04-21,Active
37276,1,2026-06-23,Active
12187,2,2025-10-27,Lapsed
37197,3,2026-06-29,Active
10208,4,2024-11-01,Lapsed
52812,5,2026-03-03,Active
1407,1,2025-11-22,Complete
47522,2,2026-04-08,Active
18730,3,2023-08-30,Active
56377,4,2026-01-03,Complete
23309,5,2026-04-20,Active
37891,1,2025-05-01,Complete
39005,2,2025-10-01,Lapsed
40246,3,2026-03-26,Active
25517,4,2026-04-27,Complete
16012,5,2026-05-01,Active
32220,1,2025-06-13,Active
41618,2,2026-06-23,Lapsed
1856,3,2026-05-26,Active
16455,4,2024-09-17,Active
52244,5,2026-06-22,Active
43971,1,2026-03-23,Active
16092,2,2024-12-15,Active
26841,3,2026-06-29,Active
14047,4,2025-12-15,Active
49145,5,2022-04-21,Active
31143,1,2025-04-18,Lapsed
51316,2,2026-05-03,Complete
23933,3,2026-05-17,Active
17684,4,2026-05-28,Active
15104,5,2026-03-01,Active
13973,1,2025-06-13,Complete
55301,2,2025-12-18,Complete
39645,3,2026-06-30,Active
55247,4,2026-04-22,Active
38629,5,2023-12-06,Complete
52943,1,2026-06-13,Active
18112,2,2022-11-23,Active
8909,3,2026-02-18,Active
13594,4,2026-05-19,Active
4737,5,2026-05-28,Active
12952,1,2024-12-10,Active
34254,2,2026-06-06,Complete
6446,3,2025-12-18,Complete
18290,4,2026-05-16,Active
47250,5,2026-04-20,Active
9234,1,2022-12-09,Complete
24300,2,2024-06-23,Active
41256,3,2026-06-29,Active
55728,4,2026-05-08,Active
58121,5,2026-06-24,Complete
7926,1,2026-03-05,Active
9414,2,2026-04-06,Active
37985,3,2025-04-05,Active
20599,4,2025-01-08,Active
11640,5,2025-09-24,Active
14587,1,2024-07-24,Lapsed
56210,2,2026-06-20,Active
50132,3,2025-06-29,Active
26404,4,2026-05-20,Complete
27520,5,2026-05-03,Complete
55007,1,2026-03-14,Active
5227,2,2025-12-22,Lapsed
37611,3,2026-06-22,Active
20784,4,2026-04-17,Active
28267,5,2025-12-17,Active
43035,1,2026-04-14,Active
19266,2,2026-06-01,Active
427,3,2026-06-20,Lapsed
5116,4,2026-06-23,Active
54987,5,2025-07-15,Active
35605,1,2025-09-26,Active
48270,2,2026-06-23,Active
54449,3,2026-05-04,Active
38904,4,2026-01-25,Active
2306,5,2026-03-09,Active
8598,1,2024-09-17,Active
51295,2,2026-01-31,Complete
21450,3,2024-12-16,Lapsed
56281,4,2025-10-28,Complete
38628,5,2025-07-13,Active
1042,1,2025-11-22,Complete
1659,2,2025-09-02,Active
18204,3,2026-06-22,Active
41665,4,2024-10-25,Complete
59854,5,2023-03-23,Lapsed
908,1,2026-03-15,Lapsed
26366,2,2026-03-10,Active
22382,3,2025-07-01,Complete
42372,4,2026-06-04,Active
37866,5,2026-04-29,Active
29910,1,2026-04-29,Active
23659,2,2025-11-04,Lapsed
11219,3,2026-06-02,Active
18609,4,2024-05-07,Active
34794,5,2026-03-20,Complete
16153,1,2026-05-30,Active
59703,2,2025-06-07,Active
53726,3,2023-11-24,Active
53886,4,2026-06-16,Active
44805,5,2025-04-24,Active
20584,1,2023-08-02,Active
34543,2,2024-09-26,Active
53782,3,2025-11-07,Active
36595,4,2026-05-13,Active
12675,5,2026-06-29,Active
13316,1,2025-02-12,Lapsed
44511,2,2026-03-13,Complete
32607,3,2025-02-10,Lapsed
21673,4,2026-04-30,Active
6793,5,2025-12-29,Active
26470,1,2026-02-07,Complete
41978,2,2026-03-30,Active
16188,3,2024-02-08,Active
17689,4,2026-06-05,Complete
47031,5,2026-04-15,Active
2835,1,2025-07-07,Active
30603,2,2026-06-01,Active
48138,3,2024-10-24,Active
49891,4,2025-03-08,Active
11123,5,2023-12-26,Complete
43163,1,2026-02-17,Complete
22125,2,2025-08-01,Complete
20604,3,2024-10-05,Complete
36152,4,2026-02-28,Active
57709,5,2026-06-16,Active
52366,1,2025-10-19,Complete
19160,2,2024-03-30,Active
40434,3,2026-05-29,Active
42509,4,2026-03-30,Active
45203,5,2026-05-03,Complete
58325,1,2025-07-11,Active
6947,2,2025-05-20,Active
46402,3,2026-05-10,Active
39045,4,2025-04-02,Active
43848,5,2025-12-05,Active
38962,1,2026-04-19,Lapsed
29868,2,2026-06-10,Complete
1664,3,2026-05-15,Complete
39556,4,2025-10-19,Active
4159,5,2026-06-08,Active
28209,1,2026-05-29,Active
28480,2,2025-12-24,Complete
4586,3,2025-07-26,Complete
15928,4,2026-06-30,Active
21813,5,2026-06-23,Active
26671,1,2026-05-30,Active
37342,2,2026-02-24,Active
9312,3,2023-12-28,Complete
28875,4,2025-12-13,Active
45843,5,2026-03-08,Active
36023,1,2024-10-24,Active
38907,2,2026-05-08,Active
17518,3,2026-02-26,Active
15551,4,2025-12-23,Active
573,5,2026-01-15,Active
14387,1,2026-06-12,Complete
2080,2,2022-05-16,Active
24247,3,2025-10-11,Active
51407,4,2026-05-29,Active
1788,5,2026-05-30,Lapsed
27828,1,2026-06-08,Active
7379,2,2026-05-07,Active
19125,3,2026-06-22,Active
50413,4,2025-08-04,Active
19548,5,2025-01-27,Active
7987,1,2022-09-24,Active
24517,2,2026-06-10,Complete
11099,3,2025-11-06,Active
3644,4,2026-02-07,Active
31739,5,2026-06-13,Lapsed
4180,1,2023-04-07,Complete
6470,2,2026-06-16,Active
28880,3,2026-06-07,Active
24573,4,2026-06-13,Active
27484,5,2026-04-03,Lapsed
4492,1,2024-08-02,Active
28698,2,2025-03-22,Active
44211,3,2023-08-13,Active
56382,4,2026-06-25,Active
58472,5,2026-03-18,Lapsed
23704,1,2026-06-14,Active
58404,2,2026-01-12,Active
17948,3,2025-05-26,Active
40444,4,2026-06-30,Complete
53263,5,2026-05-21,Active
27840,1,2026-03-30,Active
21750,2,2026-03-11,Active
20787,3,2026-06-15,Lapsed
26264,4,2026-06-29,Active
56616,5,2026-02-19,Active
52799,1,2025-07-03,Active
30651,2,2025-09-13,Active
34831,3,2026-04-16,Complete
24105,4,2024-09-13,Active
7609,5,2025-07-12,Active
20367,1,2026-02-07,Complete
50409,2,2025-10-31,Active
258,3,2026-06-12,Active
39665,4,2026-03-22,Active
58294,5,2025-09-07,Active
57792,1,2024-09-07,Active
48631,2,2026-02-18,Active
28695,3,2025-10-29,Active
8356,4,2025-12-23,Active
49554,5,2025-05-30,Active
29252,1,2025-11-30,Active
44024,2,2025-06-18,Complete
13168,3,2025-05-09,Active
50896,4,2026-01-21,Complete
13764,5,2024-07-23,Active
31326,1,2024-09-13,Lapsed
50702,2,2026-04-27,Active
30179,3,2025-05-02,Active
31713,4,2023-11-12,Complete
37673,5,2025-11-07,Active
53305,1,2025-12-27,Active
56749,2,2025-05-22,Active
13805,3,2026-04-25,Active
41790,4,2026-03-29,Active
7075,5,2026-06-22,Active
4460,1,2023-03-13,Lapsed
37579,2,2025-09-09,Complete
21448,3,2026-04-23,Active
46975,4,2025-09-28,Active
55239,5,2026-03-07,Active
13708,1,2026-05-14,Active
17879,2,2025-02-22,Active
32081,3,2026-06-01,Complete
27687,4,2026-02-02,Active
33643,5,2025-10-16,Active
6408,1,2023-11-16,Active
17381,2,2026-03-15,Active
19566,3,2026-05-14,Lapsed
36099,4,2026-05-18,Active
10212,5,2026-05-21,Complete
20225,1,2026-05-27,Active
24757,2,2025-10-18,Complete
40223,3,2023-02-09,Active
22839,4,2023-12-13,Active
40575,5,2024-10-03,Active
36032,1,2023-12-22,Active
24425,2,2025-07-25,Active
7810,3,2025-03-17,Active
6176,4,2023-11-01,Active
47989,5,2024-07-30,Active
48339,1,2026-06-08,Active
56166,2,2025-12-13,Active
22161,3,2026-04-27,Complete
28817,4,2026-03-25,Active
48815,5,2023-09-19,Complete
33160,1,2026-01-21,Active
45009,2,2026-04-11,Active
15492,3,2022-01-18,Complete
58731,4,2025-11-05,Active
13942,5,2026-03-15,Complete
31024,1,2024-08-24,Active
16353,2,2025-02-08,Lapsed
24929,3,2026-06-24,Complete
6509,4,2026-06-16,Complete
36694,5,2026-05-26,Complete
45935,1,2026-06-29,Active
15636,2,2026-05-19,Active
32653,3,2026-02-28,Complete
25247,4,2025-01-28,Active
1809,5,2026-06-18,Active
753,1,2026-05-14,Lapsed
11240,2,2025-08-07,Lapsed
52004,3,2026-05-04,Lapsed
45290,4,2025-03-11,Complete
25067,5,2026-06-11,Active
39360,1,2023-04-14,Complete
10771,2,2026-02-21,Complete
16144,3,2024-10-02,Active
34682,4,2026-06-22,Complete
38179,5,2024-12-09,Active
47390,1,2025-11-16,Active
17722,2,2025-11-16,Active
53284,3,2025-12-10,Active
41057,4,2026-06-05,Active
32316,5,2026-04-11,Active
31780,1,2026-02-22,Active
30658,2,2023-01-29,Active
36122,3,2026-04-24,Active
50038,4,2025-01-13,Complete
1273,5,2026-05-27,Complete
3156,1,2026-04-25,Active
58678,2,2025-09-07,Active
46076,3,2025-10-23,Active
27925,4,2023-05-16,Active
51688,5,2026-06-24,Active
39511,1,2025-02-17,Active
20783,2,2025-09-08,Active
76,3,2026-06-04,Active
2129,4,2026-02-04,Active
19191,5,2026-06-23,Active
26837,1,2025-07-15,Active
49853,2,2026-06-10,Complete
55438,3,2026-04-10,Complete
36834,4,2026-06-23,Active
21663,5,2026-03-15,Active
48533,1,2025-06-09,Active
56277,2,2026-06-01,Active
35041,3,2026-06-17,Active
1706,4,2025-10-14,Active
33993,5,2026-01-01,Active
41989,1,2026-03-28,Active
18115,2,2024-04-11,Complete
23395,3,2026-06-30,Active
34709,4,2026-05-31,Active
40316,5,2026-05-11,Active
39387,1,2026-06-09,Active
49461,2,2026-06-18,Active
44925,3,2026-05-02,Active
57406,4,2026-06-06,Active
39797,5,2025-02-07,Active
7712,1,2025-08-28,Active
4621,2,2023-07-05,Active
44005,3,2026-06-18,Complete
40291,4,2025-11-29,Complete
2421,5,2026-06-30,Active
58382,1,2026-04-07,Active
34496,2,2026-01-31,Active
39506,3,2025-01-31,Active
12948,4,2025-03-14,Active
29902,5,2025-06-24,Active
26048,1,2024-07-21,Active
31127,2,2022-10-31,Active
33797,3,2026-01-05,Complete
34123,4,2026-06-22,Active
20846,5,2024-12-20,Lapsed
1666,1,2026-03-18,Active
28372,2,2026-05-31,Complete
22055,3,2025-10-19,Complete
2339,4,2023-06-08,Active
8460,5,2026-06-07,Active
48205,1,2026-05-25,Complete
54888,2,2026-04-14,Lapsed
23872,3,2023-08-10,Complete
38899,4,2026-02-27,Complete
13300,5,2026-05-08,Active
56390,1,2026-06-29,Lapsed
14724,2,2025-07-08,Complete
35445,3,2026-02-15,Lapsed
58966,4,2026-05-29,Active
31519,5,2024-09-02,Active
9534,1,2026-06-16,Active
29890,2,2024-10-28,Active
24060,3,2026-03-01,Active
35293,4,2025-08-13,Active
6484,5,2024-08-29,Active
57481,1,2026-01-14,Active
55460,2,2025-02-11,Active
47055,3,2025-12-31,Active
54218,4,2026-04-15,Lapsed
9671,5,2026-05-28,Complete
13980,1,2024-09-27,Active
7185,2,2025-08-19,Active
36581,3,2025-09-22,Active
10326,4,2026-06-09,Active
57043,5,2023-07-10,Complete
15888,1,2026-06-06,Active
54843,2,2025-10-15,Active
44085,3,2026-04-21,Lapsed
26169,4,2026-06-09,Active
19823,5,2024-12-27,Active
3734,1,2024-07-24,Active
47089,2,2025-07-28,Complete
11641,3,2024-08-06,Lapsed
42830,4,2023-09-18,Active
29523,5,2026-03-15,Active
23475,1,2024-09-03,Active
46319,2,2024-06-16,Lapsed
50818,3,2025-08-23,Active
16418,4,2026-02-20,Lapsed
29230,5,2023-07-24,Active
8782,1,2026-05-16,Active
10981,2,2025-03-01,Active
46871,3,2025-11-20,Active
37372,4,2025-01-25,Active
42196,5,2025-12-22,Active
33181,1,2026-05-11,Active
43918,2,2026-03-03,Active
23748,3,2025-10-14,Active
21943,4,2024-10-15,Active
45282,5,2025-06-27,Lapsed
54715,1,2026-04-01,Lapsed
50263,2,2026-05-17,Complete
19165,3,2022-11-04,Active
15838,4,2025-06-23,Active
52277,5,2022-04-04,Active
26074,1,2023-09-08,Active
46292,2,2024-12-10,Active
41198,3,2026-02-17,Active
54991,4,2026-05-17,Active
47548,5,2025-11-24,Complete
43990,1,2026-06-26,Active
27661,2,2026-06-19,Active
18350,3,2026-06-23,Active
43744,4,2025-10-24,Active
41914,5,2024-08-10,Active
10989,1,2026-06-12,Lapsed
37850,2,2025-09-10,Complete
4930,3,2026-06-05,Active
33796,4,2025-08-05,Active
2163,5,2025-09-15,Active
33551,1,2026-01-21,Active
33002,2,2025-07-19,Active
2287,3,2024-09-10,Active
9319,4,2022-05-07,Active
49952,5,2026-06-27,Active
41588,1,2026-04-01,Active
51955,2,2026-01-04,Complete
13684,3,2025-10-05,Complete
34370,4,2023-01-30,Complete
50556,5,2026-06-13,Active
9331,1,2025-12-04,Complete
32639,2,2026-02-03,Active
619,3,2026-06-26,Lapsed
35817,4,2026-01-15,Active
52140,5,2022-10-31,Active
2817,1,2026-03-02,Active
31995,2,2026-04-11,Active
26763,3,2026-06-14,Active
10235,4,2026-04-30,Lapsed
20749,5,2026-05-13,Complete
40093,1,2026-05-20,Complete
19276,2,2026-05-29,Complete
6846,3,2026-04-19,Active
17621,4,2026-05-15,Lapsed
54955,5,2025-08-12,Active
41862,1,2025-08-25,Active
10195,2,2026-06-16,Active
10339,3,2025-09-25,Lapsed
52805,4,2026-05-11,Active
51391,5,2026-04-28,Active
28877,1,2026-06-07,Active
17763,2,2026-03-09,Active
43554,3,2026-06-30,Active
19879,4,2025-12-06,Active
44882,5,2024-10-19,Active
19843,1,2025-10-20,Active
51193,2,2026-05-31,Active
43983,3,2026-05-31,Active
29761,4,2026-06-06,Active
28338,5,2026-06-30,Active
30459,1,2026-01-14,Complete
41523,2,2026-06-27,Active
33514,3,2026-06-23,Active
11597,4,2026-04-11,Complete
9174,5,2023-01-23,Active
23032,1,2026-06-11,Active
16109,2,2025-10-04,Lapsed
57938,3,2025-10-03,Complete
1115,4,2025-03-31,Lapsed
47234,5,2026-05-17,Lapsed
54904,1,2026-06-22,Complete
14794,2,2026-06-25,Complete
44330,3,2024-09-20,Active
59833,4,2025-09-10,Lapsed
26571,5,2026-06-22,Complete
8704,1,2025-07-15,Active
27125,2,2026-06-27,Active
45234,3,2026-05-03,Complete
7755,4,2025-06-03,Complete
48930,5,2025-08-29,Active
12136,1,2025-12-02,Complete
42184,2,2025-05-11,Active
38724,3,2026-06-19,Active
29874,4,2024-08-16,Active
10801,5,2025-12-11,Complete
8393,1,2026-04-17,Active
6941,2,2026-05-09,Active
49194,3,2026-05-01,Active
46997,4,2025-03-29,Complete
14625,5,2026-05-03,Active
10190,1,2026-03-19,Active
7087,2,2025-07-06,Complete
26858,3,2025-06-26,Lapsed
59771,4,2025-04-13,Active
11376,5,2023-11-16,Active
59107,1,2025-02-14,Active
47124,2,2026-06-27,Lapsed
22463,3,2026-05-28,Active
5098,4,2026-01-06,Active
19702,5,2026-06-05,Complete
19099,1,2026-02-10,Active
22916,2,2026-04-26,Active
35896,3,2026-04-10,Active
35033,4,2024-11-27,Complete
59856,5,2022-07-14,Active
4720,1,2026-05-11,Active
56024,2,2025-10-23,Active
7490,3,2026-03-24,Complete
42074,4,2025-10-30,Active
17152,5,2025-09-30,Active
53160,1,2026-05-30,Active
2554,2,2026-03-17,Active
9131,3,2025-11-01,Active
25574,4,2026-02-13,Complete
53103,5,2026-05-04,Active
44997,1,2026-05-31,Active
1136,2,2026-06-25,Active
27443,3,2026-06-30,Lapsed
54213,4,2024-08-23,Complete
42889,5,2026-04-06,Active
40426,1,2026-06-09,Active
3544,2,2026-05-07,Active
25136,3,2026-04-15,Active
25496,4,2026-06-19,Active
36784,5,2026-04-06,Complete
19061,1,2026-06-24,Active
55444,2,2025-02-11,Active
52017,3,2025-12-19,Active
26710,4,2026-03-28,Complete
55598,5,2025-06-02,Active
9649,1,2026-06-15,Active
35317,2,2026-01-03,Active
19415,3,2026-06-14,Active
26152,4,2026-02-27,Active
49998,5,2023-01-15,Active
34234,1,2026-06-06,Active
1588,2,2024-08-28,Active
22722,3,2025-03-22,Active
17154,4,2026-06-29,Lapsed
1545,5,2025-03-31,Active
43470,1,2026-01-31,Active
45874,2,2026-05-21,Active
44316,3,2026-06-22,Active
57455,4,2026-05-26,Complete
3350,5,2026-05-10,Complete
53475,1,2026-03-19,Active
15073,2,2026-05-29,Active
21628,3,2025-11-11,Complete
16185,4,2026-06-19,Complete
10052,5,2025-08-30,Lapsed
54254,1,2026-06-04,Active
46025,2,2026-03-02,Active
43231,3,2025-12-30,Active
36314,4,2024-09-18,Active
8173,5,2026-05-23,Lapsed
57354,1,2025-07-03,Active
5283,2,2026-03-21,Active
38893,3,2026-06-20,Complete
18945,4,2026-02-03,Active
52202,5,2026-06-22,Complete
40336,1,2024-04-30,Active
29804,2,2025-01-29,Lapsed
19512,3,2026-04-16,Complete
20430,4,2026-01-23,Complete
582,5,2026-03-26,Lapsed
57056,1,2026-05-06,Complete
18731,2,2026-05-10,Lapsed
1933,3,2024-12-14,Complete
10417,4,2025-05-16,Active
19014,5,2026-04-09,Complete
2427,1,2026-01-25,Active
43451,2,2024-01-14,Active
59197,3,2026-04-22,Active
55577,4,2026-03-30,Active
47851,5,2026-04-12,Lapsed
59870,1,2024-04-24,Active
33480,2,2025-07-10,Active
44234,3,2024-11-06,Active
9997,4,2025-11-19,Active
39200,5,2026-05-12,Active
52613,1,2023-04-04,Complete
5126,2,2023-06-06,Active
59786,3,2024-12-08,Complete
24511,4,2026-06-09,Active
58174,5,2021-08-07,Active
30823,1,2024-04-29,Active
34076,2,2026-06-12,Active
43787,3,2026-06-30,Active
50688,4,2026-02-24,Lapsed
15057,5,2024-04-14,Complete
23362,1,2025-02-02,Active
12822,2,2026-05-26,Active
26234,3,2024-04-14,Active
28865,4,2026-05-20,Active
12234,5,2026-06-02,Active
44476,1,2025-02-16,Active
11269,2,2026-03-06,Active
52481,3,2024-06-20,Active
58896,4,2026-06-14,Active
30893,5,2026-05-29,Complete
51695,1,2025-09-20,Active
21580,2,2026-01-13,Active
50901,3,2026-05-31,Active
10224,4,2024-05-17,Lapsed
24095,5,2026-06-22,Active
42999,1,2026-04-29,Active
1155,2,2025-09-27,Active
26434,3,2026-05-18,Active
3439,4,2026-03-30,Active
19966,5,2026-06-16,Active
4679,1,2026-03-09,Lapsed
20252,2,2026-05-21,Complete
33856,3,2026-06-29,Active
18814,4,2025-06-05,Active
55641,5,2025-07-13,Lapsed
25098,1,2026-01-19,Active
27456,2,2026-06-09,Active
7543,3,2024-09-04,Complete
51432,4,2026-03-20,Lapsed
41000,5,2024-07-03,Active
22904,1,2025-09-22,Active
59030,2,2026-05-17,Complete
4233,3,2025-12-17,Active
8443,4,2026-01-08,Complete
55571,5,2024-07-24,Complete
54384,1,2026-05-11,Active
56445,2,2026-01-07,Active
2116,3,2026-02-14,Active
46192,4,2025-02-26,Complete
13665,5,2025-08-14,Complete
2620,1,2025-10-26,Active
36634,2,2023-03-13,Active
57259,3,2025-07-17,Complete
31477,4,2024-03-14,Active
39228,5,2026-05-21,Active
37835,1,2026-04-01,Active
37145,2,2022-10-12,Active
22957,3,2025-07-25,Active
22668,4,2026-02-19,Active
19510,5,2026-05-28,Active
38979,1,2024-11-10,Complete
16039,2,2025-11-02,Active
20385,3,2025-04-24,Active
25529,4,2023-05-07,Complete
25930,5,2026-01-12,Active
28140,1,2025-09-26,Active
42554,2,2026-05-02,Complete
48874,3,2026-04-21,Lapsed
7361,4,2026-02-25,Active
26432,5,2026-05-18,Active
55257,1,2026-05-09,Active
51948,2,2025-05-14,Active
247,3,2024-08-28,Active
13821,4,2026-06-02,Active
54404,5,2025-05-01,Active
48973,1,2026-06-18,Complete
3065,2,2025-06-01,Active
54187,3,2026-04-27,Complete
58811,4,2025-07-24,Active
4807,5,2026-02-02,Active
14900,1,2026-05-14,Complete
41504,2,2023-01-13,Complete
57987,3,2026-06-11,Active
26475,4,2025-05-12,Active
38386,5,2026-06-29,Complete
31065,1,2026-06-02,Active
17167,2,2025-06-08,Active
43255,3,2025-05-17,Lapsed
52358,4,2026-06-22,Active
20729,5,2025-10-23,Active
41602,1,2023-06-13,Complete
42747,2,2026-03-12,Active
47546,3,2026-06-28,Active
24885,4,2026-05-23,Active
2908,5,2024-03-11,Active
5785,1,2026-01-06,Lapsed
28357,2,2026-05-21,Active
39490,3,2025-05-24,Active
18207,4,2025-03-20,Complete
55287,5,2026-03-22,Active
2149,1,2021-11-20,Lapsed
8217,2,2026-06-29,Active
46474,3,2025-10-31,Active
21680,4,2026-06-02,Active
33052,5,2026-04-02,Lapsed
57945,1,2025-02-24,Active
34402,2,2026-06-19,Lapsed
17781,3,2025-10-22,Active
1947,4,2026-06-01,Active
53139,5,2024-04-22,Complete
34927,1,2026-06-30,Active
1489,2,2026-05-31,Lapsed
22562,3,2025-08-01,Active
760,4,2025-07-06,Active
50419,5,2024-04-18,Active
15641,1,2025-04-08,Active
36112,2,2026-06-07,Active
21313,3,2026-06-12,Complete
47002,4,2026-06-03,Active
12321,5,2026-04-20,Active
37358,1,2025-11-23,Active
28679,2,2025-12-25,Lapsed
42799,3,2025-05-07,Active
36654,4,2025-11-08,Active
51093,5,2026-06-04,Active
50331,1,2026-02-03,Lapsed
40577,2,2026-05-04,Active
25513,3,2023-05-17,Active
17784,4,2025-08-17,Active
34102,5,2026-05-27,Active
4718,1,2026-03-18,Active
42865,2,2025-08-10,Active
42386,3,2026-06-07,Complete
16297,4,2025-01-31,Active
44403,5,2026-01-01,Active
57307,1,2026-04-05,Complete
38195,2,2025-04-10,Active
14110,3,2025-07-15,Active
15225,4,2026-02-04,Active
9485,5,2025-12-28,Active
2255,1,2025-12-22,Active
40395,2,2026-06-22,Active
16536,3,2024-09-10,Active
52259,4,2024-03-27,Active
23341,5,2026-06-07,Active
49373,1,2026-06-10,Active
20831,2,2025-01-03,Lapsed
27546,3,2026-04-14,Active
26465,4,2026-06-22,Active
10579,5,2022-11-11,Complete
54707,1,2026-02-20,Active
13730,2,2026-02-26,Active
53743,3,2025-09-03,Active
48035,4,2025-07-27,Active
57350,5,2025-10-15,Active
30410,1,2026-05-28,Active
17273,2,2025-12-08,Active
46420,3,2024-10-07,Active
30976,4,2025-05-19,Active
49058,5,2026-06-15,Complete
47317,1,2025-04-24,Active
26069,2,2025-04-11,Active
41446,3,2025-10-22,Complete
13436,4,2024-06-18,Complete
41929,5,2026-06-07,Active
18966,1,2025-07-30,Active
51199,2,2024-02-27,Active
47665,3,2026-05-17,Active
2741,4,2026-06-07,Active
35186,5,2025-10-21,Active
36362,1,2026-03-05,Active
33043,2,2026-04-28,Complete
46303,3,2026-06-18,Active
4002,4,2026-06-23,Complete
5770,5,2024-05-21,Active
12138,1,2026-03-27,Active
29655,2,2025-10-11,Active
36615,3,2025-11-24,Active
48875,4,2026-06-09,Active
34917,5,2026-05-28,Active
36,1,2026-06-26,Active
44215,2,2026-07-01,Active
15556,3,2026-02-13,Active
25284,4,2025-12-13,Active
30564,5,2026-03-15,Active
5374,1,2025-07-26,Active
32048,2,2026-05-22,Active
4514,3,2026-04-27,Complete
39384,4,2026-06-27,Active
46397,5,2026-03-26,Active
10105,1,2026-01-21,Active
43266,2,2023-11-23,Active
1018,3,2024-12-25,Complete
36770,4,2025-12-31,Lapsed
33352,5,2026-06-24,Active
38105,1,2026-06-25,Complete
11294,2,2024-10-27,Lapsed
47916,3,2026-06-30,Active
25152,4,2026-03-19,Active
408,5,2026-06-12,Active
36064,1,2026-03-29,Complete
17758,2,2026-06-12,Active
22825,3,2025-10-19,Active
7322,4,2025-09-10,Lapsed
18493,5,2026-06-06,Active
33737,1,2026-03-30,Active
25527,2,2026-02-13,Active
26333,3,2026-06-01,Active
6725,4,2025-06-02,Active
56422,5,2026-06-06,Complete
42959,1,2024-08-01,Complete
5719,2,2026-06-02,Active
2508,3,2026-04-25,Lapsed
38761,4,2026-03-25,Active
26787,5,2025-02-16,Active
12943,1,2026-03-27,Active
55479,2,2026-04-06,Active
58932,3,2025-07-08,Lapsed
19177,4,2025-08-04,Active
29866,5,2026-04-22,Active
2235,1,2025-12-10,Active
3291,2,2026-04-10,Active
4329,3,2026-04-03,Active
57162,4,2026-06-19,Lapsed
50013,5,2026-03-14,Lapsed
22685,1,2026-06-03,Active
24409,2,2025-05-06,Active
29559,3,2026-04-21,Active
13208,4,2026-01-08,Complete
56792,5,2025-08-26,Active
8331,1,2026-02-17,Active
147,2,2025-11-25,Active
40403,3,2026-02-13,Active
321,4,2026-04-09,Active
1081,5,2026-05-26,Active
48076,1,2023-07-29,Active
48836,2,2026-06-23,Active
19809,3,2026-03-07,Active
19333,4,2026-02-15,Complete
43641,5,2025-07-17,Active
43132,1,2026-03-10,Active
45887,2,2022-05-17,Complete
1207,3,2024-04-21,Active
17900,4,2026-03-15,Active
27816,5,2026-02-25,Active
26308,1,2025-09-24,Lapsed
47205,2,2025-06-29,Active
3792,3,2026-04-25,Active
35416,4,2026-03-01,Complete
248,5,2024-12-19,Active
6818,1,2025-09-25,Lapsed
26882,2,2025-09-21,Complete
46412,3,2024-09-22,Active
40857,4,2025-10-02,Active
44219,5,2025-04-07,Active
49093,1,2026-05-05,Active
59215,2,2025-10-27,Lapsed
1569,3,2026-06-14,Active
55358,4,2026-05-29,Active
4244,5,2025-01-15,Active
12308,1,2026-02-20,Complete
56146,2,2026-06-24,Complete
30065,3,2026-06-24,Active
35790,4,2025-02-18,Active
15469,5,2026-02-14,Active
40992,1,2024-06-26,Lapsed
33532,2,2026-01-30,Active
3641,3,2026-05-30,Active
2230,4,2025-10-18,Active
23501,5,2025-12-24,Complete
21979,1,2025-11-18,Active
9308,2,2026-06-28,Active
39218,3,2025-05-22,Active
2052,4,2025-06-01,Lapsed
48413,5,2026-05-21,Complete
38565,1,2025-05-24,Active
19692,2,2025-05-22,Active
6219,3,2026-05-19,Active
34858,4,2026-01-06,Active
28831,5,2026-05-27,Active
37812,1,2025-12-07,Lapsed
6648,2,2026-01-11,Lapsed
13373,3,2026-05-30,Active
10998,4,2026-04-20,Active
17942,5,2026-03-22,Complete
47297,1,2025-09-24,Lapsed
32923,2,2026-05-10,Active
30950,3,2025-02-28,Active
18828,4,2025-01-20,Active
25568,5,2025-08-15,Active
55829,1,2024-05-21,Active
33279,2,2026-05-12,Active
17266,3,2026-03-17,Active
58200,4,2024-06-14,Active
32150,5,2026-05-23,Active
55497,1,2025-08-05,Active
46621,2,2022-03-10,Lapsed
28412,3,2026-05-19,Active
38002,4,2026-06-22,Lapsed
59068,5,2025-12-07,Active
55860,1,2026-06-25,Active
41905,2,2026-01-08,Complete
5353,3,2026-01-02,Active
12151,4,2023-07-15,Active
20849,5,2024-02-22,Active
30934,1,2026-06-28,Active
15710,2,2025-07-27,Active
23351,3,2026-06-18,Active
22182,4,2026-01-20,Active
17218,5,2026-05-18,Active
8821,1,2026-06-25,Active
57475,2,2026-05-20,Active
342,3,2026-03-09,Active
10277,4,2022-12-19,Complete
5334,5,2026-02-14,Active
37837,1,2025-07-12,Complete
6778,2,2026-06-12,Active
39859,3,2026-06-01,Complete
16675,4,2026-02-19,Active
23135,5,2025-09-18,Complete
9661,1,2025-02-23,Active
12311,2,2026-05-03,Active
15409,3,2025-05-21,Active
18431,4,2026-04-19,Active
13900,5,2026-05-18,Active
26181,1,2026-04-21,Active
54438,2,2025-09-29,Active
59212,3,2022-01-01,Active
15106,4,2026-06-28,Active
21176,5,2025-10-29,Complete
8688,1,2026-06-20,Complete
31759,2,2023-02-22,Active
6720,3,2025-12-04,Active
27499,4,2026-06-20,Active
49402,5,2026-03-30,Complete
51269,1,2026-02-10,Active
45410,2,2026-03-28,Lapsed
49002,3,2025-12-15,Active
10407,4,2026-05-19,Complete
52382,5,2026-06-21,Active
28738,1,2024-02-03,Active
50222,2,2026-06-20,Complete
24410,3,2024-01-07,Lapsed
44303,4,2026-05-13,Complete
45532,5,2025-08-23,Active
18821,1,2026-04-24,Active
25093,2,2025-06-07,Active
43279,3,2026-02-08,Active
5031,4,2025-01-02,Active
56248,5,2026-05-20,Active
923,1,2026-02-25,Lapsed
33263,2,2026-04-22,Complete
34391,3,2024-09-06,Active
26482,4,2024-04-29,Active
21395,5,2025-10-06,Active
36143,1,2026-02-26,Active
25824,2,2025-03-03,Active
45075,3,2026-06-11,Active
593,4,2025-09-27,Complete
12203,5,2022-12-30,Complete
2856,1,2025-10-19,Lapsed
22227,2,2022-01-01,Complete
14013,3,2026-03-22,Lapsed
47040,4,2025-07-17,Active
27988,5,2026-06-27,Active
49936,1,2026-05-23,Active
691,2,2026-02-20,Active
3907,3,2025-05-22,Active
25091,4,2026-04-02,Active
46429,5,2025-07-18,Active
21857,1,2026-04-23,Active
34199,2,2025-10-07,Lapsed
10328,3,2025-06-20,Active
54641,4,2026-06-30,Active
41210,5,2024-02-16,Lapsed
1082,1,2025-10-19,Complete
40855,2,2026-06-10,Active
47050,3,2026-06-20,Active
8767,4,2025-08-16,Active
16032,5,2025-05-16,Complete
18436,1,2026-05-21,Active
55220,2,2026-06-24,Active
20889,3,2024-02-01,Active
2188,4,2026-02-26,Active
17320,5,2025-07-24,Active
11211,1,2026-05-08,Active
6897,2,2026-05-22,Active
45497,3,2025-10-12,Active
19867,4,2023-12-18,Active
11831,5,2026-03-06,Active
27080,1,2026-02-26,Complete
18657,2,2025-01-18,Active
20087,3,2025-11-12,Active
48250,4,2026-05-04,Active
47479,5,2024-01-16,Active
6548,1,2026-06-19,Complete
45389,2,2026-04-10,Active
8128,3,2025-09-24,Active
27043,4,2025-11-20,Active
56316,5,2026-06-22,Lapsed
1023,1,2026-05-19,Active
9289,2,2025-12-12,Active
6637,3,2025-07-18,Active
7683,4,2026-06-14,Complete
8442,5,2025-08-12,Active
39491,1,2026-04-29,Active
43524,2,2026-03-02,Active
26626,3,2024-09-03,Active
11514,4,2026-04-13,Active
19938,5,2025-09-08,Active
58417,1,2026-06-03,Active
59935,2,2025-07-07,Active
34262,3,2026-04-30,Complete
21678,4,2026-06-29,Active
13961,5,2026-06-22,Active
40326,1,2024-11-23,Complete
31736,2,2024-08-27,Lapsed
468,3,2025-08-01,Active
42729,4,2025-04-19,Active
38351,5,2025-11-28,Active
50066,1,2026-04-30,Active
40236,2,2026-04-09,Active
37375,3,2026-06-19,Lapsed
14660,4,2024-03-30,Complete
22573,5,2024-09-30,Active
11717,1,2026-06-10,Active
28984,2,2026-06-05,Lapsed
46565,3,2025-02-18,Lapsed
57610,4,2026-03-27,Active
56826,5,2024-11-06,Active
25356,1,2024-11-09,Active
35602,2,2025-12-11,Active
30986,3,2024-05-02,Active
22282,4,2023-09-09,Complete
42225,5,2025-09-08,Lapsed
34759,1,2025-01-29,Active
27852,2,2025-11-12,Complete
5549,3,2026-04-02,Active
20536,4,2025-06-13,Active
16599,5,2025-08-16,Lapsed
18595,1,2026-04-12,Active
59979,2,2026-06-21,Complete
17935,3,2026-04-06,Active
46092,4,2026-02-02,Active
11087,5,2025-07-10,Active
47837,1,2025-07-14,Active
34508,2,2026-03-01,Active
58176,3,2023-03-05,Active
36450,4,2026-06-15,Lapsed
51236,5,2026-06-17,Active
16565,1,2025-11-30,Active
19,2,2024-11-09,Complete
35680,3,2024-02-06,Complete
7425,4,2024-01-04,Active
57794,5,2026-06-28,Lapsed
44202,1,2026-05-21,Complete
48333,2,2024-04-12,Active
15250,3,2026-04-11,Active
48277,4,2026-02-17,Complete
1369,5,2024-11-06,Active
4504,1,2025-08-08,Active
9504,2,2026-06-26,Active
54542,3,2026-06-25,Active
14412,4,2023-11-14,Lapsed
4824,5,2025-04-13,Active
417,1,2026-06-27,Active
22163,2,2025-07-18,Active
5918,3,2026-02-21,Active
50659,4,2026-06-16,Active
19417,5,2026-05-29,Complete
4542,1,2025-06-12,Active
20956,2,2026-06-28,Active
40543,3,2026-04-09,Active
27851,4,2025-02-21,Active
44306,5,2026-01-26,Active
33155,1,2025-02-26,Active
17348,2,2025-09-23,Active
16757,3,2026-02-19,Active
22538,4,2026-05-08,Complete
21307,5,2022-09-23,Active
17236,1,2026-06-05,Active
58798,2,2026-03-26,Lapsed
35211,3,2025-10-24,Active
30098,4,2024-07-07,Active
16235,5,2025-08-15,Active
28290,1,2026-02-14,Active
6034,2,2025-02-28,Active
4902,3,2026-06-19,Active
42394,4,2025-10-20,Active
15657,5,2026-06-26,Complete
50884,1,2026-06-18,Complete
3852,2,2025-09-24,Active
11997,3,2026-06-05,Complete
25698,4,2023-07-15,Active
9650,5,2026-03-07,Active
55116,1,2023-05-20,Active
35189,2,2026-04-03,Active
6677,3,2025-07-26,Complete
18954,4,2026-06-19,Active
27122,5,2024-11-06,Active
6063,1,2024-03-13,Active
52607,2,2026-06-25,Active
588,3,2025-08-11,Complete
41744,4,2026-06-07,Active
31336,5,2023-12-01,Active
31908,1,2025-10-29,Active
16966,2,2025-02-17,Complete
57745,3,2026-03-26,Active
11165,4,2025-09-17,Active
40886,5,2026-02-09,Active
53859,1,2026-06-30,Active
43956,2,2026-05-14,Active
1753,3,2025-10-21,Active
50867,4,2026-03-18,Active
42082,5,2026-04-20,Active
17622,1,2026-05-23,Active
14631,2,2025-04-26,Active
23828,3,2026-06-30,Complete
1338,4,2024-06-04,Lapsed
33179,5,2026-06-23,Active
26261,1,2026-03-19,Active
41048,2,2026-06-24,Active
32963,3,2026-06-26,Active
4126,4,2026-03-08,Active
42387,5,2026-04-04,Complete
29740,1,2025-08-21,Active
43922,2,2026-06-25,Lapsed
26182,3,2026-05-12,Active
13211,4,2023-12-05,Active
30040,5,2026-04-05,Active
49603,1,2026-04-02,Complete
36412,2,2026-06-13,Active
47028,3,2025-04-16,Active
9401,4,2026-05-13,Lapsed
11963,5,2025-05-31,Complete
30646,1,2025-11-05,Active
44478,2,2026-06-17,Active
42526,3,2025-07-30,Complete
41235,4,2026-06-30,Active
8364,5,2025-12-03,Complete
55568,1,2025-07-09,Active
33416,2,2025-12-13,Complete
20801,3,2024-10-12,Active
32107,4,2024-10-18,Complete
46102,5,2026-05-19,Active
9154,1,2025-12-26,Active
16186,2,2022-03-01,Active
50542,3,2025-09-16,Complete
54137,4,2026-06-03,Active
4905,5,2026-04-10,Complete
31941,1,2023-01-25,Active
7183,2,2026-01-09,Active
29682,3,2026-02-09,Active
4295,4,2025-06-06,Active
23934,5,2026-02-23,Active
35732,1,2023-11-15,Active
11042,2,2026-05-27,Complete
19739,3,2026-06-24,Active
32239,4,2025-09-30,Complete
5243,5,2026-06-27,Complete
46697,1,2026-06-17,Active
29809,2,2026-03-22,Active
14614,3,2025-03-26,Active
15674,4,2024-07-11,Complete
30245,5,2025-12-19,Active
32054,1,2026-06-22,Active
29589,2,2023-12-17,Active
44062,3,2024-12-02,Active
16677,4,2024-09-25,Active
18268,5,2026-01-09,Active
45017,1,2025-07-05,Active
26059,2,2026-05-09,Complete
10238,3,2026-03-14,Lapsed
23810,4,2026-01-08,Active
443,5,2026-05-25,Active
35529,1,2026-03-13,Lapsed
10590,2,2025-05-05,Active
46661,3,2026-06-15,Active
47093,4,2025-11-23,Active
17389,5,2024-03-30,Active
16790,1,2026-03-29,Active
5891,2,2023-09-09,Active
47272,3,2026-02-28,Active
31344,4,2025-02-02,Active
43710,5,2026-06-21,Active
37015,1,2026-06-18,Active
42581,2,2024-08-22,Active
30211,3,2026-06-20,Active
52937,4,2025-12-30,Active
941,5,2026-06-22,Active
42809,1,2026-04-27,Active
34485,2,2026-03-09,Active
6121,3,2026-06-29,Active
14693,4,2026-03-15,Complete
54069,5,2026-06-30,Active
24477,1,2026-01-17,Complete
15484,2,2026-06-12,Active
9875,3,2026-06-29,Active
53791,4,2026-05-13,Complete
58423,5,2025-12-24,Active
33443,1,2026-04-16,Active
30272,2,2026-05-18,Active
20837,3,2025-08-31,Active
23665,4,2026-05-07,Active
5106,5,2026-04-28,Complete
44236,1,2025-01-10,Active
35741,2,2026-05-15,Active
43227,3,2026-06-23,Complete
56033,4,2023-01-26,Active
43921,5,2025-10-05,Active
22404,1,2026-04-06,Complete
47635,2,2026-06-13,Active
44221,3,2025-07-06,Active
3910,4,2025-06-20,Complete
50740,5,2026-04-13,Active
25863,1,2026-06-28,Complete
52825,2,2025-01-26,Active
51133,3,2026-06-22,Active
26147,4,2025-12-07,Complete
18096,5,2025-09-04,Active
42861,1,2025-10-06,Active
8725,2,2025-05-13,Active
15729,3,2026-06-27,Active
58205,4,2026-05-12,Active
49114,5,2025-10-06,Active
49708,1,2026-05-25,Active
1509,2,2026-04-20,Active
745,3,2026-03-10,Active
13318,4,2024-09-11,Active
43273,5,2024-02-02,Active
24571,1,2026-05-23,Complete
38512,2,2026-04-22,Complete
12276,3,2026-05-27,Lapsed
20553,4,2025-07-26,Active
46437,5,2023-05-12,Active
56958,1,2026-02-12,Complete
17396,2,2025-12-29,Active
328,3,2026-04-08,Lapsed
44079,4,2024-05-02,Active
17410,5,2026-06-10,Active
31372,1,2025-05-31,Active
13500,2,2026-03-02,Active
5913,3,2024-11-20,Active
10495,4,2026-06-08,Active
23894,5,2025-08-28,Active
9815,1,2026-06-29,Complete
13027,2,2025-02-22,Active
32836,3,2026-03-02,Active
18482,4,2024-06-09,Complete
59099,5,2024-03-12,Active
24568,1,2026-06-28,Active
34515,2,2025-01-30,Active
52135,3,2026-01-21,Active
42787,4,2024-11-30,Active
37794,5,2024-11-01,Active
21247,1,2026-05-24,Active
52534,2,2026-05-29,Active
57885,3,2026-06-29,Lapsed
6928,4,2026-06-30,Active
10191,5,2024-12-14,Active
35467,1,2025-03-07,Active
45091,2,2024-01-21,Active
54011,3,2025-11-04,Active
42302,4,2024-01-13,Active
30463,5,2026-01-01,Active
1088,1,2024-08-01,Active
11791,2,2026-05-04,Complete
10466,3,2026-04-05,Active
34291,4,2022-12-23,Active
51435,5,2026-06-30,Lapsed
53901,1,2022-09-21,Active
29581,2,2025-04-29,Active
50173,3,2025-06-09,Active
57069,4,2025-11-30,Active
16949,5,2026-01-28,Complete
29951,1,2026-04-08,Complete
21298,2,2022-06-30,Active
46140,3,2025-09-24,Active
31209,4,2026-06-21,Active
52074,5,2026-03-11,Active
34061,1,2026-06-17,Complete
52310,2,2026-05-16,Active
41994,3,2025-02-03,Active
44843,4,2025-11-16,Active
15110,5,2026-06-28,Active
56518,1,2025-09-30,Complete
12124,2,2025-12-27,Active
42371,3,2026-01-12,Active
51057,4,2026-04-14,Complete
47094,5,2026-03-15,Active
3780,1,2025-11-27,Active
41721,2,2024-05-14,Lapsed
53972,3,2022-09-01,Active
44071,4,2026-04-04,Complete
44700,5,2026-04-02,Active
21593,1,2025-10-18,Lapsed
23703,2,2026-01-23,Active
41977,3,2025-11-29,Active
53364,4,2026-06-27,Complete
5363,5,2026-06-21,Active
24884,1,2026-06-18,Active
26755,2,2026-01-19,Lapsed
47477,3,2026-02-03,Complete
23877,4,2025-12-17,Complete
27320,5,2025-04-12,Active
28351,1,2026-05-31,Active
27627,2,2026-05-10,Active
28496,3,2025-12-30,Active
43945,4,2025-11-01,Complete
39515,5,2024-02-25,Active
34418,1,2024-08-10,Complete
56344,2,2026-06-30,Active
47514,3,2025-12-11,Complete
31030,4,2026-04-14,Active
28928,5,2026-04-09,Active
23409,1,2025-06-02,Active
25773,2,2026-02-28,Active
40333,3,2026-04-09,Active
38801,4,2026-05-11,Complete
35904,5,2023-08-18,Active
10422,1,2026-06-24,Complete
40182,2,2025-04-03,Complete
35454,3,2026-06-30,Active
37838,4,2026-02-01,Active
24552,5,2026-05-08,Active
27654,1,2025-08-29,Complete
10243,2,2026-06-04,Active
8215,3,2026-06-11,Complete
29423,4,2026-05-13,Active
14843,5,2023-01-09,Active
4303,1,2026-05-26,Complete
49265,2,2025-11-29,Lapsed
58118,3,2026-06-23,Lapsed
24442,4,2024-06-09,Active
28298,5,2026-05-31,Active
56378,1,2024-07-18,Complete
41069,2,2026-05-03,Active
3187,3,2024-01-17,Active
43334,4,2024-07-14,Active
128,5,2024-10-14,Complete
39079,1,2024-05-27,Active
12388,2,2026-03-11,Active
36330,3,2026-05-16,Active
7728,4,2025-01-20,Lapsed
56586,5,2025-10-18,Active
47509,1,2026-02-21,Lapsed
44967,2,2026-05-25,Active
10722,3,2026-05-29,Active
9210,4,2026-06-26,Active
58447,5,2026-06-29,Active
37987,1,2023-06-04,Lapsed
4896,2,2026-04-26,Lapsed
1417,3,2026-06-24,Active
29108,4,2026-05-19,Active
11796,5,2024-08-25,Active
2351,1,2025-02-04,Active
43081,2,2026-04-30,Active
54709,3,2026-06-06,Active
15813,4,2025-07-12,Active
38358,5,2025-12-30,Active
11539,1,2026-05-22,Active
7083,2,2025-09-29,Active
25120,3,2026-04-17,Lapsed
41731,4,2024-12-01,Active
9163,5,2026-03-01,Active
20620,1,2026-05-24,Complete
28113,2,2024-05-06,Active
36327,3,2025-12-14,Active
8031,4,2026-06-26,Active
29137,5,2026-05-09,Lapsed
52590,1,2025-08-09,Active
40161,2,2025-06-15,Complete
10458,3,2025-05-17,Active
6950,4,2025-12-25,Active
2604,5,2026-06-03,Lapsed
8692,1,2026-01-05,Active
27897,2,2026-06-22,Lapsed
21079,3,2023-04-02,Active
51924,4,2025-07-04,Active
24358,5,2026-03-03,Active
47158,1,2026-05-17,Active
29497,2,2026-02-20,Active
496,3,2025-02-17,Active
26986,4,2024-08-03,Active
5348,5,2026-05-18,Active
50516,1,2024-02-29,Active
59065,2,2026-05-15,Active
53200,3,2026-05-10,Active
19617,4,2026-06-04,Complete
27235,5,2026-04-20,Complete
50072,1,2026-04-23,Active
856,2,2026-06-09,Complete
28753,3,2026-04-08,Active
18240,4,2024-12-12,Active
40923,5,2023-10-24,Active
36014,1,2022-09-26,Active
55780,2,2026-01-12,Lapsed
56160,3,2026-03-28,Active
45965,4,2023-12-18,Active
18649,5,2026-05-08,Lapsed
32878,1,2026-05-14,Active
57193,2,2026-06-17,Active
10523,3,2025-11-19,Active
11681,4,2025-05-02,Lapsed
29625,5,2026-01-08,Active
33858,1,2026-01-22,Active
40202,2,2025-01-08,Active
4539,3,2026-05-14,Active
32179,4,2025-09-01,Lapsed
20564,5,2026-05-19,Active
12983,1,2026-03-01,Complete
59969,2,2026-06-06,Active
3096,3,2026-03-11,Active
1333,4,2026-04-02,Active
56948,5,2025-08-01,Active
11600,1,2025-07-20,Active
55722,2,2026-04-04,Active
22893,3,2026-01-02,Complete
40103,4,2024-07-14,Active
40206,5,2026-03-30,Active
57006,1,2025-10-07,Complete
44609,2,2026-03-11,Active
50473,3,2025-01-07,Active
49447,4,2026-05-19,Active
53189,5,2024-10-12,Active
40473,1,2026-04-09,Active
33573,2,2026-01-06,Complete
53466,3,2025-10-09,Complete
23071,4,2025-05-14,Active
25042,5,2025-03-08,Active
17761,1,2024-12-20,Active
20368,2,2026-06-24,Complete
23681,3,2025-10-26,Active
4985,4,2026-06-30,Active
21319,5,2026-04-13,Complete
43896,1,2025-09-15,Complete
54233,2,2025-11-29,Complete
25601,3,2025-06-03,Active
14329,4,2026-03-31,Active
29460,5,2026-03-31,Active
5952,1,2024-11-28,Active
53091,2,2024-11-23,Active
22549,3,2026-05-28,Active
40413,4,2026-06-01,Active
12351,5,2024-09-05,Complete
53297,1,2023-09-29,Active
20425,2,2025-04-10,Active
50930,3,2023-12-29,Active
53326,4,2026-03-26,Active
25703,5,2026-06-30,Complete
50601,1,2025-09-17,Complete
1285,2,2025-10-17,Active
35161,3,2026-05-28,Active
1143,4,2025-10-18,Active
3438,5,2025-08-01,Active
10352,1,2026-05-23,Active
56456,2,2026-05-22,Active
30536,3,2026-05-24,Active
59051,4,2023-04-19,Active
51693,5,2025-12-30,Active
31798,1,2022-10-08,Active
38876,2,2026-02-05,Active
19844,3,2025-11-10,Active
49829,4,2026-05-08,Active
13303,5,2026-04-24,Active
20731,1,2026-01-27,Active
39913,2,2026-06-11,Active
30337,3,2026-05-25,Active
3039,4,2026-05-06,Active
50719,5,2026-01-29,Active
38535,1,2025-08-10,Active
47354,2,2026-05-13,Complete
25720,3,2026-05-27,Active
15391,4,2026-06-01,Active
19227,5,2026-04-08,Active
29226,1,2026-06-07,Active
9063,2,2024-01-27,Active
28321,3,2025-12-15,Active
10012,4,2025-11-05,Active
21702,5,2023-02-17,Active
47383,1,2025-08-17,Active
44494,2,2026-06-08,Complete
36995,3,2025-08-13,Active
27709,4,2024-11-09,Active
38309,5,2025-08-28,Active
57313,1,2026-05-05,Complete
48135,2,2022-11-15,Active
12306,3,2025-12-18,Active
53626,4,2025-08-22,Complete
12888,5,2026-04-15,Active
45266,1,2024-03-01,Active
56031,2,2026-06-16,Active
6515,3,2025-07-12,Active
12791,4,2026-05-17,Active
43512,5,2026-03-16,Lapsed
59104,1,2026-04-20,Complete
36988,2,2022-09-28,Active
11549,3,2025-12-19,Active
25349,4,2025-03-28,Active
55738,5,2026-06-17,Lapsed
44295,1,2025-02-10,Active
29513,2,2026-01-27,Complete
57431,3,2026-05-26,Active
13008,4,2025-12-14,Active
3803,5,2025-07-12,Active
7026,1,2026-05-11,Active
11540,2,2025-09-02,Active
44493,3,2025-12-08,Active
28441,4,2024-08-28,Active
43961,5,2022-10-06,Lapsed
35323,1,2022-10-05,Lapsed
27177,2,2026-05-24,Active
24122,3,2026-04-27,Active
39866,4,2026-05-07,Active
18190,5,2024-10-18,Complete
40556,1,2025-12-31,Active
59892,2,2025-11-30,Complete
42297,3,2025-02-27,Complete
34936,4,2026-04-11,Lapsed
24653,5,2026-02-03,Active
8868,1,2026-05-17,Active
20965,2,2025-07-28,Complete
50590,3,2023-10-07,Active
43073,4,2026-02-19,Active
3719,5,2024-02-05,Active
9231,1,2025-11-18,Lapsed
32570,2,2024-04-20,Active
2738,3,2026-04-21,Active
7849,4,2026-05-10,Complete
4641,5,2026-05-08,Active
32688,1,2026-06-12,Lapsed
3773,2,2026-06-23,Active
41739,3,2024-06-29,Active
8402,4,2024-02-09,Active
23826,5,2025-08-27,Active
54687,1,2026-05-03,Complete
14528,2,2025-10-03,Active
58727,3,2026-06-25,Active
38580,4,2026-06-27,Active
28250,5,2026-03-25,Active
28015,1,2026-05-17,Complete
586,2,2026-01-17,Active
51637,3,2026-06-07,Lapsed
59805,4,2026-06-07,Active
16073,5,2026-03-05,Complete
36280,1,2026-03-11,Active
17288,2,2024-03-22,Active
18827,3,2026-06-05,Active
8579,4,2024-06-23,Active
24069,5,2026-01-18,Complete
52917,1,2026-06-05,Active
43086,2,2026-05-01,Active
7646,3,2026-06-11,Complete
15060,4,2026-06-12,Complete
44550,5,2025-10-03,Active
5935,1,2026-01-31,Active
58115,2,2026-06-17,Active
42113,3,2026-02-11,Lapsed
13424,4,2026-03-28,Complete
39452,5,2025-07-19,Lapsed
34952,1,2024-10-12,Complete
34965,2,2026-01-23,Lapsed
57535,3,2026-06-24,Active
27252,4,2025-08-11,Lapsed
28783,5,2025-03-25,Active
18771,1,2026-06-25,Active
47778,2,2026-07-01,Active
9111,3,2026-06-29,Complete
12071,4,2024-06-27,Lapsed
31732,5,2026-04-15,Complete
32585,1,2026-01-23,Active
17313,2,2026-03-13,Active
18672,3,2026-06-03,Active
23830,4,2026-02-20,Active
56954,5,2026-01-05,Complete
50751,1,2026-06-22,Complete
6343,2,2026-06-28,Active
58135,3,2026-03-15,Complete
43383,4,2025-06-27,Active
13580,5,2026-05-06,Active
55285,1,2026-06-28,Lapsed
28610,2,2024-01-28,Active
2371,3,2025-05-19,Active
38851,4,2024-03-15,Active
36892,5,2026-06-29,Active
27091,1,2024-02-26,Lapsed
42166,2,2024-10-04,Active
43067,3,2025-10-10,Active
41052,4,2025-03-29,Complete
7351,5,2025-05-15,Active
51543,1,2025-11-11,Complete
1281,2,2025-06-20,Active
16834,3,2026-06-06,Active
21918,4,2025-07-30,Active
34047,5,2026-01-24,Active
53593,1,2026-04-22,Active
27493,2,2023-07-23,Active
19554,3,2026-05-04,Active
4149,4,2025-12-24,Complete
52122,5,2025-03-01,Active
25535,1,2025-03-03,Active
13139,2,2026-06-13,Complete
51689,3,2024-01-13,Active
39436,4,2025-11-17,Active
48892,5,2026-02-20,Complete
4462,1,2025-06-24,Complete
34992,2,2025-05-05,Active
54716,3,2025-07-13,Active
56488,4,2026-03-04,Active
54321,5,2024-05-18,Active
25428,1,2025-11-02,Lapsed
12871,2,2025-04-17,Active
23731,3,2026-06-29,Active
6935,4,2025-06-21,Active
18248,5,2026-04-16,Complete
11148,1,2025-04-25,Active
39020,2,2026-05-30,Complete
47982,3,2026-06-06,Lapsed
21703,4,2026-06-02,Active
13661,5,2026-06-21,Active
57906,1,2023-04-27,Active
26370,2,2025-10-15,Active
16263,3,2025-01-08,Active
49796,4,2024-03-05,Complete
24618,5,2026-03-25,Complete
30389,1,2026-06-06,Active
33838,2,2026-04-29,Complete
26704,3,2026-06-26,Active
12677,4,2026-04-01,Active
5287,5,2025-12-01,Active
15678,1,2026-05-02,Active
38006,2,2025-10-08,Active
46181,3,2026-05-26,Active
24841,4,2026-05-11,Active
3589,5,2025-03-10,Active
49207,1,2026-06-21,Lapsed
2962,2,2022-01-02,Active
37131,3,2026-03-30,Active
17139,4,2026-01-15,Active
6616,5,2026-04-23,Active
20242,1,2025-04-17,Complete
10472,2,2026-04-10,Complete
34434,3,2023-08-23,Active
14875,4,2026-02-13,Complete
10556,5,2023-08-05,Active
9368,1,2026-03-28,Complete
31932,2,2026-02-09,Active
42862,3,2026-05-30,Active
44994,4,2026-03-06,Active
55753,5,2023-04-21,Active
28766,1,2023-08-19,Active
36206,2,2026-05-07,Active
30908,3,2026-06-07,Lapsed
30994,4,2026-04-16,Lapsed
35699,5,2026-04-02,Active
5223,1,2025-01-12,Active
41072,2,2025-07-03,Lapsed
33371,3,2025-12-29,Active
1055,4,2026-05-04,Active
31927,5,2024-12-02,Active
16316,1,2026-02-15,Active
7253,2,2024-01-14,Active
58080,3,2026-05-08,Active
5036,4,2026-01-17,Lapsed
56838,5,2023-10-11,Active
1436,1,2026-05-19,Complete
26277,2,2026-01-24,Complete
51621,3,2026-02-23,Active
11101,4,2026-06-30,Lapsed
55056,5,2024-04-17,Active
20399,1,2025-08-13,Complete
56613,2,2025-01-27,Complete
1804,3,2026-05-09,Active
35288,4,2025-08-11,Active
4719,5,2026-01-09,Active
25491,1,2026-02-21,Complete
43305,2,2026-06-19,Active
16940,3,2026-05-09,Active
3889,4,2026-05-15,Active
37873,5,2025-09-19,Active
7637,1,2025-05-31,Complete
49133,2,2026-01-26,Active
41845,3,2026-04-28,Complete
21564,4,2026-03-18,Complete
30614,5,2026-05-15,Active
10211,1,2024-11-28,Active
19482,2,2026-06-29,Active
12009,3,2025-03-19,Complete
49482,4,2026-05-29,Complete
43480,5,2025-03-19,Active
19941,1,2024-08-31,Active
41364,2,2026-06-18,Active
34240,3,2026-05-25,Active
29120,4,2025-06-20,Active
54239,5,2026-01-30,Active
43486,1,2026-06-21,Active
10493,2,2026-05-22,Active
29742,3,2025-07-27,Complete
23691,4,2025-09-19,Complete
5434,5,2024-07-05,Complete
59484,1,2024-11-24,Active
15144,2,2024-12-17,Complete
16156,3,2022-07-18,Active
49695,4,2026-05-21,Active
13514,5,2024-03-19,Complete
38720,1,2026-06-18,Active
53088,2,2025-10-16,Active
48489,3,2025-12-18,Active
54001,4,2025-03-14,Active
1191,5,2026-01-14,Active
59334,1,2026-05-24,Active
18664,2,2025-06-21,Active
40932,3,2025-09-17,Active
23056,4,2025-11-20,Complete
51629,5,2026-06-27,Active
54252,1,2026-01-30,Active
35363,2,2026-06-10,Lapsed
39371,3,2026-05-16,Active
3875,4,2026-01-20,Lapsed
1510,5,2024-03-26,Active
17962,1,2026-03-24,Active
17465,2,2023-05-19,Complete
43103,3,2025-12-27,Active
28044,4,2025-09-27,Active
40754,5,2024-04-24,Complete
10500,1,2026-01-03,Active
6558,2,2025-10-02,Complete
37795,3,2026-05-11,Active
50016,4,2026-06-30,Active
38435,5,2024-02-05,Active
43669,1,2026-01-30,Active
54994,2,2026-05-31,Active
59920,3,2026-03-29,Active
50576,4,2026-04-17,Lapsed
46733,5,2026-06-15,Active
37430,1,2026-05-25,Active
33134,2,2026-06-04,Complete
53850,3,2023-12-27,Active
37046,4,2025-06-07,Active
31454,5,2025-04-11,Active
14185,1,2024-12-11,Active
52698,2,2026-02-27,Active
14685,3,2026-06-26,Active
59645,4,2025-12-03,Active
54471,5,2025-06-22,Active
5741,1,2026-06-18,Complete
16435,2,2026-06-17,Active
31149,3,2025-10-06,Active
1944,4,2026-04-09,Active
10256,5,2025-04-07,Active
20276,1,2026-05-20,Active
26038,2,2025-10-25,Complete
3042,3,2022-12-06,Complete
808,4,2026-05-08,Complete
18056,5,2026-06-14,Lapsed
35212,1,2025-09-10,Active
27930,2,2026-05-21,Active
44040,3,2024-07-26,Complete
12393,4,2024-03-10,Active
55494,5,2024-09-14,Complete
30501,1,2026-06-05,Complete
24183,2,2025-07-12,Active
14172,3,2026-06-04,Active
28467,4,2025-07-20,Active
19737,5,2026-06-06,Lapsed
58762,1,2025-09-18,Complete
33302,2,2026-05-11,Active
27425,3,2026-04-16,Lapsed
22876,4,2025-04-19,Active
21070,5,2024-06-25,Complete
50267,1,2024-05-05,Complete
41050,2,2026-01-20,Active
59253,3,2026-05-17,Complete
6300,4,2026-01-06,Active
35981,5,2025-03-05,Active
32976,1,2025-03-08,Active
29843,2,2025-09-06,Complete
58392,3,2024-11-30,Lapsed
45981,4,2025-11-30,Lapsed
29258,5,2026-01-03,Active
14132,1,2025-01-24,Active
10439,2,2026-01-09,Complete
26416,3,2026-04-01,Active
45593,4,2025-09-01,Complete
10161,5,2025-06-14,Active
40385,1,2026-05-30,Active
6944,2,2025-11-30,Active
38296,3,2025-11-25,Active
30251,4,2026-01-27,Active
6485,5,2024-01-05,Complete
33594,1,2026-04-30,Active
38681,2,2025-04-10,Complete
34115,3,2026-06-22,Active
47393,4,2026-06-25,Active
42070,5,2025-04-06,Active
46334,1,2026-05-27,Active
42189,2,2026-02-08,Active
25818,3,2026-06-18,Active
37415,4,2025-10-20,Active
18719,5,2026-04-12,Active
57000,1,2025-03-22,Active
44934,2,2026-02-27,Active
5428,3,2025-11-15,Lapsed
520,4,2026-06-25,Active
41011,5,2024-10-07,Active
36162,1,2026-06-10,Active
32117,2,2025-05-10,Active
32610,3,2024-04-20,Complete
43054,4,2026-05-24,Active
53132,5,2026-06-24,Active
12391,1,2025-09-23,Complete
59352,2,2022-12-03,Complete
18148,3,2026-06-01,Active
52501,4,2025-07-07,Active
33446,5,2026-05-06,Active
15565,1,2026-02-22,Active
35076,2,2025-01-15,Active
8869,3,2025-09-21,Active
55396,4,2026-06-30,Active
3226,5,2025-04-23,Active
55686,1,2026-01-08,Active
17930,2,2026-02-16,Active
2539,3,2025-09-12,Active
6218,4,2026-04-22,Active
11354,5,2026-06-09,Active
138,1,2026-01-11,Active
23714,2,2026-06-09,Active
1951,3,2026-01-27,Active
26407,4,2025-07-18,Lapsed
29326,5,2025-05-30,Active
12589,1,2026-04-07,Active
35497,2,2025-09-14,Active
19792,3,2025-09-28,Active
57146,4,2025-11-10,Active
16523,5,2025-12-01,Complete
26772,1,2026-04-04,Lapsed
20340,2,2025-06-04,Active
54857,3,2026-06-12,Active
6576,4,2026-03-18,Active
39311,5,2024-09-24,Active
54682,1,2026-02-08,Active
12789,2,2026-01-14,Active
27657,3,2026-02-15,Complete
25282,4,2024-04-25,Active
36367,5,2026-05-13,Active
42599,1,2026-06-16,Complete
46016,2,2025-10-07,Active
56951,3,2024-04-01,Lapsed
52906,4,2025-03-06,Active
20137,5,2026-06-10,Active
40143,1,2026-05-19,Lapsed
49536,2,2026-01-10,Complete
4935,3,2026-01-27,Complete
19668,4,2025-11-19,Active
21054,5,2026-01-17,Active
43006,1,2026-04-06,Complete
13134,2,2025-07-19,Active
21544,3,2025-11-03,Lapsed
22364,4,2026-06-29,Active
35810,5,2025-07-27,Active
53930,1,2025-12-01,Active
5044,2,2025-11-04,Active
3149,3,2026-03-05,Active
51348,4,2026-05-19,Active
18150,5,2026-05-18,Active
38752,1,2026-02-03,Active
1905,2,2023-05-09,Active
34533,3,2024-10-02,Complete
45060,4,2026-06-23,Active
37286,5,2026-05-25,Lapsed
20030,1,2025-11-08,Active
54835,2,2026-03-09,Lapsed
23086,3,2026-06-28,Active
25662,4,2025-11-05,Active
10390,5,2025-06-16,Complete
10885,1,2024-03-19,Active
33675,2,2026-04-14,Active
29129,3,2026-06-28,Active
19389,4,2026-03-31,Lapsed
12545,5,2026-06-01,Active
37826,1,2026-06-12,Active
20261,2,2024-04-27,Complete
13527,3,2026-06-27,Active
53236,4,2026-05-17,Active
50346,5,2025-10-28,Active
32309,1,2024-02-29,Active
1092,2,2025-01-26,Active
3423,3,2026-06-05,Lapsed
5548,4,2025-02-24,Active
41808,5,2025-05-28,Active
51053,1,2025-10-14,Active
30090,2,2025-06-25,Active
22808,3,2025-10-17,Active
24134,4,2025-10-24,Active
41164,5,2025-09-23,Active
27831,1,2026-05-22,Active
26456,2,2026-06-11,Active
8918,3,2024-05-27,Active
7235,4,2026-04-05,Active
9911,5,2026-06-07,Active
9702,1,2026-06-14,Active
25393,2,2024-04-23,Active
57981,3,2026-02-19,Active
25344,4,2026-04-19,Lapsed
19454,5,2026-06-29,Complete
56302,1,2025-08-19,Active
56597,2,2024-08-15,Active
3767,3,2023-05-26,Active
19101,4,2022-09-14,Active
24647,5,2023-06-18,Active
30235,1,2025-11-01,Active
51869,2,2025-08-20,Active
40998,3,2026-05-13,Active
42610,4,2025-12-14,Active
52798,5,2025-09-04,Active
11316,1,2026-04-08,Complete
27673,2,2026-02-27,Complete
47542,3,2026-03-16,Active
40208,4,2025-03-21,Complete
26713,5,2024-12-18,Complete
1488,1,2026-01-06,Complete
45055,2,2025-09-11,Lapsed
43071,3,2025-02-03,Lapsed
31468,4,2026-04-23,Lapsed
33669,5,2025-11-13,Active
32002,1,2025-01-28,Complete
53967,2,2026-02-11,Active
46511,3,2025-09-19,Complete
7370,4,2026-06-07,Active
3555,5,2023-04-02,Active
2330,1,2025-12-02,Active
2462,2,2023-10-18,Complete
54246,3,2026-06-26,Lapsed
15266,4,2025-08-25,Active
13267,5,2024-12-04,Complete
26899,1,2026-06-24,Active
55675,2,2026-06-06,Active
6970,3,2025-11-19,Active
47693,4,2026-06-09,Active
55797,5,2023-11-26,Complete
31972,1,2025-12-12,Active
50951,2,2026-02-10,Complete
32902,3,2023-03-25,Lapsed
10630,4,2026-06-02,Active
38203,5,2023-01-14,Active
13308,1,2024-10-06,Lapsed
8291,2,2024-10-28,Complete
50816,3,2026-01-24,Active
9528,4,2026-06-07,Active
21558,5,2026-04-19,Active
15837,1,2025-02-16,Active
14376,2,2026-06-24,Complete
20983,3,2023-03-17,Active
6020,4,2026-04-10,Active
49994,5,2026-03-12,Active
47589,1,2026-06-29,Complete
25901,2,2025-10-14,Complete
15512,3,2024-11-30,Active
40914,4,2024-11-23,Active
42106,5,2023-11-03,Complete
47630,1,2026-05-09,Lapsed
32164,2,2026-06-14,Active
15880,3,2025-10-07,Lapsed
59564,4,2026-06-28,Active
36668,5,2025-11-11,Active
54745,1,2026-05-10,Active
28238,2,2026-03-28,Active
48303,3,2024-03-14,Complete
58167,4,2026-02-06,Complete
33965,5,2026-06-22,Lapsed
39303,1,2023-09-05,Active
6299,2,2026-04-30,Active
7776,3,2026-06-17,Lapsed
43969,4,2026-04-04,Active
36373,5,2023-10-10,Active
30006,1,2025-10-23,Active
1519,2,2024-06-20,Lapsed
58658,3,2026-03-04,Active
28910,4,2026-06-29,Complete
26082,5,2025-05-24,Active
10368,1,2025-09-28,Active
54084,2,2026-06-15,Active
22999,3,2025-11-18,Active
45998,4,2026-05-20,Complete
54066,5,2026-01-12,Active
6717,1,2025-12-04,Active
6118,2,2026-06-29,Active
37772,3,2025-06-25,Active
14298,4,2026-06-25,Complete
4678,5,2024-03-31,Complete
28985,1,2026-04-26,Complete
26279,2,2025-06-23,Active
10244,3,2026-06-22,Active
28748,4,2026-06-09,Active
58634,5,2026-04-15,Active
11941,1,2023-06-06,Active
47841,2,2026-06-20,Active
25805,3,2026-03-04,Active
32940,4,2026-04-29,Active
52272,5,2025-09-07,Active
31512,1,2026-06-12,Complete
38109,2,2026-05-05,Active
54821,3,2025-10-17,Active
37539,4,2025-12-17,Active
5180,5,2025-09-25,Active
54103,1,2026-02-22,Complete
40468,2,2025-05-09,Complete
2522,3,2026-06-24,Active
55032,4,2026-06-05,Active
45838,5,2026-04-17,Active
22056,1,2025-10-26,Complete
54832,2,2026-03-27,Active
57852,3,2024-11-28,Complete
13501,4,2026-04-27,Active
50500,5,2026-03-13,Lapsed
9071,1,2026-06-28,Complete
15433,2,2025-03-02,Active
36777,3,2026-04-20,Active
16626,4,2025-09-28,Complete
45590,5,2026-06-30,Active
35229,1,2025-04-03,Lapsed
1164,2,2023-12-01,Active
49806,3,2024-02-04,Active
26736,4,2025-10-10,Active
25745,5,2025-10-31,Active
50255,1,2023-04-19,Active
5829,2,2026-05-28,Complete
56099,3,2025-08-29,Active
30027,4,2025-11-06,Lapsed
40272,5,2024-11-13,Active
4171,1,2026-06-20,Active
11271,2,2026-06-17,Complete
11470,3,2022-11-13,Complete
31248,4,2026-05-13,Lapsed
26425,5,2025-09-23,Complete
45416,1,2026-02-02,Complete
7066,2,2025-05-09,Complete
4372,3,2024-06-24,Complete
24427,4,2026-06-28,Active
16849,5,2024-09-12,Active
38196,1,2025-12-17,Active
30857,2,2026-06-08,Active
45028,3,2026-03-22,Lapsed
11732,4,2025-09-11,Lapsed
21018,5,2023-03-18,Active
28195,1,2026-03-26,Active
10450,2,2026-06-30,Complete
48876,3,2026-04-05,Complete
12369,4,2026-06-16,Lapsed
22673,5,2024-05-26,Active
59053,1,2026-06-21,Complete
57071,2,2023-12-05,Lapsed
50983,3,2026-05-02,Complete
36552,4,2025-04-05,Active
47842,5,2026-03-14,Active
5761,1,2025-12-19,Active
58638,2,2025-10-27,Active
12209,3,2025-09-11,Active
16681,4,2026-06-30,Active
55698,5,2025-10-02,Active
50027,1,2026-04-22,Lapsed
57752,2,2026-01-21,Lapsed
46982,3,2026-06-16,Active
1866,4,2024-07-03,Active
33913,5,2026-01-31,Complete
7998,1,2026-04-15,Complete
35847,2,2026-06-27,Active
42755,3,2025-12-06,Active
6386,4,2026-06-28,Active
2024,5,2026-03-21,Active
32224,1,2026-06-27,Active
13106,2,2026-04-16,Complete
35766,3,2025-10-14,Active
17549,4,2024-11-04,Active
27944,5,2025-12-06,Active
27485,1,2026-05-23,Active
29512,2,2025-11-11,Complete
19995,3,2026-02-02,Active
403,4,2023-06-17,Active
19921,5,2026-06-02,Complete
51788,1,2026-04-13,Complete
44541,2,2025-06-28,Lapsed
12908,3,2026-01-23,Active
15531,4,2026-04-05,Active
22183,5,2025-12-10,Active
21609,1,2024-02-24,Complete
9385,2,2025-10-10,Active
57927,3,2023-08-16,Lapsed
1223,4,2024-08-08,Active
44556,5,2026-06-11,Active
58315,1,2026-06-30,Active
24066,2,2026-04-14,Complete
17529,3,2024-09-16,Active
59885,4,2025-11-14,Active
54234,5,2026-05-18,Active
17020,1,2025-12-28,Active
26836,2,2026-05-16,Active
44383,3,2024-09-09,Active
7883,4,2021-12-29,Complete
10775,5,2026-06-05,Active
26648,1,2025-01-22,Active
28519,2,2026-03-24,Complete
17980,3,2025-07-23,Complete
59743,4,2026-06-03,Active
6543,5,2026-06-29,Active
10380,1,2025-06-21,Active
33013,2,2022-11-29,Active
13975,3,2024-05-08,Complete
40221,4,2024-08-10,Lapsed
21274,5,2023-09-15,Active
33921,1,2025-01-27,Active
14925,2,2025-04-10,Active
48638,3,2022-11-14,Active
27359,4,2024-12-17,Complete
54410,5,2026-05-05,Active
15208,1,2026-01-24,Active
37076,2,2023-10-17,Active
53856,3,2026-06-22,Active
13197,4,2025-03-13,Active
50057,5,2025-10-09,Active
26941,1,2025-06-24,Active
15934,2,2025-11-23,Active
42039,3,2024-04-10,Active
4079,4,2025-09-11,Active
27028,5,2023-12-15,Complete
10790,1,2026-04-29,Active
49396,2,2026-05-04,Active
6198,3,2026-05-16,Lapsed
7610,4,2026-06-18,Active
18104,5,2026-05-13,Active
53733,1,2024-06-01,Active
1414,2,2026-05-09,Complete
49555,3,2023-11-09,Lapsed
18563,4,2026-02-26,Active
30680,5,2025-09-03,Active
19813,1,2026-06-29,Lapsed
24993,2,2025-10-07,Complete
32694,3,2023-07-04,Complete
48240,4,2026-05-07,Active
42658,5,2024-03-18,Active
18915,1,2024-09-09,Active
2811,2,2026-02-03,Complete
10776,3,2025-12-31,Active
39925,4,2025-08-19,Active
27483,5,2026-02-09,Active
16368,1,2026-05-02,Active
41183,2,2024-10-13,Active
55707,3,2026-01-07,Active
44519,4,2025-07-09,Complete
18570,5,2025-08-05,Active
46939,1,2026-06-18,Active
33411,2,2026-06-07,Complete
39208,3,2026-04-27,Complete
36033,4,2025-01-03,Lapsed
9201,5,2026-01-08,Lapsed
17190,1,2022-11-30,Complete
2336,2,2026-03-04,Active
58738,3,2026-05-23,Active
1394,4,2026-04-10,Active
15410,5,2026-02-12,Active
6025,1,2025-07-07,Active
45691,2,2026-06-26,Active
22441,3,2021-09-30,Complete
22340,4,2025-09-02,Active
1099,5,2026-04-08,Lapsed
6769,1,2026-06-03,Active
45262,2,2026-01-25,Active
51095,3,2025-07-30,Active
13330,4,2025-10-10,Active
26065,5,2024-12-24,Active
10394,1,2026-01-14,Active
31606,2,2026-03-28,Active
21192,3,2025-06-02,Complete
52406,4,2026-06-19,Lapsed
11842,5,2026-03-29,Active
31000,1,2026-05-30,Complete
26567,2,2026-06-22,Active
37206,3,2025-07-06,Active
19743,4,2026-05-11,Active
55969,5,2025-11-08,Complete
10646,1,2025-03-08,Lapsed
9773,2,2024-07-11,Active
54399,3,2026-06-14,Active
7217,4,2026-06-26,Complete
44244,5,2024-02-23,Active
15889,1,2025-11-04,Active
55,2,2026-05-29,Active
23051,3,2024-08-26,Active
22472,4,2025-07-06,Active
28208,5,2026-06-23,Active
42353,1,2025-10-02,Lapsed
22568,2,2025-11-07,Active
29654,3,2025-02-21,Active
16018,4,2025-12-09,Active
44875,5,2024-08-27,Active
58616,1,2025-11-07,Complete
3559,2,2026-02-23,Active
1650,3,2026-01-17,Active
55288,4,2026-06-22,Active
11613,5,2025-10-29,Active
19572,1,2026-04-14,Active
8012,2,2026-06-22,Complete
9656,3,2025-04-12,Active
3368,4,2024-10-15,Active
41797,5,2026-03-28,Active
58099,1,2026-06-13,Complete
350,2,2025-11-04,Lapsed
9642,3,2026-02-24,Active
23280,4,2024-05-23,Active
27492,5,2026-03-25,Active
29215,1,2026-06-27,Active
19628,2,2024-03-13,Active
45480,3,2023-07-14,Complete
23480,4,2025-03-01,Active
52953,5,2025-12-08,Active
48733,1,2026-04-15,Active
36433,2,2025-09-03,Active
50358,3,2025-08-21,Active
33458,4,2026-01-04,Active
24055,5,2026-06-11,Active
22863,1,2026-03-12,Active
43153,2,2024-10-18,Active
9763,3,2026-04-20,Active
44873,4,2022-10-24,Active
17341,5,2024-06-14,Lapsed
54419,1,2024-11-12,Complete
20723,2,2024-05-26,Active
42970,3,2026-05-07,Active
53348,4,2025-04-20,Active
27145,5,2026-05-20,Complete
49119,1,2026-04-15,Active
20176,2,2026-02-22,Lapsed
20597,3,2026-05-16,Active
15435,4,2026-01-05,Active
41966,5,2026-06-01,Active
34133,1,2026-06-06,Active
50332,2,2025-02-09,Active
43123,3,2026-04-07,Active
24196,4,2024-11-02,Active
44510,5,2025-06-22,Active
19812,1,2026-01-26,Complete
16264,2,2024-04-09,Active
31050,3,2025-10-17,Active
35343,4,2025-03-02,Active
7358,5,2024-02-03,Lapsed
44460,1,2026-06-27,Active
41303,2,2025-06-08,Active
40387,3,2026-03-07,Active
9507,4,2025-10-15,Complete
1750,5,2026-06-29,Active
27426,1,2026-06-27,Complete
9307,2,2026-06-12,Complete
16165,3,2024-01-07,Active
21250,4,2026-06-15,Active
53327,5,2025-11-25,Active
42135,1,2025-09-02,Active
29393,2,2026-06-04,Active
16342,3,2025-08-10,Active
27710,4,2024-02-25,Complete
51635,5,2026-04-26,Active
24897,1,2026-01-22,Active
55418,2,2026-04-10,Complete
8065,3,2026-06-13,Active
14694,4,2024-07-31,Complete
36917,5,2025-10-25,Active
53544,1,2026-06-16,Active
48575,2,2025-10-07,Active
43403,3,2023-07-28,Active
31440,4,2025-09-03,Active
39431,5,2026-06-14,Active
42088,1,2026-03-20,Active
58134,2,2025-06-14,Complete
50466,3,2025-09-22,Active
34749,4,2026-06-19,Lapsed
47273,5,2025-09-29,Active
50197,1,2026-04-03,Complete
23361,2,2025-11-01,Active
7548,3,2026-06-24,Active
44856,4,2026-03-23,Active
1236,5,2025-06-02,Active
20084,1,2024-12-06,Active
20926,2,2023-07-24,Active
11477,3,2025-09-11,Complete
48513,4,2026-06-17,Active
19727,5,2023-10-21,Active
33027,1,2024-02-06,Active
28995,2,2026-06-04,Active
55403,3,2026-01-27,Active
40014,4,2026-03-27,Active
23602,5,2026-04-14,Complete
50589,1,2026-06-16,Active
21568,2,2025-03-16,Active
17268,3,2026-04-27,Complete
30447,4,2025-09-27,Complete
41306,5,2026-01-14,Complete
4556,1,2025-11-19,Complete
51533,2,2026-06-26,Active
48130,3,2025-08-06,Complete
55034,4,2026-05-21,Active
3232,5,2026-05-06,Active
2721,1,2026-04-04,Complete
35722,2,2026-03-27,Active
51583,3,2025-01-13,Active
31518,4,2026-06-24,Complete
9078,5,2025-08-05,Lapsed
46913,1,2026-01-13,Active
49169,2,2026-05-27,Complete
39994,3,2026-06-15,Active
27977,4,2025-09-22,Active
23568,5,2022-10-26,Complete
8907,1,2025-03-08,Complete
26263,2,2026-06-04,Active
18947,3,2026-06-16,Active
38883,4,2026-06-26,Active
44173,5,2026-01-09,Active
34198,1,2026-06-25,Active
24486,2,2025-12-05,Complete
23304,3,2026-06-24,Active
50049,4,2025-02-27,Complete
27128,5,2026-06-25,Active
19140,1,2024-09-09,Active
40557,2,2026-05-28,Active
43743,3,2024-12-15,Active
6690,4,2026-04-22,Active
53325,5,2026-05-03,Active
4075,1,2026-02-18,Active
25795,2,2026-02-10,Active
42345,3,2026-06-19,Complete
26004,4,2025-05-30,Active
10597,5,2026-06-17,Active
15152,1,2024-05-11,Active
34369,2,2025-09-18,Complete
39943,3,2025-04-23,Active
33844,4,2024-12-01,Active
6429,5,2026-01-25,Active
18197,1,2026-02-03,Active
20414,2,2025-01-12,Active
6313,3,2026-06-30,Active
29212,4,2025-02-14,Complete
41960,5,2022-07-12,Lapsed
18789,1,2026-03-17,Active
5271,2,2026-06-25,Complete
50490,3,2026-05-10,Active
55356,4,2025-12-12,Active
41391,5,2025-07-14,Active
24934,1,2026-01-03,Active
1102,2,2026-01-15,Active
10541,3,2026-06-03,Active
31026,4,2026-06-03,Active
33895,5,2026-06-17,Active
56007,1,2025-09-03,Active
50512,2,2026-05-18,Active
40224,3,2025-02-04,Complete
42710,4,2026-06-26,Complete
16916,5,2026-06-29,Lapsed
19132,1,2026-04-17,Complete
38005,2,2025-01-31,Lapsed
44177,3,2026-06-13,Complete
13946,4,2026-02-15,Active
44917,5,2026-04-12,Complete
33825,1,2026-06-24,Active
44792,2,2025-12-01,Lapsed
9145,3,2026-06-12,Active
38192,4,2024-12-16,Complete
34437,5,2026-04-30,Complete
34996,1,2026-06-22,Lapsed
24299,2,2025-08-28,Lapsed
58379,3,2026-02-20,Active
52630,4,2025-07-12,Active
16731,5,2025-12-05,Active
382,1,2024-09-23,Active
54589,2,2025-03-25,Complete
14338,3,2026-06-02,Active
19824,4,2025-09-27,Active
3729,5,2023-09-29,Lapsed
5497,1,2026-06-01,Active
32277,2,2025-03-16,Complete
37096,3,2026-02-08,Active
23091,4,2026-06-30,Active
46647,5,2025-12-03,Active
26716,1,2024-11-11,Active
21691,2,2025-06-08,Complete
56198,3,2024-01-06,Lapsed
57008,4,2026-06-13,Lapsed
16313,5,2026-06-26,Complete
13702,1,2026-06-24,Active
55001,2,2023-01-02,Active
25139,3,2026-06-28,Lapsed
46520,4,2025-12-29,Active
24107,5,2025-09-15,Active
39467,1,2026-06-30,Complete
8015,2,2026-05-16,Active
43652,3,2025-09-19,Active
57663,4,2025-05-29,Lapsed
37898,5,2026-03-10,Active
59303,1,2026-03-31,Complete
23437,2,2026-04-24,Complete
7595,3,2025-05-22,Active
59029,4,2026-06-01,Active
44522,5,2026-05-06,Active
55823,1,2026-06-27,Active
16750,2,2026-06-30,Lapsed
24988,3,2025-12-25,Active
5519,4,2025-08-20,Active
55073,5,2026-02-05,Active
39783,1,2025-12-01,Active
4854,2,2026-02-18,Complete
47413,3,2026-06-11,Complete
52927,4,2024-01-01,Complete
34929,5,2026-01-09,Lapsed
17933,1,2026-06-17,Active
2614,2,2025-05-29,Active
25264,3,2026-06-02,Lapsed
57550,4,2025-10-11,Complete
55167,5,2026-05-06,Active
35348,1,2025-05-08,Active
48211,2,2023-11-21,Active
20477,3,2025-05-28,Lapsed
12532,4,2025-03-10,Active
18601,5,2024-10-26,Active
34631,1,2025-11-26,Lapsed
6977,2,2026-06-26,Complete
13994,3,2026-03-20,Complete
50254,4,2026-04-15,Active
27919,5,2025-12-03,Active
1259,1,2026-06-30,Active
52549,2,2025-09-23,Active
34590,3,2026-02-11,Lapsed
46644,4,2025-05-02,Active
17427,5,2023-09-27,Active
7575,1,2025-11-22,Lapsed
11304,2,2026-06-07,Active
57661,3,2026-06-16,Active
42641,4,2026-06-08,Lapsed
7640,5,2023-04-08,Active
37167,1,2026-06-06,Active
34228,2,2026-01-21,Complete
5042,3,2025-06-16,Active
20460,4,2025-02-03,Active
32534,5,2023-12-20,Active
15994,1,2025-08-06,Active
15159,2,2025-11-29,Active
13926,3,2026-01-19,Active
20021,4,2024-03-06,Active
11491,5,2026-03-18,Active
9896,1,2024-11-18,Lapsed
3107,2,2025-11-28,Active
49346,3,2025-08-09,Lapsed
47774,4,2026-03-09,Complete
27453,5,2024-12-28,Complete
55079,1,2026-05-19,Active
55822,2,2023-11-04,Lapsed
33804,3,2026-05-13,Complete
6666,4,2026-06-27,Complete
30242,5,2026-02-16,Active
36046,1,2023-02-06,Active
44268,2,2026-05-09,Complete
3234,3,2025-04-29,Active
22804,4,2025-02-14,Complete
46256,5,2023-02-19,Active
55192,1,2026-01-14,Complete
29203,2,2022-11-24,Active
20606,3,2026-03-30,Active
46650,4,2024-08-27,Active
19138,5,2026-06-26,Complete
56222,1,2026-06-18,Active
16331,2,2026-02-23,Active
3946,3,2026-06-15,Complete
54063,4,2024-06-29,Active
10085,5,2025-10-27,Active
55328,1,2024-11-02,Complete
51259,2,2025-11-22,Active
23529,3,2025-11-03,Active
47893,4,2026-04-03,Active
7903,5,2024-12-03,Complete
52400,1,2024-03-05,Active
36279,2,2025-07-28,Active
49537,3,2022-05-09,Lapsed
54406,4,2026-05-07,Complete
17112,5,2025-08-13,Active
58187,1,2025-03-15,Active
38165,2,2024-05-23,Active
194,3,2026-01-14,Active
14181,4,2026-06-12,Lapsed
57886,5,2025-09-02,Active
14654,1,2026-07-01,Active
32759,2,2026-06-17,Active
27960,3,2026-04-27,Active
14582,4,2025-11-03,Active
24264,5,2026-04-29,Lapsed
21421,1,2026-06-19,Active
56319,2,2026-05-03,Active
14242,3,2025-05-18,Active
8353,4,2025-01-28,Active
17604,5,2026-01-03,Active
48113,1,2025-12-18,Active
8575,2,2026-04-29,Active
46959,3,2026-05-21,Active
48196,4,2026-03-16,Active
58692,5,2025-05-04,Complete
26190,1,2022-02-01,Lapsed
51868,2,2023-06-18,Complete
40562,3,2026-06-03,Active
47844,4,2025-11-22,Active
14123,5,2026-03-26,Lapsed
34753,1,2024-05-31,Active
52397,2,2026-05-21,Complete
27203,3,2025-04-08,Complete
38718,4,2026-04-11,Active
7698,5,2025-09-22,Active
55710,1,2025-09-14,Active
298,2,2025-12-22,Active
52632,3,2026-06-09,Active
6902,4,2024-07-17,Active
42587,5,2025-09-20,Active
31841,1,2026-04-02,Complete
36858,2,2026-04-07,Active
18030,3,2025-09-25,Lapsed
7142,4,2025-01-03,Active
9811,5,2025-04-22,Active
36328,1,2023-12-19,Active
15392,2,2024-05-14,Active
35090,3,2026-03-18,Active
48732,4,2025-08-24,Active
29624,5,2026-03-05,Active
23989,1,2026-02-05,Complete
19626,2,2026-04-03,Complete
44518,3,2026-04-13,Active
37469,4,2026-04-18,Active
59736,5,2026-06-13,Complete
15258,1,2026-03-27,Complete
8170,2,2024-07-24,Active
22474,3,2026-03-22,Active
3740,4,2026-01-31,Active
36405,5,2026-03-30,Complete
2045,1,2026-03-29,Active
43192,2,2026-04-27,Complete
19858,3,2025-06-24,Complete
8861,4,2022-05-19,Active
51534,5,2026-04-29,Active
30496,1,2026-06-27,Active
50366,2,2026-01-15,Lapsed
37,3,2026-06-26,Active
6877,4,2026-05-25,Active
45761,5,2025-10-01,Active
20334,1,2025-07-16,Complete
14415,2,2026-03-28,Active
14860,3,2025-02-08,Active
10141,4,2025-06-03,Active
45976,5,2026-04-23,Active
21404,1,2026-04-15,Lapsed
18717,2,2026-01-26,Active
3864,3,2025-11-20,Active
42441,4,2026-02-15,Active
3526,5,2026-06-05,Complete
23126,1,2024-08-23,Complete
23618,2,2026-05-28,Active
21667,3,2024-03-19,Complete
19514,4,2024-07-10,Active
17081,5,2025-12-25,Active
58130,1,2026-05-14,Active
42697,2,2026-06-20,Active
31688,3,2026-03-23,Active
5765,4,2025-05-01,Active
5640,5,2025-05-27,Active
37028,1,2023-10-02,Active
36997,2,2026-06-27,Complete
40441,3,2026-05-27,Lapsed
1845,4,2026-06-28,Active
34295,5,2026-06-02,Active
160,1,2026-02-20,Active
41432,2,2026-06-13,Lapsed
59166,3,2026-06-05,Active
28165,4,2025-06-15,Active
58691,5,2026-04-09,Active
25442,1,2026-06-03,Active
24821,2,2026-03-08,Complete
2046,3,2026-06-16,Active
57969,4,2024-07-16,Active
32152,5,2026-05-04,Active
46199,1,2026-03-14,Complete
25573,2,2026-06-22,Active
32993,3,2026-01-08,Complete
33061,4,2024-08-31,Active
3028,5,2026-06-02,Complete
6655,1,2026-06-15,Active
52227,2,2025-11-02,Active
8347,3,2026-05-21,Lapsed
34001,4,2023-06-19,Active
58026,5,2025-11-01,Active
4101,1,2026-04-17,Active
18267,2,2026-05-12,Active
40975,3,2025-07-24,Complete
9838,4,2026-04-11,Active
9914,5,2025-12-08,Active
31232,1,2025-10-22,Lapsed
23503,2,2025-12-23,Active
3211,3,2022-12-09,Complete
38546,4,2025-08-10,Active
21690,5,2025-12-01,Active
59906,1,2026-04-30,Complete
23910,2,2023-07-07,Active
41406,3,2026-01-24,Active
32184,4,2024-02-04,Active
27220,5,2026-04-05,Lapsed
54313,1,2026-05-26,Complete
54515,2,2026-03-27,Lapsed
58318,3,2024-10-16,Active
15801,4,2026-06-18,Active
548,5,2024-08-19,Complete
39202,1,2025-12-16,Active
2456,2,2025-04-25,Active
15969,3,2026-03-16,Complete
24959,4,2026-06-09,Active
48668,5,2026-06-19,Active
54203,1,2026-02-19,Active
45731,2,2024-01-13,Active
3173,3,2025-09-30,Complete
55097,4,2026-04-11,Lapsed
32523,5,2026-06-30,Active
1621,1,2025-05-01,Active
16487,2,2026-06-30,Active
9352,3,2026-06-24,Active
56424,4,2025-11-26,Active
31607,5,2025-12-02,Active
4043,1,2025-12-17,Lapsed
19341,2,2024-01-02,Active
9535,3,2026-01-24,Complete
20902,4,2026-03-14,Complete
41794,5,2026-04-28,Complete
39855,1,2026-01-27,Active
13542,2,2026-04-26,Active
17665,3,2026-03-29,Active
32401,4,2025-08-05,Active
44947,5,2026-06-17,Active
26780,1,2026-04-28,Active
2071,2,2025-12-02,Active
919,3,2026-02-23,Lapsed
50315,4,2025-10-10,Active
29754,5,2026-05-16,Complete
21190,1,2026-05-17,Active
7842,2,2025-09-21,Active
14891,3,2025-12-31,Complete
33161,4,2025-11-08,Active
31861,5,2026-05-26,Complete
56112,1,2025-10-21,Active
58236,2,2026-02-18,Active
12307,3,2026-04-22,Active
26255,4,2025-10-27,Lapsed
57268,5,2025-12-10,Active
56983,1,2023-12-19,Active
12522,2,2026-03-18,Active
41832,3,2026-02-02,Complete
3537,4,2025-10-31,Active
35541,5,2026-01-12,Active
16440,1,2026-06-23,Active
30714,2,2025-07-17,Active
47400,3,2026-01-26,Active
18540,4,2026-03-01,Active
57009,5,2026-06-18,Active
15155,1,2025-01-24,Active
8037,2,2026-05-05,Active
57019,3,2026-06-25,Active
20325,4,2025-06-02,Lapsed
13681,5,2024-09-25,Lapsed
58131,1,2026-01-28,Active
7986,2,2026-05-18,Active
13396,3,2026-06-30,Active
23519,4,2025-10-17,Complete
48197,5,2026-05-23,Active
20858,1,2025-03-21,Complete
6043,2,2023-07-24,Active
58919,3,2026-05-16,Complete
22907,4,2026-02-28,Lapsed
27973,5,2026-05-30,Active
30074,1,2024-06-06,Active
51132,2,2026-06-09,Active
27365,3,2026-06-12,Active
29061,4,2026-05-24,Active
19783,5,2024-05-26,Active
4594,1,2024-11-29,Active
34132,2,2025-10-31,Active
4972,3,2026-04-06,Complete
41008,4,2026-01-03,Active
5810,5,2025-12-29,Active
5264,1,2026-01-05,Active
27445,2,2024-06-07,Active
41092,3,2026-05-25,Active
44250,4,2026-04-05,Active
7230,5,2026-06-21,Active
37991,1,2026-06-22,Active
42505,2,2026-03-01,Active
35843,3,2026-05-28,Active
16178,4,2024-06-09,Lapsed
30087,5,2024-04-17,Active
38096,1,2023-03-12,Active
27218,2,2026-02-28,Active
58911,3,2025-05-21,Active
46210,4,2025-04-18,Active
22194,5,2026-01-24,Complete
49156,1,2025-11-11,Complete
20972,2,2026-06-22,Complete
18151,3,2026-06-05,Active
23302,4,2026-06-12,Active
18613,5,2026-05-13,Lapsed
20438,1,2026-06-14,Active
43482,2,2024-09-23,Active
9581,3,2026-01-14,Active
57246,4,2025-04-27,Active
25262,5,2026-06-20,Active
56307,1,2024-11-06,Active
33025,2,2024-01-10,Active
52154,3,2025-01-06,Active
44845,4,2026-06-07,Active
14275,5,2026-01-07,Active
5971,1,2026-06-22,Active
59481,2,2025-09-23,Lapsed
39567,3,2025-10-04,Lapsed
39826,4,2026-01-03,Active
27498,5,2026-06-13,Active
43499,1,2026-06-17,Active
10430,2,2026-06-05,Active
1388,3,2026-06-14,Active
52538,4,2025-12-15,Active
993,5,2024-04-11,Complete
5901,1,2025-07-05,Active
9578,2,2026-05-27,Active
14877,3,2024-10-18,Active
17777,4,2026-03-29,Complete
5678,5,2025-06-03,Active
27504,1,2026-04-12,Complete
191,2,2026-06-30,Active
54998,3,2025-10-26,Active
53318,4,2025-07-06,Active
46048,5,2025-12-20,Active
37002,1,2025-12-05,Active
47571,2,2026-04-29,Active
19185,3,2025-06-04,Active
27075,4,2025-08-20,Active
26310,5,2023-04-23,Active
57345,1,2024-04-08,Active
58113,2,2025-10-28,Active
25870,3,2026-02-15,Active
9227,4,2025-08-10,Active
29445,5,2025-09-25,Active
70,1,2025-01-07,Complete
52778,2,2025-01-13,Active
7648,3,2026-01-23,Active
45522,4,2026-05-30,Active
33395,5,2024-05-24,Active
11494,1,2026-06-26,Active
23591,2,2024-06-21,Complete
5925,3,2026-05-11,Active
42187,4,2025-01-31,Active
47761,5,2025-11-15,Active
22560,1,2026-05-06,Active
51573,2,2023-10-07,Active
13564,3,2026-05-20,Active
32347,4,2026-01-22,Active
45221,5,2025-06-17,Active
31671,1,2026-04-10,Active
54407,2,2026-04-28,Active
55723,3,2026-06-12,Active
46991,4,2025-09-16,Complete
17658,5,2026-05-16,Active
46035,1,2024-12-02,Active
56495,2,2023-09-12,Active
26457,3,2026-05-17,Active
23147,4,2026-07-01,Active
16502,5,2025-03-02,Lapsed
27728,1,2025-09-05,Complete
52288,2,2026-06-13,Active
43757,3,2025-11-29,Lapsed
33,4,2026-06-26,Active
12349,5,2026-05-03,Active
48166,1,2026-01-11,Active
28988,2,2026-01-30,Active
1915,3,2025-08-01,Complete
770,4,2025-08-17,Active
156,5,2024-02-14,Active
56409,1,2025-06-18,Active
32794,2,2026-05-25,Active
14959,3,2026-06-28,Active
13766,4,2026-06-01,Active
31205,5,2026-06-07,Complete
9787,1,2026-01-04,Active
21048,2,2025-09-04,Lapsed
6753,3,2026-03-31,Active
43562,4,2024-06-05,Active
25057,5,2026-03-18,Complete
4589,1,2026-04-18,Complete
21219,2,2026-05-19,Active
15389,3,2026-04-26,Active
49068,4,2025-10-07,Active
35599,5,2026-02-03,Active
13055,1,2024-12-06,Active
31427,2,2025-08-04,Complete
8043,3,2026-04-18,Active
25982,4,2026-04-19,Active
25961,5,2025-05-14,Active
3870,1,2026-06-19,Active
48254,2,2025-10-26,Complete
58946,3,2025-04-17,Active
14683,4,2026-06-30,Active
14845,5,2025-08-08,Lapsed
41255,1,2025-07-18,Active
25954,2,2026-05-23,Active
27570,3,2026-06-27,Active
12103,4,2025-11-01,Active
59904,5,2025-07-27,Active
19248,1,2026-05-09,Active
32519,2,2026-04-07,Complete
40204,3,2025-04-15,Active
18250,4,2026-02-06,Active
22910,5,2025-10-14,Active
44971,1,2023-07-28,Active
30574,2,2025-06-16,Complete
6799,3,2025-04-24,Complete
34160,4,2025-06-19,Active
58740,5,2025-02-15,Active
59755,1,2026-01-03,Active
45827,2,2026-04-21,Active
13376,3,2025-06-22,Lapsed
4885,4,2025-06-27,Complete
17983,5,2025-10-03,Active
21264,1,2026-05-16,Active
28216,2,2025-12-12,Lapsed
31392,3,2026-05-04,Complete
53690,4,2026-06-07,Active
29796,5,2023-09-17,Active
18565,1,2025-04-21,Complete
14374,2,2025-11-24,Active
7387,3,2026-04-06,Lapsed
7851,4,2025-11-04,Lapsed
46739,5,2026-05-28,Active
47928,1,2025-12-04,Active
47930,2,2026-06-14,Active
21689,3,2025-09-01,Active
4661,4,2026-06-05,Complete
12881,5,2026-04-19,Complete
11338,1,2024-10-26,Active
27335,2,2025-11-01,Active
50774,3,2026-04-02,Complete
19753,4,2026-02-04,Complete
37887,5,2025-08-13,Active
32447,1,2024-09-26,Active
15062,2,2025-12-02,Active
45668,3,2026-05-13,Active
52563,4,2026-04-09,Active
21186,5,2026-04-02,Complete
59974,1,2026-05-25,Lapsed
5894,2,2026-06-21,Active
13047,3,2026-06-16,Active
36460,4,2025-02-02,Active
38518,5,2023-12-17,Complete
45962,1,2023-08-05,Active
56040,2,2025-10-09,Complete
23887,3,2026-06-30,Complete
27130,4,2025-03-30,Lapsed
20048,5,2025-05-05,Active
1669,1,2026-04-25,Active
4194,2,2025-04-30,Complete
28493,3,2026-06-23,Active
35588,4,2024-05-12,Active
49928,5,2024-03-19,Lapsed
38443,1,2026-05-18,Complete
20544,2,2025-10-07,Active
45155,3,2024-07-31,Active
19574,4,2025-12-03,Active
41796,5,2025-05-24,Active
13431,1,2025-04-16,Active
40712,2,2025-03-18,Lapsed
19293,3,2023-09-24,Active
15379,4,2026-05-31,Active
25866,5,2026-01-05,Active
2313,1,2026-04-19,Active
57551,2,2026-05-04,Active
24836,3,2026-03-10,Lapsed
54324,4,2026-06-16,Lapsed
10888,5,2026-05-31,Lapsed
36205,1,2026-06-02,Complete
38711,2,2026-04-12,Active
56227,3,2026-06-26,Complete
13516,4,2026-06-12,Active
21323,5,2025-06-10,Complete
50905,1,2023-07-22,Active
38304,2,2026-02-02,Active
38353,3,2024-01-19,Active
49841,4,2024-11-06,Lapsed
27849,5,2025-05-21,Complete
139,1,2025-11-05,Complete
47699,2,2026-06-14,Active
27936,3,2026-05-12,Active
36757,4,2024-12-21,Complete
3390,5,2025-09-06,Active
2300,1,2025-06-22,Lapsed
39999,2,2026-05-25,Active
24109,3,2026-06-22,Active
38281,4,2025-12-05,Complete
60,5,2026-06-24,Complete
18978,1,2025-03-11,Active
29684,2,2024-12-31,Active
929,3,2026-06-22,Active
3290,4,2026-06-08,Active
3793,5,2025-04-27,Complete
51055,1,2024-12-09,Complete
41694,2,2026-06-23,Active
26757,3,2026-01-02,Active
15514,4,2026-06-18,Active
46679,5,2025-05-02,Active
35002,1,2024-12-31,Active
19096,2,2025-10-29,Complete
53669,3,2025-10-02,Active
44241,4,2025-12-16,Active
3841,5,2024-12-08,Active
25551,1,2026-06-22,Active
35923,2,2026-05-06,Complete
28194,3,2025-04-02,Lapsed
7898,4,2025-04-05,Active
24732,5,2025-12-17,Lapsed
43522,1,2026-05-24,Active
59309,2,2026-06-10,Active
59826,3,2024-08-12,Active
42815,4,2026-03-28,Active
39161,5,2026-06-04,Active
20665,1,2026-01-14,Active
7440,2,2026-03-09,Active
15989,3,2026-05-04,Active
28021,4,2026-05-27,Lapsed
29501,5,2026-04-21,Active
15013,1,2025-09-08,Active
28320,2,2025-11-05,Active
24030,3,2025-05-05,Lapsed
37931,4,2026-04-28,Lapsed
18483,5,2025-11-18,Active
28867,1,2026-05-17,Active
2233,2,2025-05-11,Complete
14208,3,2023-03-21,Active
5791,4,2025-07-05,Active
13011,5,2026-06-25,Active
43015,1,2022-03-02,Active
31907,2,2025-01-21,Active
51856,3,2024-03-23,Active
47499,4,2025-02-09,Complete
53913,5,2026-06-13,Active
59795,1,2026-06-24,Active
39437,2,2026-05-12,Active
3464,3,2026-06-07,Lapsed
26329,4,2026-06-18,Active
2812,5,2025-07-30,Active
25195,1,2025-12-26,Active
13462,2,2025-06-12,Active
30101,3,2026-04-20,Active
48521,4,2026-06-30,Complete
28166,5,2024-02-26,Active
53496,1,2025-08-23,Active
31960,2,2025-05-18,Lapsed
35569,3,2024-12-29,Complete
34773,4,2023-08-08,Active
55806,5,2026-04-10,Active
26569,1,2026-05-08,Complete
39591,2,2026-05-03,Lapsed
14211,3,2026-06-13,Active
59193,4,2026-04-24,Active
47607,5,2024-07-16,Lapsed
8645,1,2026-06-03,Active
13171,2,2023-04-10,Active
20804,3,2026-05-23,Lapsed
47734,4,2024-12-05,Active
29176,5,2024-01-04,Complete
1105,1,2026-05-08,Active
17467,2,2024-06-13,Active
42652,3,2024-09-11,Complete
18042,4,2025-04-05,Active
54051,5,2026-05-21,Active
13052,1,2025-10-25,Active
33938,2,2025-11-04,Complete
59185,3,2026-05-12,Active
3074,4,2025-09-29,Lapsed
1589,5,2026-02-24,Active
15668,1,2024-06-04,Active
23670,2,2025-08-26,Active
32937,3,2026-04-14,Active
1689,4,2025-04-01,Active
40092,5,2023-04-12,Active
54802,1,2023-12-15,Active
37977,2,2024-03-01,Active
10558,3,2023-08-25,Lapsed
25743,4,2026-06-18,Active
43371,5,2024-03-10,Active
19339,1,2026-06-01,Complete
2605,2,2026-06-24,Active
54746,3,2024-01-23,Active
40132,4,2021-12-14,Complete
10447,5,2026-01-18,Lapsed
45693,1,2025-12-08,Active
58258,2,2025-03-26,Active
3111,3,2024-10-14,Active
56543,4,2024-03-20,Active
46512,5,2026-05-24,Active
5572,1,2025-09-27,Active
28283,2,2026-06-15,Active
39714,3,2026-05-09,Active
24537,4,2026-01-16,Complete
55713,5,2026-06-28,Active
8696,1,2025-03-01,Active
28084,2,2024-04-06,Active
43343,3,2026-06-22,Active
17681,4,2026-06-13,Active
31865,5,2024-12-09,Active
54531,1,2026-04-01,Lapsed
33842,2,2026-04-06,Complete
1886,3,2024-01-29,Active
10174,4,2026-03-24,Lapsed
5778,5,2026-05-14,Active
27064,1,2026-04-19,Active
33636,2,2024-09-26,Active
34351,3,2026-03-31,Active
22821,4,2025-02-03,Active
34460,5,2026-05-15,Complete
47462,1,2026-06-30,Complete
36081,2,2026-02-12,Active
6994,3,2024-10-30,Active
45979,4,2026-03-06,Complete
13602,5,2024-01-17,Active
15452,1,2024-06-09,Active
9277,2,2026-05-27,Active
56593,3,2025-06-11,Active
40793,4,2023-05-27,Lapsed
51805,5,2024-07-16,Lapsed
5508,1,2024-08-26,Active
25389,2,2025-09-08,Complete
48355,3,2025-06-15,Active
51342,4,2026-03-05,Active
52211,5,2025-07-28,Active
22447,1,2026-06-05,Complete
42169,2,2026-04-23,Active
51918,3,2026-04-22,Active
55045,4,2025-04-01,Active
57298,5,2026-04-14,Active
30261,1,2026-06-17,Active
5554,2,2026-03-18,Lapsed
26797,3,2025-02-27,Active
40126,4,2025-09-17,Active
46160,5,2026-01-09,Active
56899,1,2026-03-25,Active
55087,2,2025-02-15,Active
25717,3,2026-06-22,Active
16091,4,2026-04-20,Active
51006,5,2024-06-30,Lapsed
13788,1,2026-06-04,Active
44179,2,2026-06-08,Complete
46673,3,2022-12-05,Complete
14759,4,2026-06-24,Lapsed
18875,5,2026-06-26,Complete
18342,1,2026-06-05,Active
13453,2,2026-05-05,Active
56386,3,2024-12-26,Active
12976,4,2025-01-20,Complete
27300,5,2025-07-25,Active
31444,1,2024-04-24,Active
55112,2,2026-04-30,Active
32467,3,2026-05-08,Active
19317,4,2025-06-12,Active
42933,5,2026-06-18,Active
16789,1,2025-07-09,Active
46734,2,2026-04-17,Active
34364,3,2026-06-14,Active
24159,4,2026-05-30,Lapsed
48146,5,2026-05-23,Active
20631,1,2025-08-31,Active
34982,2,2023-08-14,Complete
7888,3,2023-11-15,Active
35285,4,2026-01-04,Active
53127,5,2026-02-05,Complete
23096,1,2025-02-12,Lapsed
21627,2,2025-07-15,Complete
7176,3,2026-06-21,Active
5066,4,2026-03-10,Active
12797,5,2026-05-24,Active
23847,1,2026-05-11,Complete
29570,2,2025-07-26,Complete
51927,3,2025-08-29,Active
7767,4,2026-05-18,Active
42003,5,2024-03-11,Active
34183,1,2024-07-19,Active
16051,2,2025-11-05,Active
4643,3,2025-12-07,Active
14768,4,2026-06-23,Lapsed
57254,5,2025-09-06,Active
25351,1,2025-12-17,Active
52292,2,2026-05-12,Complete
48742,3,2026-06-26,Lapsed
22987,4,2026-06-22,Active
14821,5,2026-06-09,Active
42335,1,2024-11-20,Active
39547,2,2025-10-20,Complete
15509,3,2026-06-11,Complete
22506,4,2024-11-27,Active
42726,5,2024-12-13,Active
35299,1,2023-01-28,Active
35099,2,2026-05-22,Active
22199,3,2022-03-08,Active
59679,4,2025-10-12,Active
42339,5,2026-06-26,Lapsed
3685,1,2026-04-18,Active
19035,2,2026-01-13,Active
59687,3,2026-03-31,Active
30708,4,2021-10-24,Active
28154,5,2026-05-28,Active
22531,1,2026-04-18,Active
23307,2,2025-02-04,Active
20302,3,2026-04-07,Active
57888,4,2024-10-14,Active
24828,5,2022-04-13,Lapsed
58684,1,2024-05-08,Active
25512,2,2025-09-10,Active
52298,3,2025-06-19,Complete
1041,4,2025-12-18,Lapsed
16315,5,2026-04-03,Active
59948,1,2026-04-06,Lapsed
38863,2,2024-06-09,Complete
52983,3,2025-12-07,Active
7937,4,2025-01-05,Active
29492,5,2026-03-12,Active
46408,1,2024-03-07,Active
15338,2,2024-12-26,Active
57262,3,2025-07-13,Complete
19871,4,2026-01-18,Active
23181,5,2026-05-06,Complete
23076,1,2026-06-04,Complete
10465,2,2025-10-07,Active
31597,3,2025-09-19,Active
26801,4,2024-12-24,Complete
14356,5,2026-06-08,Complete
50316,1,2024-05-08,Active
13964,2,2026-03-15,Active
57755,3,2026-05-06,Complete
26272,4,2026-05-25,Complete
41337,5,2024-04-08,Complete
33138,1,2026-02-25,Active
470,2,2026-05-14,Complete
58224,3,2026-06-18,Active
50372,4,2024-12-11,Complete
27756,5,2026-06-26,Active
25064,1,2026-05-25,Active
24141,2,2025-02-21,Active
39634,3,2026-01-29,Active
33939,4,2025-09-09,Complete
2904,5,2026-06-01,Active
45865,1,2026-01-22,Complete
3961,2,2025-12-10,Active
42797,3,2023-11-11,Active
31612,4,2026-06-18,Active
27938,5,2025-11-27,Active
8981,1,2026-06-10,Lapsed
79,2,2025-07-04,Active
15058,3,2026-05-22,Lapsed
59760,4,2023-04-22,Complete
19581,5,2025-07-15,Complete
47926,1,2023-02-06,Lapsed
8626,2,2026-05-10,Complete
11058,3,2026-06-13,Active
34872,4,2025-12-19,Lapsed
13056,5,2025-12-14,Complete
36851,1,2026-01-02,Complete
40514,2,2024-11-23,Active
41684,3,2025-04-08,Active
56862,4,2026-04-04,Active
22222,5,2026-06-06,Active
33055,1,2026-06-26,Active
28502,2,2026-04-26,Active
39013,3,2025-06-08,Lapsed
4899,4,2026-03-13,Lapsed
56947,5,2026-02-04,Active
30598,1,2025-09-16,Lapsed
34128,2,2026-04-12,Active
38736,3,2025-02-26,Active
57699,4,2026-05-13,Active
51393,5,2026-06-28,Complete
13756,1,2025-05-02,Complete
8194,2,2026-04-28,Active
30328,3,2025-05-25,Complete
42653,4,2025-09-06,Active
58915,5,2025-03-20,Active
59910,1,2025-08-04,Active
2778,2,2025-01-19,Active
32777,3,2026-06-18,Active
18094,4,2025-10-25,Active
33248,5,2026-01-31,Complete
11525,1,2025-09-01,Active
34219,2,2026-06-11,Lapsed
18725,3,2026-06-07,Complete
44127,4,2025-12-13,Active
12565,5,2023-12-23,Complete
18153,1,2024-10-07,Active
23191,2,2023-09-04,Active
18131,3,2026-06-21,Active
43690,4,2024-11-09,Active
56969,5,2025-11-09,Lapsed
41505,1,2024-06-28,Active
6232,2,2025-07-13,Active
28918,3,2026-04-30,Active
32568,4,2026-05-24,Complete
16261,5,2026-05-07,Complete
22486,1,2026-04-25,Active
38964,2,2026-01-14,Complete
8942,3,2024-11-28,Active
8305,4,2026-06-25,Complete
41987,5,2024-12-08,Complete
29045,1,2025-07-11,Active
59141,2,2025-07-19,Active
33201,3,2026-05-31,Lapsed
17867,4,2024-04-23,Active
6209,5,2026-05-24,Active
7196,1,2025-06-28,Active
17380,2,2026-06-26,Active
26923,3,2026-07-01,Active
41557,4,2026-03-02,Active
50459,5,2026-05-09,Active
23925,1,2026-06-20,Active
26472,2,2024-08-10,Lapsed
20730,3,2023-03-19,Active
27120,4,2025-01-11,Active
6875,5,2026-06-10,Active
49146,1,2024-02-29,Complete
27394,2,2024-11-23,Complete
53302,3,2026-05-26,Active
37969,4,2025-09-18,Active
25884,5,2026-04-27,Active
40659,1,2025-11-23,Active
34551,2,2024-11-13,Active
49567,3,2025-12-03,Lapsed
37464,4,2026-03-21,Complete
43763,5,2026-06-13,Active
17210,1,2026-06-24,Complete
21533,2,2024-11-27,Active
45319,3,2024-11-14,Lapsed
48207,4,2025-10-30,Active
47973,5,2026-03-24,Active
59608,1,2025-03-25,Complete
59857,2,2025-10-02,Active
47145,3,2026-06-29,Active
46905,4,2026-04-30,Complete
55326,5,2026-06-26,Lapsed
12384,1,2025-12-31,Complete
28771,2,2026-06-14,Active
35399,3,2024-01-12,Complete
113,4,2026-06-18,Complete
44761,5,2025-10-03,Complete
14602,1,2026-03-11,Active
2278,2,2026-02-12,Active
56191,3,2025-04-03,Active
38486,4,2026-02-25,Active
51441,5,2024-07-01,Active
10488,1,2025-12-13,Active
49665,2,2026-01-16,Active
27707,3,2022-12-07,Complete
58818,4,2026-06-29,Complete
6702,5,2024-12-11,Active
1298,1,2026-06-01,Complete
46695,2,2023-07-12,Active
52274,3,2024-09-19,Lapsed
12381,4,2026-06-14,Complete
24092,5,2025-02-20,Active
59369,1,2026-04-19,Active
42203,2,2024-09-16,Active
16492,3,2026-06-27,Active
57639,4,2025-09-08,Lapsed
22870,5,2026-06-09,Active
14927,1,2026-06-09,Active
48286,2,2026-06-19,Active
15812,3,2026-05-27,Active
28742,4,2026-04-16,Active
8147,5,2026-03-06,Active
24154,1,2024-06-14,Active
28089,2,2024-09-08,Active
58757,3,2026-02-22,Lapsed
18474,4,2025-09-07,Active
30456,5,2025-08-08,Lapsed
51934,1,2026-01-10,Active
59579,2,2026-06-27,Active
55153,3,2025-08-16,Active
48117,4,2026-06-11,Active
30281,5,2025-04-21,Active
13428,1,2024-12-26,Active
56753,2,2026-06-29,Active
17891,3,2022-11-18,Active
36408,4,2026-03-13,Complete
386,5,2026-06-30,Active
11128,1,2026-06-11,Active
13114,2,2026-01-11,Active
54672,3,2025-11-13,Active
9669,4,2025-06-23,Active
10872,5,2026-06-20,Complete
48775,1,2026-06-18,Active
23106,2,2026-06-04,Active
24910,3,2026-05-28,Active
35093,4,2023-08-01,Lapsed
54907,5,2026-02-02,Active
4543,1,2026-06-25,Active
11174,2,2024-03-29,Active
44076,3,2025-03-22,Active
10378,4,2026-05-31,Active
2593,5,2026-02-21,Active
9921,1,2025-12-29,Active
35870,2,2025-08-22,Complete
14982,3,2025-11-07,Active
51954,4,2026-05-13,Complete
41820,5,2026-05-16,Active
33579,1,2024-06-16,Complete
20592,2,2025-07-28,Active
7604,3,2025-12-19,Active
32114,4,2024-11-14,Complete
39488,5,2025-11-10,Active
18424,1,2026-05-28,Active
55715,2,2026-06-30,Active
14447,3,2026-05-29,Active
23436,4,2025-09-20,Active
53548,5,2026-02-22,Active
10126,1,2024-12-06,Active
18331,2,2026-02-27,Active
56324,3,2026-06-03,Complete
19230,4,2026-06-19,Complete
57045,5,2026-01-28,Active
4873,1,2025-09-12,Complete
5513,2,2026-05-14,Active
11228,3,2025-03-02,Active
51626,4,2025-01-09,Active
58717,5,2026-05-12,Complete
6016,1,2026-06-30,Active
37420,2,2026-04-02,Lapsed
39916,3,2025-02-19,Active
18414,4,2026-05-28,Active
49411,5,2026-04-16,Active
51390,1,2025-12-26,Active
31601,2,2025-03-26,Complete
31639,3,2025-10-20,Complete
38661,4,2025-11-26,Complete
6023,5,2026-02-02,Active
59456,1,2026-05-21,Active
49174,2,2024-03-06,Active
22511,3,2026-04-23,Active
43120,4,2026-05-12,Active
39361,5,2024-12-17,Active
50713,1,2026-06-26,Complete
4741,2,2026-05-03,Active
32542,3,2026-06-20,Active
25516,4,2025-03-02,Active
8362,5,2026-01-18,Lapsed
48985,1,2025-12-14,Active
17005,2,2026-06-17,Active
8946,3,2025-08-11,Active
53821,4,2026-06-08,Active
22758,5,2023-02-06,Complete
11850,1,2026-03-06,Active
52214,2,2026-04-17,Active
14262,3,2023-10-20,Active
29574,4,2026-05-16,Lapsed
6036,5,2025-10-04,Lapsed
12319,1,2024-02-19,Complete
1217,2,2026-05-15,Complete
51615,3,2025-09-04,Lapsed
18141,4,2026-04-09,Complete
12184,5,2025-09-10,Complete
185,1,2026-06-07,Active
55573,2,2024-01-21,Active
59657,3,2026-02-25,Active
41953,4,2025-10-31,Active
58201,5,2024-05-14,Complete
24176,1,2026-04-23,Active
30420,2,2025-09-10,Active
25978,3,2025-11-12,Complete
37413,4,2026-06-27,Active
5586,5,2024-05-11,Active
25955,1,2023-12-22,Active
18944,2,2026-03-21,Active
36420,3,2025-10-23,Complete
32770,4,2025-08-14,Active
40570,5,2023-09-30,Active
6224,1,2025-11-08,Complete
33821,2,2025-03-04,Active
10739,3,2026-06-09,Active
31163,4,2026-01-28,Active
625,5,2025-03-16,Complete
31296,1,2025-09-23,Active
30855,2,2025-02-28,Active
10702,3,2025-01-15,Complete
35905,4,2026-06-21,Active
25001,5,2026-06-19,Active
57016,1,2024-06-11,Lapsed
22292,2,2026-04-20,Active
56252,3,2026-01-15,Active
32644,4,2026-02-28,Active
50674,5,2025-12-18,Active
10607,1,2026-06-13,Active
44709,2,2026-06-04,Active
56241,3,2026-02-19,Complete
32652,4,2026-04-22,Active
13997,5,2025-02-05,Active
18419,1,2025-09-06,Active
35655,2,2026-02-22,Active
43563,3,2026-03-26,Complete
59003,4,2024-01-29,Complete
53185,5,2025-05-05,Complete
42312,1,2024-08-28,Lapsed
2984,2,2025-05-03,Complete
2247,3,2025-07-27,Active
39532,4,2026-05-12,Active
35255,5,2026-04-05,Active
27129,1,2025-03-23,Active
19106,2,2023-06-02,Active
45807,3,2026-01-18,Active
39540,4,2026-06-27,Active
20982,5,2024-06-07,Active
47512,1,2026-06-06,Complete
37369,2,2023-09-22,Active
55924,3,2026-03-29,Active
44577,4,2025-04-07,Active
13048,5,2026-04-21,Complete
12905,1,2026-04-07,Complete
53974,2,2026-06-18,Complete
2520,3,2026-05-17,Active
16728,4,2025-01-14,Active
46824,5,2026-02-14,Active
25342,1,2025-10-26,Active
37567,2,2025-02-17,Lapsed
37665,3,2026-06-13,Lapsed
7045,4,2024-04-25,Active
24100,5,2025-11-20,Active
39114,1,2026-02-03,Complete
18951,2,2026-04-10,Active
36273,3,2023-12-29,Active
7653,4,2026-05-05,Lapsed
33268,5,2025-12-08,Complete
36855,1,2025-02-14,Complete
5592,2,2024-09-28,Active
46841,3,2023-07-26,Lapsed
31029,4,2023-11-26,Active
9604,5,2026-05-03,Active
33293,1,2026-06-25,Lapsed
55883,2,2025-05-22,Lapsed
14991,3,2023-12-24,Complete
54685,4,2025-07-27,Complete
57999,5,2024-05-29,Active
46851,1,2024-01-28,Active
59759,2,2026-06-20,Active
40937,3,2026-03-16,Active
13872,4,2026-03-25,Active
54439,5,2022-07-17,Active
42331,1,2026-06-08,Complete
58044,2,2026-06-14,Active
30314,3,2026-01-14,Active
9745,4,2026-04-19,Active
13608,5,2025-04-21,Active
38276,1,2026-05-09,Complete
52980,2,2024-08-05,Active
4862,3,2026-01-29,Active
32325,4,2025-09-27,Complete
52796,5,2025-11-23,Active
6710,1,2026-06-16,Active
16359,2,2026-04-02,Active
54916,3,2024-04-01,Active
18273,4,2026-01-11,Active
55531,5,2024-10-23,Active
9760,1,2025-06-16,Complete
17638,2,2025-06-30,Active
45358,3,2025-12-23,Active
4778,4,2026-05-09,Complete
59315,5,2026-05-19,Active
7115,1,2026-04-22,Active
54666,2,2024-12-16,Active
1614,3,2025-06-10,Active
28062,4,2026-03-21,Active
38492,5,2025-10-02,Active
21572,1,2026-06-08,Active
9757,2,2025-03-22,Active
39911,3,2026-06-21,Active
55898,4,2025-11-28,Active
43606,5,2026-04-01,Active
6711,1,2025-10-28,Active
14931,2,2024-12-14,Active
22941,3,2025-12-21,Lapsed
27815,4,2026-05-05,Active
34646,5,2026-02-19,Active
51687,1,2026-05-20,Active
49528,2,2024-01-16,Active
1715,3,2025-09-06,Complete
57456,4,2025-05-13,Active
19240,5,2026-01-16,Active
32626,1,2026-04-30,Active
58085,2,2025-12-12,Complete
8773,3,2026-04-23,Active
5158,4,2023-08-08,Lapsed
58752,5,2025-01-04,Lapsed
13032,1,2026-04-26,Lapsed
28904,2,2026-04-09,Active
41296,3,2022-11-11,Active
52073,4,2025-12-10,Active
38754,5,2026-06-20,Active
31006,1,2025-07-17,Active
51039,2,2026-05-17,Active
51046,3,2025-05-15,Complete
17720,4,2023-05-04,Active
38599,5,2025-11-02,Active
57793,1,2026-06-18,Active
44159,2,2026-02-21,Complete
54971,3,2026-06-30,Active
54483,4,2025-07-10,Active
26134,5,2026-03-01,Active
14161,1,2025-11-25,Active
11677,2,2024-09-02,Active
28674,3,2026-05-08,Active
35955,4,2026-06-30,Active
52077,5,2026-06-16,Active
21392,1,2025-07-31,Active
27341,2,2026-05-24,Complete
40778,3,2026-06-15,Active
9020,4,2026-02-12,Complete
34408,5,2026-04-24,Active
13749,1,2025-12-28,Active
13692,2,2022-10-13,Active
58266,3,2021-06-24,Active
39105,4,2026-04-28,Active
43069,5,2026-06-21,Lapsed
8042,1,2026-06-11,Complete
34813,2,2026-06-20,Active
36216,3,2026-06-16,Active
6524,4,2026-06-10,Active
37714,5,2026-06-27,Active
32397,1,2026-03-02,Active
37463,2,2026-06-29,Lapsed
29270,3,2025-09-04,Active
46690,4,2023-07-30,Complete
44420,5,2025-12-16,Lapsed
19754,1,2025-07-03,Complete
20556,2,2026-05-09,Active
32885,3,2026-06-30,Active
35796,4,2025-09-14,Active
33487,5,2025-04-01,Complete
14827,1,2025-09-03,Active
41134,2,2026-03-11,Active
27088,3,2026-05-06,Complete
6961,4,2026-04-14,Lapsed
48539,5,2026-01-02,Complete
10643,1,2026-04-21,Active
27794,2,2026-05-29,Active
21896,3,2026-02-27,Complete
37414,4,2023-12-02,Active
40390,5,2026-06-27,Active
50455,1,2023-02-18,Complete
43333,2,2026-02-19,Active
13899,3,2026-03-21,Complete
33758,4,2024-01-29,Complete
34300,5,2025-11-18,Active
14414,1,2026-05-19,Active
19929,2,2024-08-24,Active
39385,3,2026-04-14,Active
52278,4,2026-02-23,Active
52685,5,2024-11-20,Complete
32159,1,2025-11-01,Complete
9901,2,2025-09-18,Complete
15611,3,2022-02-03,Complete
54053,4,2026-03-03,Active
50663,5,2026-06-19,Active
3362,1,2026-06-26,Complete
58587,2,2025-04-26,Active
3204,3,2025-12-21,Active
32615,4,2026-04-09,Active
52521,5,2025-10-12,Complete
23698,1,2026-04-30,Complete
1180,2,2025-06-28,Complete
2637,3,2026-06-12,Active
26203,4,2025-07-22,Active
16551,5,2026-05-09,Complete
2682,1,2026-05-16,Active
55718,2,2025-12-13,Active
19287,3,2025-10-14,Active
20866,4,2025-10-03,Active
40775,5,2022-06-08,Active
2777,1,2026-01-18,Complete
18434,2,2025-10-07,Active
37432,3,2025-01-23,Active
9689,4,2026-03-24,Active
51599,5,2026-04-18,Complete
29567,1,2025-11-02,Lapsed
3491,2,2026-06-30,Complete
52680,3,2024-09-16,Active
22840,4,2024-05-14,Active
55248,5,2023-05-20,Active
45525,1,2025-10-23,Complete
26237,2,2026-04-06,Active
53319,3,2024-05-01,Active
55325,4,2024-07-10,Active
17096,5,2026-02-07,Active
8778,1,2026-06-13,Active
34914,2,2026-03-04,Active
17267,3,2025-11-29,Complete
40899,4,2026-03-15,Complete
23609,5,2026-06-30,Active
32800,1,2025-02-07,Active
31154,2,2026-02-17,Lapsed
20600,3,2024-01-04,Active
37297,4,2025-08-07,Complete
26625,5,2025-03-23,Complete
4332,1,2024-03-14,Active
52741,2,2026-05-12,Active
2745,3,2023-04-28,Complete
39461,4,2026-06-17,Active
56860,5,2026-06-07,Active
4977,1,2026-03-18,Active
25592,2,2026-06-17,Lapsed
682,3,2026-06-27,Active
41482,4,2025-10-22,Active
5232,5,2024-06-28,Active
39786,1,2024-09-29,Active
29813,2,2026-05-30,Active
30707,3,2026-04-08,Active
37213,4,2025-08-05,Lapsed
10716,5,2024-07-04,Active
24620,1,2025-04-05,Active
41537,2,2026-01-31,Active
17693,3,2023-10-24,Active
20512,4,2026-06-07,Complete
42119,5,2025-03-21,Active
22529,1,2026-04-19,Active
30317,2,2026-04-07,Complete
30673,3,2026-05-20,Active
19848,4,2026-01-12,Active
57240,5,2026-06-16,Active
42446,1,2026-04-12,Active
25979,2,2025-03-23,Active
5530,3,2026-02-20,Active
15910,4,2026-05-25,Active
47447,5,2026-01-07,Lapsed
735,1,2026-05-28,Active
47148,2,2026-02-04,Complete
30794,3,2024-08-16,Active
22431,4,2025-10-19,Active
38578,5,2025-03-05,Lapsed
56115,1,2023-12-24,Active
26592,2,2026-06-24,Complete
25834,3,2023-08-05,Active
21311,4,2025-10-07,Lapsed
10533,5,2024-10-27,Active
49769,1,2026-03-24,Active
56893,2,2022-07-26,Active
14051,3,2026-06-03,Complete
25934,4,2024-08-16,Complete
42778,5,2025-11-27,Lapsed
11256,1,2026-06-21,Active
58049,2,2025-12-16,Active
9340,3,2026-03-06,Active
28402,4,2026-01-29,Active
45291,5,2026-04-27,Active
55778,1,2025-04-07,Active
27296,2,2026-02-17,Complete
28295,3,2026-06-28,Active
4294,4,2026-05-04,Active
54364,5,2026-06-19,Complete
36650,1,2025-08-09,Complete
2023,2,2026-06-10,Active
14149,3,2026-03-01,Complete
19107,4,2026-06-12,Active
33019,5,2025-11-30,Active
22799,1,2026-06-21,Lapsed
26856,2,2025-04-23,Active
22489,3,2023-08-25,Active
21189,4,2025-08-14,Active
4036,5,2024-01-26,Active
19709,1,2026-05-19,Active
12177,2,2026-06-26,Active
4330,3,2024-11-07,Active
25620,4,2024-08-16,Active
35244,5,2024-09-04,Complete
50012,1,2026-02-14,Active
51967,2,2024-10-23,Complete
45842,3,2024-10-16,Active
8624,4,2026-04-03,Lapsed
6975,5,2026-05-09,Active
58370,1,2026-06-21,Active
19255,2,2025-05-30,Active
20818,3,2025-06-22,Active
13372,4,2025-11-30,Active
53521,5,2026-04-02,Active
20292,1,2026-06-04,Complete
8172,2,2025-05-29,Active
5688,3,2024-04-16,Active
21414,4,2026-06-27,Lapsed
26857,5,2024-06-22,Active
44341,1,2026-01-10,Active
31039,2,2024-09-09,Active
7357,3,2026-03-11,Lapsed
15425,4,2026-02-12,Complete
28528,5,2025-04-21,Active
47932,1,2026-05-02,Complete
45863,2,2026-06-22,Active
28685,3,2026-02-21,Complete
28054,4,2026-03-10,Active
22640,5,2025-11-22,Active
23896,1,2025-12-16,Active
17517,2,2026-03-26,Active
56653,3,2026-06-28,Active
30725,4,2026-06-28,Active
51794,5,2026-06-26,Complete
25303,1,2026-06-14,Active
12670,2,2026-06-29,Complete
27556,3,2026-06-21,Lapsed
57058,4,2025-09-11,Complete
25498,5,2026-05-30,Complete
43935,1,2026-05-25,Active
7420,2,2026-06-04,Active
52609,3,2025-03-18,Active
10197,4,2023-11-10,Active
2731,5,2025-07-25,Active
34447,1,2026-05-19,Active
29928,2,2025-11-17,Complete
56283,3,2025-06-14,Active
37080,4,2025-05-06,Active
49740,5,2026-04-30,Active
3536,1,2025-10-09,Lapsed
9070,2,2023-10-24,Active
45984,3,2025-06-29,Complete
47408,4,2026-03-11,Active
16027,5,2026-05-31,Complete
37303,1,2026-04-26,Complete
55635,2,2026-01-06,Active
57279,3,2026-04-22,Active
36715,4,2026-05-18,Active
32882,5,2026-05-16,Active
36922,1,2026-06-29,Active
36826,2,2025-10-07,Active
67,3,2024-11-22,Complete
37118,4,2025-12-01,Active
463,5,2026-05-16,Complete
29863,1,2025-11-05,Lapsed
13179,2,2026-06-07,Active
47526,3,2026-06-25,Active
34161,4,2025-12-01,Active
10587,5,2026-06-09,Active
54168,1,2025-12-30,Lapsed
24018,2,2026-06-23,Active
1279,3,2026-06-21,Active
38759,4,2026-05-10,Active
6427,5,2026-06-28,Active
36404,1,2025-08-10,Active
29954,2,2026-05-23,Active
42572,3,2023-12-27,Active
47770,4,2026-06-08,Complete
20568,5,2026-03-12,Active
39741,1,2026-06-24,Active
43250,2,2023-12-20,Active
18006,3,2026-04-08,Complete
52516,4,2025-08-30,Active
8531,5,2026-01-08,Active
35283,1,2026-06-21,Lapsed
30890,2,2026-02-24,Active
10957,3,2026-05-15,Active
31119,4,2025-07-28,Active
410,5,2026-05-27,Active
42942,1,2026-06-13,Lapsed
47261,2,2026-06-14,Complete
24625,3,2026-06-28,Active
40404,4,2026-06-27,Active
44733,5,2025-12-11,Active
21320,1,2023-06-14,Active
35415,2,2026-05-16,Lapsed
15921,3,2025-07-21,Lapsed
29726,4,2026-05-10,Complete
36954,5,2026-04-24,Active
51,1,2026-02-20,Active
19582,2,2025-07-22,Complete
14871,3,2025-09-15,Complete
42051,4,2025-08-31,Lapsed
18816,5,2024-02-08,Active
10711,1,2026-02-28,Active
58504,2,2026-01-14,Active
9558,3,2026-04-14,Active
45361,4,2025-12-12,Active
49220,5,2025-04-04,Active
31472,1,2024-12-24,Active
37955,2,2026-04-16,Active
59077,3,2025-09-26,Active
10822,4,2026-04-29,Complete
48745,5,2026-06-01,Active
51607,1,2025-05-01,Lapsed
31274,2,2026-05-19,Active
47815,3,2026-06-20,Active
4421,4,2025-04-15,Active
15311,5,2025-07-08,Active
42538,1,2023-04-18,Active
51774,2,2024-11-12,Complete
34716,3,2026-02-10,Lapsed
14461,4,2026-06-13,Complete
32906,5,2025-11-11,Active
38734,1,2024-11-27,Complete
59328,2,2024-12-31,Active
5328,3,2025-11-24,Active
1459,4,2026-01-07,Active
24408,5,2025-10-02,Active
6826,1,2026-04-20,Complete
12111,2,2025-11-06,Lapsed
46529,3,2025-09-25,Lapsed
51276,4,2025-08-09,Active
38953,5,2026-04-12,Active
21565,1,2024-08-09,Active
43488,2,2026-06-08,Active
9206,3,2023-03-30,Active
9724,4,2026-05-15,Complete
10400,5,2023-01-10,Active
25588,1,2026-03-27,Lapsed
56806,2,2026-01-10,Active
1294,3,2025-02-01,Active
25931,4,2025-03-11,Active
50669,5,2026-02-21,Active
54330,1,2024-06-27,Active
32011,2,2023-12-12,Active
5369,3,2026-03-04,Complete
37062,4,2026-06-03,Active
22867,5,2024-09-11,Active
22507,1,2026-04-08,Active
412,2,2026-02-16,Lapsed
22032,3,2026-01-14,Complete
53678,4,2026-06-22,Active
20378,5,2026-05-28,Lapsed
26846,1,2024-11-12,Complete
28128,2,2024-05-27,Active
52587,3,2026-03-24,Active
32083,4,2026-06-05,Active
38216,5,2025-08-15,Active
8152,1,2026-06-23,Active
20110,2,2026-06-07,Active
39349,3,2023-05-06,Active
49989,4,2026-06-25,Active
25408,5,2026-03-25,Complete
55545,1,2025-05-15,Active
12592,2,2025-01-29,Active
40898,3,2026-05-15,Complete
14698,4,2024-07-15,Lapsed
30302,5,2026-04-18,Active
28828,1,2026-06-23,Active
48565,2,2025-01-25,Active
24695,3,2025-11-25,Active
59735,4,2025-03-14,Active
41861,5,2026-04-29,Active
19988,1,2026-04-14,Active
6963,2,2024-09-08,Active
58467,3,2026-04-10,Active
6318,4,2026-04-15,Active
39734,5,2025-06-07,Active
52818,1,2024-06-10,Lapsed
41170,2,2025-09-22,Active
58502,3,2025-08-12,Active
10486,4,2024-01-26,Active
24938,5,2023-12-07,Complete
7630,1,2026-05-08,Complete
39414,2,2025-04-09,Active
5961,3,2026-06-15,Complete
7572,4,2026-06-27,Active
44803,5,2025-05-04,Active
26560,1,2025-10-18,Active
19810,2,2023-10-16,Complete
16332,3,2025-12-28,Active
11715,4,2024-11-18,Complete
42455,5,2025-10-21,Active
3731,1,2026-06-09,Active
27839,2,2026-05-11,Complete
41042,3,2026-05-29,Active
15499,4,2025-11-29,Active
18219,5,2025-12-30,Lapsed
43143,1,2025-10-21,Active
26214,2,2025-07-05,Active
41933,3,2025-03-10,Complete
12747,4,2026-06-30,Active
3311,5,2026-02-13,Active
7347,1,2026-04-04,Active
29166,2,2026-04-02,Active
54182,3,2026-01-07,Active
21610,4,2025-07-16,Active
5933,5,2026-06-13,Active
15045,1,2026-04-29,Active
12993,2,2025-09-11,Active
23324,3,2025-10-21,Active
53365,4,2025-06-02,Complete
15149,5,2026-06-29,Complete
39412,1,2025-10-19,Active
36115,2,2026-06-20,Active
27567,3,2026-02-26,Active
41580,4,2026-04-17,Active
16836,5,2025-04-19,Active
54977,1,2023-05-11,Active
24686,2,2026-06-26,Active
50764,3,2024-12-08,Complete
21634,4,2026-06-16,Complete
41202,5,2026-02-24,Active
24803,1,2024-07-30,Complete
1518,2,2024-12-04,Active
5171,3,2024-05-08,Active
31501,4,2025-09-16,Active
7169,5,2024-03-23,Active
23997,1,2025-12-31,Lapsed
261,2,2026-03-22,Active
9037,3,2024-05-02,Active
15609,4,2026-04-04,Active
30285,5,2026-06-05,Active
31351,1,2025-11-07,Complete
36118,2,2026-05-10,Active
12734,3,2026-06-25,Active
34166,4,2024-05-19,Complete
1337,5,2023-11-02,Lapsed
43335,1,2026-05-29,Complete
51399,2,2026-06-24,Active
15617,3,2023-10-15,Lapsed
31588,4,2025-06-06,Active
16982,5,2022-06-20,Lapsed
21381,1,2026-05-26,Active
59954,2,2025-12-06,Active
58581,3,2026-06-03,Active
40228,4,2026-02-13,Complete
18783,5,2026-05-12,Complete
44282,1,2022-09-17,Complete
20863,2,2026-06-30,Active
53454,3,2026-06-29,Complete
59671,4,2026-03-11,Active
6505,5,2023-08-27,Active
51537,1,2026-05-21,Active
33187,2,2025-04-01,Active
25450,3,2026-04-24,Active
25903,4,2026-03-16,Complete
34638,5,2025-05-23,Complete
49353,1,2024-07-12,Complete
54972,2,2026-05-07,Active
42081,3,2026-05-05,Complete
1246,4,2026-06-20,Active
22391,5,2026-01-21,Complete
4026,1,2026-04-09,Active
55765,2,2026-06-20,Lapsed
7367,3,2024-01-08,Active
25431,4,2026-05-05,Lapsed
14497,5,2026-05-24,Complete
11895,1,2024-09-26,Active
16140,2,2026-01-19,Lapsed
48209,3,2024-09-09,Complete
14456,4,2025-08-13,Lapsed
5940,5,2026-06-21,Active
14622,1,2026-04-08,Lapsed
49616,2,2025-11-17,Complete
8086,3,2026-04-11,Active
54019,4,2024-12-03,Active
26368,5,2025-03-12,Active
10391,1,2022-12-29,Complete
45089,2,2026-03-25,Active
29946,3,2026-04-04,Complete
18708,4,2025-06-27,Active
48059,5,2026-06-09,Active
20677,1,2026-06-01,Complete
20307,2,2026-06-04,Complete
40854,3,2025-09-29,Active
24507,4,2026-06-16,Active
52801,5,2024-12-24,Active
44066,1,2025-07-19,Active
10773,2,2024-05-16,Complete
59748,3,2026-02-14,Active
2302,4,2026-01-28,Complete
48714,5,2025-01-26,Active
3143,1,2026-06-14,Active
8288,2,2026-01-16,Active
8377,3,2026-02-10,Complete
47120,4,2026-01-23,Active
58195,5,2023-12-21,Active
12898,1,2026-05-13,Active
35455,2,2026-05-02,Active
35582,3,2026-05-19,Complete
4963,4,2026-05-27,Active
39812,5,2025-03-15,Complete
32579,1,2024-12-24,Complete
26349,2,2025-06-24,Active
7546,3,2026-06-23,Active
4141,4,2024-01-23,Lapsed
51179,5,2026-02-07,Lapsed
3692,1,2025-04-04,Active
21832,2,2024-12-21,Complete
4049,3,2026-06-01,Active
10730,4,2026-06-18,Active
28518,5,2026-05-17,Active
41259,1,2022-11-29,Active
20266,2,2026-06-29,Complete
6075,3,2026-05-19,Lapsed
49875,4,2024-11-14,Complete
15033,5,2025-02-08,Active
29182,1,2025-11-12,Active
11905,2,2025-10-02,Lapsed
24226,3,2025-05-31,Active
58480,4,2026-06-29,Active
58056,5,2024-09-28,Active
5671,1,2024-11-19,Active
16383,2,2025-08-11,Active
59070,3,2025-01-19,Active
43029,4,2026-03-15,Active
46996,5,2026-02-21,Complete
51275,1,2025-07-30,Active
34121,2,2022-10-14,Active
10947,3,2025-08-14,Active
3585,4,2025-03-06,Lapsed
54791,5,2024-02-10,Active
25094,1,2025-10-07,Active
50355,2,2025-10-19,Active
3959,3,2024-01-07,Active
50219,4,2024-12-21,Active
20190,5,2024-02-11,Active
47168,1,2024-03-01,Active
51763,2,2026-06-23,Lapsed
36763,3,2026-02-07,Active
20294,4,2026-05-23,Complete
39772,5,2026-06-17,Active
4552,1,2025-09-28,Complete
44547,2,2026-04-04,Active
45587,3,2022-12-06,Active
11970,4,2026-03-22,Lapsed
48055,5,2026-06-09,Active
21263,1,2026-03-27,Lapsed
14076,2,2026-02-13,Complete
23683,3,2026-03-12,Active
43920,4,2026-06-21,Active
16433,5,2025-10-23,Active
18467,1,2026-06-28,Active
39522,2,2026-05-16,Active
6660,3,2026-06-17,Active
25786,4,2026-03-29,Active
58898,5,2024-05-12,Complete
4189,1,2024-03-18,Active
19478,2,2025-12-14,Active
16707,3,2025-10-21,Complete
35345,4,2025-07-06,Active
37433,5,2024-10-10,Active
28057,1,2026-04-21,Active
45825,2,2026-05-16,Active
53848,3,2026-06-26,Active
41718,4,2026-03-03,Active
42686,5,2025-09-09,Active
31626,1,2026-06-11,Active
10572,2,2026-06-22,Active
8083,3,2025-08-04,Active
14611,4,2024-02-24,Active
47637,5,2025-12-10,Active
18504,1,2025-06-06,Active
15822,2,2026-04-18,Lapsed
19480,3,2026-05-15,Lapsed
53432,4,2025-04-03,Active
49950,5,2025-08-11,Active
7795,1,2025-07-16,Active
33691,2,2025-10-22,Lapsed
23545,3,2025-12-14,Active
13400,4,2026-04-05,Active
2608,5,2026-04-23,Active
57602,1,2025-06-08,Active
16449,2,2025-11-22,Active
29767,3,2025-12-30,Complete
21951,4,2023-12-21,Active
2455,5,2026-06-27,Complete
40987,1,2025-12-19,Lapsed
40302,2,2025-12-14,Active
20904,3,2023-12-19,Active
51131,4,2026-06-12,Active
30216,5,2026-06-27,Active
48363,1,2026-02-11,Active
51932,2,2024-07-17,Active
5441,3,2025-11-24,Active
31709,4,2026-02-22,Active
1517,5,2025-06-03,Active
28411,1,2025-07-24,Active
1324,2,2026-06-08,Lapsed
58460,3,2026-02-24,Active
42047,4,2025-10-22,Active
25641,5,2026-06-29,Active
40474,1,2024-12-22,Active
4326,2,2024-10-05,Active
8342,3,2026-06-25,Active
52554,4,2025-11-18,Active
47486,5,2026-05-26,Active
46809,1,2026-06-25,Complete
4374,2,2025-12-12,Active
24868,3,2026-01-03,Active
31609,4,2026-02-13,Active
28261,5,2024-08-24,Active
12630,1,2026-05-09,Lapsed
10780,2,2026-03-18,Active
40019,3,2025-12-21,Active
49108,4,2024-05-17,Active
57508,5,2026-01-26,Active
55350,1,2025-08-10,Active
42883,2,2025-06-19,Complete
21827,3,2025-01-30,Lapsed
22530,4,2023-08-11,Active
17667,5,2024-12-25,Complete
4575,1,2026-04-14,Active
29927,2,2026-05-03,Lapsed
52246,3,2025-10-08,Active
9890,4,2026-05-27,Active
43406,5,2024-08-02,Complete
5386,1,2025-12-16,Active
43625,2,2026-06-29,Active
50793,3,2024-07-05,Active
52637,4,2026-06-07,Active
50180,5,2026-06-07,Active
20504,1,2025-01-15,Lapsed
2084,2,2026-06-10,Active
58574,3,2026-02-21,Lapsed
35063,4,2025-08-18,Active
24240,5,2026-06-23,Active
17732,1,2026-06-23,Active
31553,2,2026-03-09,Complete
58712,3,2026-06-03,Active
22750,4,2026-01-29,Complete
17024,5,2026-04-30,Active
15064,1,2026-05-05,Complete
17086,2,2024-12-10,Complete
59390,3,2025-03-07,Complete
46524,4,2025-04-06,Active
7528,5,2026-05-19,Active
54913,1,2026-05-15,Complete
45896,2,2026-06-07,Active
9126,3,2026-05-05,Active
26486,4,2026-04-23,Complete
58358,5,2026-01-20,Active
37675,1,2023-12-13,Active
50318,2,2025-04-29,Complete
22660,3,2026-06-06,Active
2006,4,2025-03-29,Active
6269,5,2025-11-18,Complete
51646,1,2026-05-21,Active
5284,2,2026-06-19,Complete
7372,3,2026-03-27,Active
8663,4,2026-06-16,Active
23424,5,2026-06-10,Active
53112,1,2024-07-12,Active
24155,2,2025-06-06,Active
58733,3,2026-03-30,Active
13666,4,2026-03-11,Active
9651,5,2024-07-17,Active
55639,1,2024-12-21,Active
30137,2,2026-06-05,Active
2867,3,2025-06-21,Active
42480,4,2026-02-26,Active
56754,5,2025-06-16,Active
5093,1,2026-05-17,Active
37612,2,2026-02-22,Complete
1548,3,2026-05-20,Active
10911,4,2025-12-24,Active
33324,5,2025-12-18,Active
30814,1,2025-04-22,Active
58459,2,2025-12-19,Complete
8840,3,2026-06-01,Active
18428,4,2025-09-14,Active
15081,5,2025-03-28,Active
10268,1,2026-06-06,Active
15281,2,2026-03-05,Complete
20638,3,2025-10-17,Complete
45117,4,2025-07-19,Complete
21990,5,2026-06-21,Active
1963,1,2026-06-09,Complete
1823,2,2025-07-09,Complete
50957,3,2024-11-16,Active
29987,4,2026-06-10,Active
16020,5,2025-02-20,Active
23455,1,2024-12-20,Active
5747,2,2025-10-25,Active
35748,3,2025-07-04,Active
46604,4,2026-05-24,Complete
50596,5,2025-08-24,Complete
52152,1,2026-06-04,Complete
28178,2,2026-05-21,Complete
20823,3,2026-05-26,Complete
39354,4,2025-11-07,Lapsed
2642,5,2026-01-12,Active
31258,1,2025-11-22,Active
50196,2,2026-05-27,Active
48617,3,2025-07-30,Active
24268,4,2026-06-09,Complete
15661,5,2025-12-19,Lapsed
17483,1,2026-05-06,Complete
42869,2,2026-06-19,Complete
18003,3,2023-03-10,Active
40401,4,2025-07-13,Active
5526,5,2026-03-03,Active
58267,1,2026-03-12,Active
22232,2,2025-06-06,Active
35102,3,2024-12-20,Active
53473,4,2025-12-23,Active
6910,5,2026-06-15,Active
15581,1,2025-10-19,Active
55581,2,2025-09-09,Active
42801,3,2025-07-26,Active
18213,4,2025-08-27,Active
14850,5,2025-11-15,Complete
16770,1,2025-11-02,Active
7967,2,2025-05-16,Lapsed
16336,3,2026-04-24,Complete
59180,4,2025-07-08,Active
32279,5,2023-09-11,Active
18574,1,2026-03-10,Active
1916,2,2025-09-15,Active
34034,3,2026-06-15,Active
2331,4,2026-05-09,Active
49820,5,2026-06-19,Active
6965,1,2024-09-03,Active
34010,2,2026-06-02,Active
3198,3,2026-03-16,Active
1813,4,2023-11-01,Active
43912,5,2026-04-24,Lapsed
30327,1,2024-02-13,Active
3453,2,2026-02-26,Active
26075,3,2025-10-08,Complete
56670,4,2024-08-07,Active
40020,5,2025-11-18,Active
757,1,2026-06-18,Active
13478,2,2026-05-25,Active
19775,3,2026-03-12,Active
2859,4,2025-05-25,Active
2482,5,2024-03-24,Active
18281,1,2024-05-15,Active
15860,2,2026-03-06,Active
55226,3,2025-07-01,Active
31939,4,2026-05-18,Active
5061,5,2024-12-11,Active
52541,1,2026-04-15,Complete
58777,2,2026-06-27,Active
33493,3,2025-07-13,Complete
30404,4,2024-07-03,Complete
52689,5,2026-04-03,Active
12998,1,2025-12-13,Active
39042,2,2026-02-09,Active
22085,3,2026-06-28,Active
25297,4,2023-07-09,Active
33286,5,2026-06-15,Active
43191,1,2026-05-10,Active
9616,2,2026-06-27,Active
33741,3,2025-09-28,Lapsed
48754,4,2023-11-07,Complete
41425,5,2025-10-22,Active
55212,1,2026-06-16,Active
164,2,2025-07-28,Active
56865,3,2022-10-05,Active
32482,4,2026-06-17,Active
480,5,2026-06-08,Active
59763,1,2026-04-11,Active
2212,2,2026-03-06,Active
56978,3,2026-05-15,Lapsed
6532,4,2026-04-13,Active
40581,5,2025-06-05,Active
23146,1,2026-01-19,Active
35182,2,2025-05-24,Active
9477,3,2026-06-14,Active
7822,4,2022-07-10,Active
14199,5,2026-01-05,Active
13296,1,2025-12-06,Lapsed
36613,2,2024-10-03,Active
38451,3,2026-04-04,Complete
36035,4,2025-03-14,Complete
58470,5,2025-11-04,Active
30392,1,2026-03-19,Complete
56875,2,2026-06-24,Active
36931,3,2026-02-22,Active
12804,4,2025-11-13,Lapsed
52210,5,2026-05-11,Active
332,1,2026-01-09,Active
26501,2,2026-03-31,Lapsed
5458,3,2026-06-12,Active
59641,4,2026-06-07,Lapsed
59651,5,2026-06-12,Active
30422,1,2026-06-14,Active
40564,2,2025-11-20,Active
14592,3,2026-02-18,Active
4167,4,2026-06-14,Active
31614,5,2026-03-24,Active
14407,1,2025-02-14,Complete
21671,2,2024-08-06,Active
49221,3,2026-02-10,Active
9662,4,2026-04-06,Active
23904,5,2026-03-03,Active
19687,1,2026-01-18,Active
7724,2,2025-10-20,Active
26630,3,2026-05-21,Active
34388,4,2026-06-13,Active
1260,5,2026-06-30,Active
1141,1,2026-06-05,Lapsed
52031,2,2026-05-26,Active
16348,3,2026-06-22,Lapsed
13920,4,2025-11-29,Active
39548,5,2024-04-11,Active
58959,1,2025-05-14,Active
44375,2,2024-10-11,Lapsed
59881,3,2025-02-01,Active
8136,4,2026-06-13,Active
44699,5,2025-11-04,Active
25692,1,2025-05-25,Complete
5523,2,2025-05-27,Lapsed
33853,3,2026-03-26,Active
3087,4,2026-05-21,Complete
42533,5,2026-04-22,Active
35916,1,2025-10-16,Complete
40340,2,2026-02-07,Active
11446,3,2025-06-23,Active
48680,4,2026-02-10,Active
10766,5,2026-06-15,Active
17250,1,2026-06-26,Lapsed
20617,2,2026-04-16,Active
14889,3,2026-06-30,Active
53191,4,2025-03-29,Active
52707,5,2024-08-23,Active
10497,1,2026-06-20,Complete
7557,2,2026-06-04,Active
11891,3,2026-01-17,Active
6643,4,2026-02-19,Complete
6027,5,2026-01-11,Active
50517,1,2025-04-11,Active
24930,2,2025-03-26,Active
50397,3,2024-08-13,Active
14849,4,2026-05-27,Active
42382,5,2025-12-21,Active
45832,1,2025-07-18,Complete
58245,2,2026-05-16,Active
40900,3,2025-06-23,Active
49683,4,2025-02-25,Complete
37151,5,2026-05-06,Active
40904,1,2026-06-29,Complete
32382,2,2026-01-30,Active
9970,3,2026-06-18,Active
37379,4,2026-03-15,Active
56036,5,2026-06-30,Lapsed
46330,1,2026-02-22,Active
29003,2,2026-05-04,Lapsed
40586,3,2025-02-14,Active
56274,4,2026-05-09,Lapsed
25686,5,2026-04-12,Active
40925,1,2024-09-01,Active
8739,2,2026-05-19,Active
20240,3,2026-01-31,Active
1579,4,2026-05-28,Active
48538,5,2025-09-22,Active
59956,1,2026-06-19,Active
46806,2,2025-11-29,Active
25035,3,2026-03-15,Active
56111,4,2026-06-28,Active
57778,5,2026-04-20,Active
40127,1,2025-10-11,Active
38029,2,2025-09-05,Active
57224,3,2024-08-25,Active
14152,4,2026-04-28,Complete
21266,5,2025-04-23,Active
19074,1,2026-06-21,Active
57415,2,2025-02-06,Active
29007,3,2026-06-04,Active
50165,4,2026-02-01,Active
36543,5,2025-05-25,Complete
6824,1,2026-06-12,Active
48737,2,2026-06-22,Active
44650,3,2026-01-30,Active
36158,4,2026-05-25,Active
51584,5,2024-10-18,Active
38487,1,2025-02-24,Complete
35291,2,2026-06-30,Complete
25254,3,2026-06-22,Active
22280,4,2026-05-24,Lapsed
30804,5,2026-02-16,Lapsed
5081,1,2024-01-20,Active
46716,2,2026-03-16,Lapsed
38456,3,2026-02-21,Active
34139,4,2024-11-05,Active
48882,5,2025-11-06,Active
13140,1,2026-05-23,Active
42172,2,2025-05-20,Active
1920,3,2024-11-08,Active
20431,4,2025-04-12,Lapsed
19944,5,2026-06-16,Lapsed
27512,1,2025-10-17,Active
31202,2,2026-06-23,Active
8151,3,2026-05-22,Lapsed
32504,4,2026-06-11,Complete
7048,5,2026-04-14,Active
40094,1,2026-03-29,Active
9677,2,2026-05-21,Active
46417,3,2024-04-05,Active
51871,4,2025-04-07,Complete
30768,5,2025-04-16,Lapsed
42851,1,2026-06-28,Active
43481,2,2026-05-21,Complete
55592,3,2026-06-25,Complete
22881,4,2023-04-02,Active
59497,5,2026-06-15,Active
2367,1,2025-08-21,Active
12624,2,2025-09-24,Complete
21870,3,2025-04-19,Active
13609,4,2025-03-23,Active
7884,5,2025-01-14,Complete
59642,1,2024-09-04,Lapsed
5537,2,2025-04-29,Complete
18940,3,2026-06-27,Active
44220,4,2026-06-19,Active
38173,5,2022-12-20,Active
5862,1,2025-08-23,Active
52781,2,2026-05-20,Active
14802,3,2025-08-31,Active
30963,4,2026-04-23,Active
30920,5,2025-03-08,Active
39383,1,2026-02-13,Complete
48172,2,2026-06-12,Complete
13429,3,2025-10-17,Complete
43129,4,2023-06-19,Active
48752,5,2025-07-03,Active
49322,1,2026-02-11,Active
39618,2,2022-10-17,Active
53847,3,2025-01-22,Active
189,4,2024-08-30,Active
49705,5,2025-06-30,Active
10252,1,2024-07-26,Active
30954,2,2026-06-27,Active
56308,3,2025-12-08,Complete
28373,4,2026-04-24,Complete
7356,5,2025-06-29,Active
36533,1,2025-12-26,Complete
59406,2,2025-03-19,Active
25051,3,2026-03-17,Complete
25550,4,2025-09-04,Active
38126,5,2024-12-23,Complete
31973,1,2026-03-06,Active
3364,2,2025-12-28,Active
54199,3,2023-07-07,Complete
16538,4,2025-03-26,Active
38980,5,2024-09-13,Complete
50349,1,2026-05-13,Active
50573,2,2026-06-22,Active
45478,3,2026-05-05,Active
29772,4,2026-05-13,Active
43704,5,2026-04-26,Active
5636,1,2026-05-26,Complete
5164,2,2026-06-30,Active
33455,3,2024-01-09,Active
28503,4,2026-06-25,Complete
13250,5,2025-10-12,Active
43037,1,2025-05-14,Complete
40566,2,2026-06-25,Active
19622,3,2026-05-07,Active
13903,4,2023-06-24,Active
54591,5,2025-05-08,Active
4328,1,2026-05-05,Active
43318,2,2022-06-01,Active
33075,3,2026-06-08,Active
39733,4,2026-06-27,Complete
57631,5,2026-02-14,Active
38731,1,2025-09-30,Active
42739,2,2026-06-29,Complete
12104,3,2024-10-21,Complete
3320,4,2023-03-17,Active
55200,5,2024-10-23,Active
32123,1,2025-12-24,Active
17366,2,2026-06-03,Lapsed
31228,3,2023-10-25,Active
50963,4,2026-04-18,Active
33651,5,2026-04-19,Active
36993,1,2026-05-13,Lapsed
39416,2,2026-04-04,Complete
10954,3,2026-06-21,Complete
44976,4,2025-10-10,Complete
10690,5,2024-09-04,Active
33399,1,2024-04-04,Active
39785,2,2026-02-17,Active
26668,3,2026-03-05,Active
6685,4,2026-04-17,Active
18823,5,2024-10-21,Active
44647,1,2025-07-20,Lapsed
35583,2,2026-04-24,Active
10157,3,2023-02-22,Active
37734,4,2026-04-16,Active
38016,5,2026-04-28,Complete
54380,1,2025-09-24,Complete
31981,2,2024-01-18,Lapsed
46180,3,2025-11-25,Active
46971,4,2025-12-12,Active
58871,5,2024-11-27,Active
25976,1,2026-05-07,Active
53997,2,2023-08-27,Active
9328,3,2026-06-19,Active
42468,4,2026-05-02,Active
17572,5,2024-03-31,Complete
51836,1,2026-05-03,Active
35258,2,2025-11-27,Complete
16518,3,2025-10-05,Complete
12222,4,2025-10-27,Active
8558,5,2025-04-27,Active
52012,1,2026-05-20,Active
28094,2,2026-06-12,Active
38219,3,2025-12-03,Lapsed
46093,4,2025-11-15,Lapsed
13236,5,2025-11-19,Active
14377,1,2026-06-16,Active
6575,2,2026-03-23,Active
3718,3,2026-02-15,Complete
37700,4,2026-05-25,Active
6721,5,2025-05-19,Active
45217,1,2026-03-20,Active
39368,2,2026-05-30,Active
50108,3,2026-01-11,Active
17269,4,2026-05-26,Lapsed
27310,5,2023-08-24,Active
34774,1,2024-06-27,Active
41811,2,2023-11-20,Active
30969,3,2026-06-30,Active
34853,4,2025-06-29,Active
18007,5,2026-01-17,Complete
18778,1,2026-05-22,Active
5318,2,2025-12-01,Active
58689,3,2026-04-05,Active
49383,4,2026-06-23,Complete
52342,5,2025-11-14,Active
45835,1,2026-03-05,Active
39936,2,2026-01-25,Complete
48618,3,2026-03-31,Active
7752,4,2025-04-26,Complete
38480,5,2023-05-26,Complete
5704,1,2022-06-06,Complete
3832,2,2023-08-27,Active
37776,3,2026-02-18,Active
27593,4,2026-05-11,Active
48234,5,2025-12-22,Active
25882,1,2024-01-02,Active
45574,2,2025-11-13,Lapsed
11033,3,2025-07-03,Active
40530,4,2026-06-21,Active
25997,5,2025-09-09,Lapsed
51517,1,2025-05-31,Active
37196,2,2026-06-05,Active
27387,3,2024-06-17,Active
7411,4,2026-05-28,Complete
37878,5,2026-04-12,Active
3252,1,2025-04-02,Complete
36165,2,2026-01-04,Active
1425,3,2025-03-06,Active
21639,4,2026-04-29,Complete
29339,5,2026-05-05,Active
11736,1,2024-09-25,Active
56816,2,2021-12-18,Lapsed
25665,3,2023-10-10,Complete
54357,4,2025-11-25,Complete
19515,5,2026-06-28,Active
40521,1,2026-05-14,Lapsed
12162,2,2026-04-11,Active
21387,3,2026-04-07,Complete
57225,4,2024-02-03,Lapsed
14430,5,2026-06-29,Active
10972,1,2023-12-03,Active
24669,2,2026-04-02,Complete
46113,3,2026-05-24,Complete
43568,4,2026-02-05,Active
55627,5,2025-05-20,Active
42888,1,2026-06-19,Active
35365,2,2026-02-18,Complete
5620,3,2025-07-03,Lapsed
12957,4,2023-09-13,Active
52644,5,2026-06-12,Active
21035,1,2025-06-20,Active
23422,2,2023-08-18,Active
5881,3,2025-06-06,Active
48831,4,2026-06-22,Lapsed
11314,5,2025-03-07,Complete
26796,1,2026-04-04,Active
44031,2,2025-03-20,Active
5285,3,2026-06-09,Active
43985,4,2025-11-01,Active
51019,5,2026-06-17,Active
23434,1,2026-05-28,Complete
13136,2,2025-08-03,Active
51479,3,2026-05-24,Active
41867,4,2022-09-04,Active
54540,5,2025-12-09,Active
30747,1,2026-02-15,Active
45625,2,2025-03-25,Lapsed
4631,3,2022-11-16,Active
2732,4,2024-02-09,Active
29450,5,2026-06-20,Active
35755,1,2026-03-07,Active
12412,2,2026-05-25,Active
20432,3,2026-06-17,Active
2680,4,2026-06-26,Active
57904,5,2025-01-30,Active
17544,1,2026-04-30,Complete
20388,2,2025-01-10,Active
50547,3,2024-09-24,Active
19179,4,2026-03-27,Active
32546,5,2026-03-07,Complete
34470,1,2025-09-04,Active
46682,2,2026-05-19,Active
40733,3,2025-10-01,Active
22359,4,2026-03-30,Active
22095,5,2026-03-26,Complete
3394,1,2026-04-01,Active
1464,2,2026-06-02,Complete
41140,3,2024-06-22,Active
30717,4,2026-05-27,Active
7175,5,2025-01-10,Active
35834,1,2026-06-29,Complete
57503,2,2025-12-17,Active
23238,3,2026-06-20,Active
30523,4,2026-06-29,Active
6986,5,2024-01-30,Active
58809,1,2026-04-17,Active
49154,2,2024-04-29,Lapsed
13271,3,2025-07-01,Active
38497,4,2025-12-13,Active
2526,5,2025-05-31,Active
2544,1,2025-10-19,Lapsed
29382,2,2024-10-17,Active
29357,3,2025-12-22,Active
37425,4,2026-05-06,Active
50128,5,2025-01-18,Complete
11886,1,2026-06-19,Active
51037,2,2024-10-06,Active
8337,3,2026-06-01,Lapsed
53562,4,2025-05-15,Complete
20281,5,2025-01-23,Active
48311,1,2026-06-06,Active
50613,2,2025-01-18,Active
49706,3,2026-05-25,Lapsed
10788,4,2022-09-29,Lapsed
22342,5,2026-06-11,Complete
5043,1,2026-05-21,Complete
11990,2,2025-11-06,Complete
52615,3,2026-05-13,Active
42748,4,2025-10-27,Active
20390,5,2024-12-17,Active
44687,1,2025-12-07,Lapsed
47590,2,2026-06-21,Active
18825,3,2026-03-05,Active
41716,4,2026-03-08,Active
51379,5,2026-05-05,Active
55961,1,2026-04-20,Lapsed
5467,2,2025-11-06,Active
44840,3,2026-03-19,Active
18914,4,2026-06-08,Complete
52094,5,2026-03-16,Lapsed
38930,1,2025-03-28,Active
40626,2,2026-04-05,Complete
55216,3,2024-11-21,Active
52060,4,2024-04-15,Active
15651,5,2023-03-20,Lapsed
8761,1,2026-05-28,Active
37640,2,2026-06-15,Active
9837,3,2026-06-27,Active
55926,4,2026-05-10,Active
18939,5,2026-02-05,Lapsed
47192,1,2025-04-15,Complete
13599,2,2026-05-01,Active
10474,3,2023-12-19,Complete
57833,4,2026-05-20,Active
11480,5,2026-06-12,Active
38141,1,2026-02-11,Complete
28395,2,2026-06-29,Complete
16016,3,2024-01-23,Active
40689,4,2025-12-07,Active
51667,5,2026-06-24,Active
58820,1,2025-12-10,Active
5196,2,2024-08-02,Complete
24394,3,2025-02-21,Lapsed
30385,4,2024-07-07,Active
44210,5,2025-10-22,Active
16566,1,2025-04-25,Active
58715,2,2026-05-15,Lapsed
36735,3,2025-04-30,Active
43057,4,2025-03-23,Active
17431,5,2025-12-24,Active
37512,1,2026-06-27,Active
33619,2,2024-08-30,Active
29,3,2026-03-14,Active
51086,4,2026-02-06,Active
20921,5,2026-03-08,Active
57944,1,2025-08-26,Active
43914,2,2026-05-12,Complete
28756,3,2026-06-24,Active
45336,4,2025-12-31,Active
41687,5,2026-02-24,Active
41460,1,2025-07-04,Active
24231,2,2025-08-25,Active
5544,3,2026-06-13,Active
29411,4,2025-06-30,Active
12840,5,2026-05-04,Active
29957,1,2025-02-23,Active
24301,2,2026-04-09,Active
29173,3,2025-07-01,Active
22122,4,2026-03-19,Lapsed
58096,5,2025-12-28,Complete
32241,1,2026-05-17,Active
39873,2,2026-02-13,Complete
56052,3,2025-06-15,Active
39474,4,2026-06-23,Active
25285,5,2026-06-12,Active
21344,1,2025-10-16,Lapsed
16114,2,2026-02-09,Active
47741,3,2025-11-24,Active
32188,4,2025-07-24,Active
21207,5,2025-05-10,Complete
53078,1,2026-06-30,Active
34478,2,2025-08-26,Active
53240,3,2025-11-17,Active
44213,4,2026-06-23,Complete
10463,5,2022-09-26,Active
13891,1,2026-05-25,Active
36305,2,2024-12-09,Lapsed
55839,3,2025-05-02,Active
512,4,2026-04-16,Active
4793,5,2022-07-24,Active
30448,1,2023-09-05,Active
50489,2,2025-11-23,Complete
16588,3,2025-06-29,Active
17630,4,2025-02-28,Active
35926,5,2025-03-04,Active
21809,1,2026-03-13,Complete
9779,2,2026-06-04,Active
19924,3,2026-04-20,Active
9093,4,2023-10-22,Lapsed
46741,5,2024-10-21,Active
44584,1,2024-11-04,Active
41073,2,2024-08-26,Active
34389,3,2026-05-11,Active
53355,4,2025-02-28,Active
31186,5,2026-06-11,Active
44744,1,2026-03-19,Complete
49431,2,2025-10-24,Lapsed
59370,3,2026-06-15,Lapsed
44094,4,2026-06-17,Active
17644,5,2025-07-07,Active
12350,1,2026-05-10,Active
27458,2,2025-09-08,Active
50956,3,2026-04-20,Active
41175,4,2023-07-27,Complete
27237,5,2025-10-07,Lapsed
40805,1,2025-06-05,Active
9625,2,2026-06-13,Active
38246,3,2025-12-23,Active
42595,4,2024-09-23,Active
17223,5,2026-01-30,Active
5365,1,2025-11-13,Lapsed
23996,2,2026-02-24,Active
24823,3,2026-05-04,Active
4392,4,2024-12-28,Active
29925,5,2025-09-25,Active
9390,1,2025-11-25,Active
6421,2,2025-09-20,Active
48316,3,2025-12-26,Active
30286,4,2024-10-16,Active
4534,5,2025-09-28,Active
40837,1,2023-10-26,Active
46317,2,2026-06-14,Active
20035,3,2026-05-18,Active
44828,4,2026-06-25,Active
38652,5,2026-04-25,Active
24794,1,2025-12-07,Active
49394,2,2026-06-01,Complete
56514,3,2026-05-13,Complete
16479,4,2025-11-21,Active
44651,5,2026-04-24,Lapsed
57882,1,2026-06-13,Lapsed
50113,2,2026-02-23,Active
12242,3,2025-05-13,Lapsed
46468,4,2026-03-02,Lapsed
2733,5,2026-05-31,Active
55341,1,2025-08-15,Active
32827,2,2026-05-27,Complete
58991,3,2026-01-10,Active
46187,4,2026-06-29,Lapsed
42613,5,2025-08-27,Active
23518,1,2026-02-20,Active
19865,2,2025-10-05,Complete
9076,3,2026-06-15,Active
594,4,2026-01-28,Lapsed
59661,5,2024-11-19,Complete
30848,1,2026-05-16,Active
46796,2,2026-05-25,Active
47727,3,2025-09-04,Active
51215,4,2026-03-01,Active
29402,5,2026-03-28,Active
16905,1,2025-08-04,Active
43863,2,2026-01-01,Active
27868,3,2026-03-14,Active
36703,4,2024-04-26,Active
1844,5,2023-07-30,Complete
44500,1,2026-01-04,Active
49096,2,2026-06-17,Complete
58701,3,2026-06-28,Active
53744,4,2026-06-23,Active
5989,5,2025-01-09,Lapsed
59844,1,2024-04-16,Active
48193,2,2025-09-05,Active
37568,3,2025-04-27,Active
59043,4,2026-02-23,Active
20361,5,2025-09-25,Complete
25820,1,2026-04-02,Active
36548,2,2026-06-29,Active
54960,3,2026-04-18,Active
50518,4,2025-02-01,Lapsed
26863,5,2024-11-29,Active
15899,1,2026-05-13,Active
52449,2,2025-08-26,Active
58385,3,2026-01-27,Active
48226,4,2024-08-25,Active
54432,5,2025-11-16,Complete
10361,1,2026-04-19,Lapsed
2982,2,2026-03-10,Active
42813,3,2023-10-08,Lapsed
58570,4,2026-05-29,Active
54184,5,2025-06-04,Active
30205,1,2025-08-02,Complete
53903,2,2026-05-04,Active
39931,3,2026-03-03,Active
53152,4,2026-02-19,Active
43089,5,2026-03-22,Active
7971,1,2026-02-07,Active
46702,2,2024-05-26,Active
53654,3,2026-05-24,Lapsed
34571,4,2021-09-17,Active
58735,5,2026-06-06,Complete
41844,1,2026-05-08,Complete
694,2,2026-05-23,Active
32434,3,2025-09-24,Lapsed
19098,4,2025-08-06,Active
51634,5,2026-03-11,Lapsed
44387,1,2024-11-06,Complete
1499,2,2024-12-04,Complete
7585,3,2026-06-18,Active
29568,4,2025-02-01,Active
24403,5,2026-01-15,Active
14866,1,2025-07-16,Complete
27340,2,2024-12-11,Active
14032,3,2026-05-09,Active
7468,4,2025-02-23,Active
41888,5,2025-03-29,Complete
527,1,2025-11-12,Active
26198,2,2026-06-08,Active
59783,3,2025-06-04,Complete
52810,4,2024-10-29,Active
25754,5,2023-10-19,Complete
39473,1,2025-04-26,Active
3545,2,2025-10-01,Active
37785,3,2026-04-01,Active
8185,4,2026-03-03,Active
26345,5,2025-11-09,Lapsed
17400,1,2026-06-25,Active
50895,2,2026-04-23,Active
29186,3,2024-11-15,Active
35251,4,2026-02-08,Complete
24375,5,2026-03-25,Active
59551,1,2023-06-30,Active
20873,2,2025-06-21,Active
4798,3,2025-06-03,Active
10614,4,2026-06-11,Active
764,5,2025-09-18,Active
33576,1,2026-06-05,Active
23363,2,2026-06-29,Active
6693,3,2025-11-16,Lapsed
25305,4,2026-04-17,Active
21206,5,2024-02-09,Active
43779,1,2026-03-22,Active
41550,2,2022-12-29,Active
24705,3,2025-03-31,Complete
23429,4,2026-04-01,Active
47557,5,2025-08-17,Complete
9232,1,2024-07-26,Active
39037,2,2024-09-01,Complete
51636,3,2026-01-26,Active
33786,4,2025-09-10,Complete
25207,5,2025-06-29,Complete
8088,1,2023-11-15,Active
49801,2,2026-06-16,Active
59987,3,2026-04-03,Active
38409,4,2026-06-16,Active
32908,5,2026-04-18,Complete
17669,1,2026-06-29,Active
15692,2,2023-09-02,Active
23652,3,2024-11-14,Active
34632,4,2026-06-28,Active
24777,5,2026-06-30,Active
12283,1,2025-06-25,Active
47757,2,2026-06-18,Active
52641,3,2025-10-03,Active
44869,4,2026-05-07,Active
2093,5,2026-06-29,Active
22166,1,2026-06-13,Active
32566,2,2025-03-27,Complete
762,3,2023-09-20,Active
34978,4,2025-10-22,Complete
19286,5,2024-01-01,Lapsed
12383,1,2024-08-07,Complete
24609,2,2024-01-02,Active
11358,3,2025-03-07,Active
11448,4,2026-02-25,Active
16155,5,2026-03-28,Active
41495,1,2026-06-18,Active
35086,2,2026-06-28,Complete
28916,3,2025-10-20,Active
6695,4,2026-05-29,Active
9478,5,2025-05-08,Complete
42964,1,2025-07-08,Active
18510,2,2025-12-26,Lapsed
15119,3,2024-09-03,Active
53618,4,2025-03-31,Lapsed
16846,5,2025-10-25,Active
53167,1,2025-12-12,Active
6105,2,2024-01-27,Complete
27067,3,2025-08-19,Active
28100,4,2025-09-15,Active
46597,5,2026-05-31,Active
26058,1,2026-06-10,Active
10007,2,2024-05-05,Active
13417,3,2026-04-19,Active
33809,4,2024-07-16,Lapsed
41713,5,2026-06-30,Lapsed
13324,1,2026-05-27,Active
10737,2,2025-03-13,Lapsed
42183,3,2025-05-22,Complete
40908,4,2026-06-26,Active
28942,5,2026-04-21,Active
15650,1,2023-05-11,Complete
43865,2,2026-05-28,Active
10269,3,2025-12-19,Active
9559,4,2021-04-11,Active
7486,5,2024-08-18,Lapsed
3133,1,2026-07-01,Complete
9092,2,2024-12-17,Active
17950,3,2025-12-20,Lapsed
11679,4,2026-03-15,Complete
26139,5,2026-02-28,Lapsed
8771,1,2026-04-16,Active
44910,2,2025-05-10,Lapsed
58690,3,2022-11-01,Active
50822,4,2026-05-26,Active
28579,5,2026-04-07,Complete
59479,1,2026-05-25,Complete
36710,2,2026-04-09,Active
3346,3,2026-05-27,Active
56050,4,2026-03-06,Active
56794,5,2023-12-20,Active
56347,1,2026-06-15,Complete
58172,2,2024-09-29,Active
30588,3,2026-06-28,Active
178,4,2026-06-20,Active
4453,5,2026-05-31,Complete
44479,1,2025-07-03,Complete
606,2,2026-05-14,Active
42165,3,2025-11-16,Active
10742,4,2026-05-12,Active
17306,5,2026-02-22,Active
10619,1,2026-05-28,Complete
17123,2,2026-04-11,Active
39692,3,2026-06-17,Active
52877,4,2026-05-06,Lapsed
49180,5,2026-02-11,Active
43405,1,2026-06-18,Active
3195,2,2024-08-21,Active
29084,3,2025-12-22,Active
7079,4,2025-08-07,Active
4715,5,2025-03-01,Lapsed
1192,1,2026-02-08,Complete
4547,2,2026-02-26,Active
42036,3,2024-05-09,Active
29412,4,2025-02-13,Active
49777,5,2026-06-14,Active
30792,1,2026-06-29,Lapsed
12105,2,2024-11-27,Complete
47473,3,2026-06-28,Complete
4316,4,2026-02-08,Active
59865,5,2025-08-04,Active
43307,1,2022-07-21,Active
50660,2,2026-06-30,Active
4580,3,2025-02-20,Active
25153,4,2026-01-09,Active
37563,5,2026-04-11,Complete
2549,1,2026-05-24,Active
31804,2,2026-05-23,Active
49070,3,2025-08-21,Active
11227,4,2026-05-16,Active
3326,5,2023-10-07,Active
31690,1,2026-01-18,Active
47454,2,2026-02-04,Active
47414,3,2026-05-17,Complete
14055,4,2025-09-04,Complete
56000,5,2026-02-10,Lapsed
29858,1,2026-06-07,Active
46887,2,2026-01-12,Active
31095,3,2025-05-30,Lapsed
33190,4,2025-10-02,Active
43201,5,2024-12-19,Active
37787,1,2025-05-24,Lapsed
24668,2,2026-06-29,Active
41089,3,2026-04-18,Complete
11404,4,2025-09-23,Active
9248,5,2025-11-27,Active
25600,1,2025-11-05,Active
11408,2,2025-12-20,Active
49351,3,2026-02-18,Lapsed
27494,4,2022-07-22,Active
18247,5,2025-07-26,Complete
53684,1,2026-05-30,Lapsed
29388,2,2025-02-08,Active
47599,3,2026-01-14,Lapsed
19676,4,2026-06-16,Active
9993,5,2024-10-27,Active
3519,1,2026-06-30,Active
52940,2,2026-03-27,Complete
23769,3,2025-04-21,Active
41932,4,2025-09-24,Complete
2029,5,2024-06-26,Active
59430,1,2025-09-25,Active
18970,2,2026-03-18,Active
11447,3,2026-05-26,Active
24281,4,2024-04-04,Active
16035,5,2026-03-18,Active
52942,1,2023-03-27,Active
34312,2,2026-04-10,Active
880,3,2026-06-30,Active
59156,4,2026-05-23,Lapsed
39367,5,2026-04-20,Active
59118,1,2026-04-05,Active
27299,2,2026-06-05,Complete
39769,3,2025-03-14,Active
41661,4,2025-06-12,Complete
15625,5,2025-07-26,Complete
5331,1,2023-12-04,Active
27277,2,2025-10-23,Complete
3518,3,2026-04-06,Active
18318,4,2025-12-13,Complete
3162,5,2025-11-16,Active
28422,1,2026-03-11,Active
37260,2,2026-02-17,Active
851,3,2026-04-03,Active
9246,4,2024-07-05,Active
3902,5,2026-06-13,Lapsed
46818,1,2026-06-29,Lapsed
51114,2,2026-01-20,Active
42821,3,2026-01-13,Active
34870,4,2023-08-08,Active
37482,5,2026-05-29,Active
16582,1,2026-06-05,Complete
57855,2,2025-01-09,Active
14995,3,2025-10-09,Active
23314,4,2026-06-05,Complete
55299,5,2025-06-02,Complete
38649,1,2026-02-04,Active
32084,2,2026-05-24,Active
20968,3,2026-05-22,Active
16531,4,2026-06-18,Active
59086,5,2025-10-17,Complete
59541,1,2026-05-10,Active
4429,2,2026-05-27,Active
46365,3,2026-02-19,Active
17528,4,2026-02-13,Complete
41399,5,2026-06-18,Complete
13523,1,2026-03-12,Lapsed
3522,2,2026-03-26,Complete
44355,3,2026-06-14,Complete
20842,4,2026-06-19,Lapsed
31266,5,2025-10-10,Active
58066,1,2024-07-15,Active
31201,2,2025-10-01,Active
37093,3,2025-07-21,Active
21699,4,2025-09-14,Lapsed
44827,5,2026-05-18,Active
12500,1,2026-05-07,Active
17391,2,2026-06-28,Complete
31196,3,2026-04-22,Active
32462,4,2024-10-31,Complete
52780,5,2025-05-09,Active
8016,1,2026-06-02,Active
36286,2,2026-06-15,Lapsed
57287,3,2025-05-21,Active
12973,4,2025-04-15,Active
42258,5,2026-02-14,Active
5090,1,2023-03-17,Lapsed
46693,2,2024-10-08,Active
5368,3,2025-05-03,Active
10516,4,2025-11-27,Active
53321,5,2026-01-19,Active
59810,1,2026-04-08,Active
29960,2,2025-05-03,Active
33085,3,2024-08-06,Active
39755,4,2026-05-17,Active
4205,5,2026-02-05,Active
25959,1,2025-06-19,Active
5147,2,2026-04-09,Active
24179,3,2026-06-03,Active
50914,4,2024-12-09,Lapsed
9271,5,2023-11-25,Active
6216,1,2026-06-13,Active
13655,2,2026-03-22,Active
49659,3,2025-02-27,Lapsed
6366,4,2025-10-03,Active
23012,5,2026-06-30,Active
37343,1,2026-06-24,Active
46635,2,2026-06-12,Active
28888,3,2024-11-25,Active
45071,4,2025-11-22,Complete
54583,5,2025-04-21,Lapsed
56739,1,2024-03-18,Active
10313,2,2026-03-02,Active
30141,3,2026-06-25,Active
16190,4,2025-10-13,Active
12284,5,2025-12-11,Active
18520,1,2023-04-15,Active
47660,2,2026-06-11,Active
5931,3,2023-04-27,Active
26984,4,2026-05-30,Active
951,5,2025-05-30,Active
50465,1,2025-12-05,Active
21285,2,2024-11-09,Active
50079,3,2026-02-10,Complete
1970,4,2022-11-06,Active
23874,5,2025-01-01,Active
51071,1,2026-02-03,Active
5525,2,2025-12-04,Complete
54183,3,2025-02-14,Active
36814,4,2025-02-27,Complete
49203,5,2024-01-23,Active
5393,1,2025-11-24,Active
6359,2,2026-06-23,Active
22723,3,2025-07-19,Active
54110,4,2026-06-22,Complete
28317,5,2026-07-01,Complete
16412,1,2026-05-04,Active
37053,2,2026-06-27,Lapsed
39448,3,2022-04-29,Active
30096,4,2024-08-29,Active
52787,5,2026-03-22,Active
6739,1,2026-06-18,Complete
26293,2,2025-02-11,Active
44955,3,2025-10-18,Complete
40354,4,2025-11-19,Complete
52633,5,2026-06-14,Active
59740,1,2026-06-29,Active
40106,2,2024-02-18,Active
51453,3,2025-08-10,Complete
38626,4,2025-06-18,Active
38026,5,2025-10-15,Active
9674,1,2026-06-11,Complete
7,2,2025-09-21,Complete
15382,3,2026-06-21,Complete
19880,4,2026-01-22,Active
3305,5,2026-02-08,Active
5662,1,2026-05-13,Active
29537,2,2025-11-29,Active
15576,3,2026-05-23,Active
8949,4,2025-10-08,Active
48974,5,2026-02-11,Active
55936,1,2026-02-03,Active
5615,2,2025-04-24,Active
57909,3,2026-05-13,Complete
20545,4,2026-01-01,Active
47411,5,2024-03-08,Active
44086,1,2026-05-09,Active
5899,2,2026-01-14,Lapsed
11920,3,2024-04-15,Active
34024,4,2026-06-22,Lapsed
25131,5,2025-10-11,Active
50324,1,2026-06-20,Active
30175,2,2026-04-11,Lapsed
17067,3,2026-03-03,Complete
35096,4,2025-12-19,Complete
58825,5,2025-12-18,Complete
4501,1,2025-12-07,Complete
45607,2,2026-05-20,Active
20219,3,2025-07-16,Complete
13490,4,2026-04-15,Complete
39706,5,2023-04-06,Active
15123,1,2024-01-19,Lapsed
48960,2,2025-08-09,Active
57115,3,2025-04-20,Active
50817,4,2025-10-22,Complete
6987,5,2026-04-19,Active
56801,1,2025-09-24,Active
34641,2,2026-05-28,Complete
33506,3,2025-09-24,Active
36176,4,2024-10-26,Active
47352,5,2026-06-03,Active
38128,1,2025-09-08,Complete
2521,2,2025-08-29,Active
25433,3,2026-01-22,Active
1827,4,2025-02-05,Active
13093,5,2026-06-05,Lapsed
14786,1,2025-07-28,Active
6174,2,2026-06-25,Active
36629,3,2025-12-16,Active
9550,4,2025-04-16,Complete
6683,5,2025-06-10,Active
40779,1,2024-02-12,Active
41613,2,2026-06-27,Active
11149,3,2026-06-17,Complete
33104,4,2026-06-17,Active
15069,5,2025-10-04,Active
19200,1,2026-04-18,Active
16504,2,2025-08-29,Active
23123,3,2026-06-09,Complete
32593,4,2026-06-24,Active
24863,5,2026-06-18,Complete
51191,1,2025-12-15,Active
4450,2,2026-04-03,Active
48208,3,2024-08-12,Active
37250,4,2024-11-26,Active
21484,5,2026-03-18,Active
17555,1,2026-03-12,Lapsed
55846,2,2026-06-25,Complete
17888,3,2026-06-24,Complete
22918,4,2025-01-10,Active
33898,5,2024-08-21,Lapsed
14244,1,2026-06-04,Lapsed
9060,2,2025-05-08,Active
12803,3,2025-08-06,Active
49599,4,2026-06-23,Complete
23560,5,2026-05-11,Complete
47043,1,2022-02-24,Active
6332,2,2024-12-16,Active
53295,3,2024-11-13,Active
24820,4,2026-06-25,Active
17872,5,2025-10-03,Active
56256,1,2026-02-11,Active
32112,2,2026-06-27,Active
2537,3,2026-03-25,Active
46849,4,2026-06-20,Active
27302,5,2026-02-06,Complete
58583,1,2023-05-29,Active
58285,2,2026-01-18,Active
2907,3,2026-03-18,Active
10733,4,2024-11-26,Complete
48296,5,2024-12-02,Complete
23936,1,2026-04-19,Lapsed
25215,2,2025-12-13,Active
59719,3,2026-04-19,Active
17787,4,2026-05-31,Active
44008,5,2026-05-26,Active
16098,1,2026-06-11,Active
19851,2,2026-05-21,Complete
49006,3,2026-01-30,Active
55202,4,2025-01-13,Active
42597,5,2024-04-21,Active
47925,1,2026-01-01,Active
40840,2,2026-04-09,Active
3968,3,2026-05-14,Lapsed
28060,4,2026-03-09,Complete
14760,5,2025-11-12,Active
32170,1,2025-11-21,Active
33264,2,2025-01-24,Complete
55501,3,2025-07-16,Complete
30015,4,2026-05-04,Active
9752,5,2026-05-22,Lapsed
56876,1,2023-11-20,Active
8457,2,2022-08-03,Complete
1316,3,2025-07-10,Complete
15573,4,2024-11-19,Active
50637,5,2026-06-26,Active
28669,1,2026-03-24,Active
35954,2,2026-06-23,Complete
12700,3,2026-04-24,Active
37121,4,2024-12-19,Complete
39750,5,2026-06-30,Active
57155,1,2025-06-25,Complete
35460,2,2025-06-21,Active
5627,3,2025-10-27,Active
39449,4,2025-06-08,Active
23776,5,2026-06-11,Complete
44176,1,2024-10-04,Active
19441,2,2025-04-01,Complete
45754,3,2025-08-03,Active
51666,4,2025-10-30,Complete
23470,5,2026-06-02,Active
46184,1,2026-04-17,Active
2133,2,2025-09-14,Active
45635,3,2026-05-08,Active
10615,4,2024-11-06,Active
2924,5,2023-09-17,Active
47365,1,2026-06-10,Active
59472,2,2026-04-19,Active
22156,3,2025-02-19,Active
27814,4,2026-02-15,Active
40603,5,2026-06-03,Lapsed
49352,1,2025-07-26,Complete
56895,2,2025-03-26,Active
53213,3,2025-02-03,Active
41970,4,2026-06-06,Active
18162,5,2024-10-05,Complete
52992,1,2026-02-11,Active
41338,2,2026-05-23,Active
1098,3,2025-03-18,Active
40947,4,2026-02-08,Active
23689,5,2024-06-08,Active
51270,1,2025-06-23,Complete
48102,2,2025-09-29,Complete
47701,3,2024-01-29,Lapsed
43785,4,2026-04-19,Active
31107,5,2025-11-23,Complete
35692,1,2024-12-06,Active
40207,2,2025-06-05,Complete
58632,3,2026-05-07,Active
40276,4,2026-01-08,Active
10261,5,2026-06-18,Active
17752,1,2026-03-06,Active
20653,2,2026-06-09,Active
5321,3,2025-12-23,Active
53115,4,2025-10-27,Complete
15912,5,2025-02-03,Active
33830,1,2023-12-31,Active
54064,2,2024-01-15,Active
32125,3,2024-05-06,Active
37231,4,2025-09-05,Active
21916,5,2024-10-30,Complete
38298,1,2026-06-03,Lapsed
49140,2,2026-06-19,Active
59292,3,2022-10-09,Lapsed
2523,4,2026-06-13,Active
18750,5,2024-07-14,Lapsed
55190,1,2025-10-09,Active
12134,2,2024-12-09,Active
42633,3,2025-10-23,Active
42724,4,2025-11-12,Active
8248,5,2025-11-30,Active
34928,1,2026-04-16,Lapsed
24032,2,2026-04-25,Active
22586,3,2025-11-06,Active
37807,4,2025-07-25,Active
18650,5,2026-02-11,Active
57706,1,2026-06-03,Complete
30338,2,2026-01-24,Active
5914,3,2026-01-09,Active
36444,4,2022-10-20,Active
4802,5,2025-01-08,Active
41769,1,2026-05-19,Active
103,2,2026-05-18,Active
25326,3,2025-06-25,Active
57911,4,2026-01-25,Active
6192,5,2026-06-30,Complete
41872,1,2026-04-16,Active
16542,2,2026-06-07,Active
36008,3,2025-12-22,Active
4888,4,2025-11-19,Active
2931,5,2025-03-23,Active
52719,1,2025-11-04,Complete
35418,2,2026-04-20,Active
33442,3,2024-06-01,Active
7401,4,2026-05-18,Active
43447,5,2026-05-01,Active
55449,1,2025-11-07,Active
41350,2,2025-12-30,Active
36739,3,2023-12-17,Active
743,4,2023-11-19,Complete
59090,5,2022-08-08,Active
53715,1,2026-01-06,Complete
18880,2,2025-01-24,Complete
55300,3,2023-12-05,Active
57766,4,2024-06-17,Active
57659,5,2026-06-04,Active
4133,1,2025-09-25,Active
10054,2,2026-04-14,Active
47940,3,2026-06-29,Active
1593,4,2026-05-26,Complete
41698,5,2026-05-02,Active
40969,1,2026-03-23,Active
50333,2,2026-06-08,Active
16150,3,2026-05-14,Active
21731,4,2025-07-01,Complete
1552,5,2026-01-23,Active
23101,1,2026-05-24,Complete
16691,2,2026-01-04,Active
27591,3,2022-09-22,Active
10922,4,2023-11-20,Active
20498,5,2026-06-07,Complete
34962,1,2023-07-02,Active
16931,2,2026-02-17,Active
4469,3,2025-03-13,Complete
57243,4,2023-09-26,Active
19348,5,2026-06-29,Active
18976,1,2026-03-14,Complete
7279,2,2026-03-23,Active
4702,3,2025-04-23,Active
10685,4,2026-04-10,Complete
27807,5,2026-06-25,Active
8382,1,2026-05-16,Active
57102,2,2025-01-15,Complete
2762,3,2025-06-28,Complete
52030,4,2026-01-23,Active
44229,5,2026-05-20,Active
48691,1,2025-12-27,Active
46943,2,2026-05-28,Complete
55786,3,2026-04-03,Active
22629,4,2026-03-23,Active
42881,5,2026-04-06,Lapsed
32872,1,2022-06-26,Active
28701,2,2024-02-07,Active
28129,3,2024-10-02,Active
15160,4,2026-02-11,Active
21140,5,2024-10-11,Lapsed
10386,1,2026-06-02,Active
20507,2,2024-06-22,Active
52758,3,2026-06-23,Active
24412,4,2026-05-02,Active
18085,5,2026-06-27,Active
33989,1,2026-06-27,Active
31438,2,2023-04-02,Complete
15030,3,2026-06-24,Active
24710,4,2025-05-16,Active
41802,5,2026-03-24,Complete
44619,1,2025-02-24,Active
33079,2,2025-07-07,Active
49405,3,2026-04-28,Lapsed
2714,4,2024-07-18,Complete
58348,5,2025-07-19,Active
5157,1,2023-07-28,Complete
28930,2,2025-07-04,Active
29517,3,2024-10-01,Active
3516,4,2025-12-11,Active
56161,5,2026-03-03,Lapsed
40737,1,2026-06-30,Active
35307,2,2026-06-15,Active
57260,3,2025-07-02,Active
49258,4,2023-12-02,Lapsed
19803,5,2025-04-01,Complete
44986,1,2025-10-18,Complete
24156,2,2026-06-16,Active
44312,3,2026-04-29,Active
9158,4,2023-05-19,Active
30878,5,2026-04-23,Complete
38190,1,2025-03-30,Active
31700,2,2026-04-01,Active
26384,3,2026-03-03,Complete
16266,4,2022-03-05,Complete
45151,5,2026-03-31,Complete
15049,1,2023-05-27,Active
19881,2,2026-01-18,Active
12072,3,2025-12-05,Complete
43874,4,2026-06-30,Complete
32186,5,2026-01-28,Active
29827,1,2024-01-07,Active
11696,2,2026-03-08,Active
26666,3,2024-02-02,Complete
56174,4,2026-01-23,Complete
52514,5,2025-09-23,Active
1756,1,2026-06-04,Active
41990,2,2025-08-17,Complete
861,3,2025-07-23,Active
8395,4,2026-06-30,Complete
22648,5,2024-09-18,Active
5757,1,2026-01-30,Active
23722,2,2024-10-11,Complete
29039,3,2025-04-01,Complete
42760,4,2023-10-20,Active
22070,5,2025-04-08,Complete
1662,1,2025-06-19,Active
13117,2,2026-02-05,Complete
36806,3,2026-06-19,Complete
57878,4,2025-08-04,Lapsed
19732,5,2026-03-22,Active
10848,1,2026-04-07,Lapsed
32968,2,2026-05-07,Active
48962,3,2026-05-04,Active
14222,4,2026-06-20,Active
16154,5,2026-06-25,Active
3165,1,2025-07-10,Complete
19438,2,2026-06-02,Lapsed
50671,3,2024-06-18,Complete
11252,4,2026-06-13,Active
47030,5,2026-01-25,Active
49799,1,2025-01-17,Active
5681,2,2023-08-07,Lapsed
8481,3,2026-03-07,Active
53876,4,2026-01-17,Active
57689,5,2026-06-03,Active
47338,1,2026-02-24,Active
22895,2,2026-06-13,Active
57474,3,2026-06-22,Active
5128,4,2025-06-30,Active
47547,5,2026-04-22,Active
44732,1,2026-06-18,Complete
57296,2,2023-06-29,Active
42675,3,2023-03-03,Active
35022,4,2026-03-19,Complete
27380,5,2026-02-03,Complete
25019,1,2024-12-30,Active
17790,2,2026-05-01,Complete
25216,3,2023-07-06,Lapsed
47764,4,2026-05-24,Lapsed
19292,5,2026-06-26,Active
29239,1,2026-04-13,Active
34821,2,2026-02-25,Complete
1172,3,2024-01-13,Complete
22705,4,2026-06-28,Complete
32357,5,2025-12-23,Active
19426,1,2026-06-30,Active
42764,2,2026-01-15,Active
44181,3,2026-02-26,Complete
27531,4,2025-05-22,Active
35871,5,2026-06-24,Active
40736,1,2026-06-10,Active
27339,2,2026-06-18,Lapsed
59307,3,2026-02-03,Complete
20134,4,2026-06-01,Active
33926,5,2024-10-20,Active
33297,1,2026-03-12,Active
1346,2,2026-03-29,Complete
37550,3,2024-03-09,Active
57219,4,2026-01-02,Active
32931,5,2026-02-27,Active
1146,1,2026-04-28,Active
35054,2,2025-10-15,Active
19262,3,2026-05-29,Active
18900,4,2025-11-14,Active
56116,5,2026-05-01,Active
661,1,2026-06-17,Active
2343,2,2026-04-18,Active
31566,3,2026-04-07,Active
42057,4,2024-05-17,Complete
49460,5,2026-06-30,Active
2227,1,2026-06-09,Active
51033,2,2026-04-07,Complete
17961,3,2026-04-29,Active
2832,4,2026-05-20,Active
21399,5,2025-05-20,Active
20747,1,2026-06-25,Complete
9777,2,2026-05-29,Active
15115,3,2026-03-31,Active
11739,4,2024-08-04,Active
10513,5,2026-06-13,Active
5760,1,2025-02-13,Active
46456,2,2025-11-29,Active
47033,3,2025-11-22,Lapsed
59142,4,2025-09-02,Active
47518,5,2026-05-12,Active
55959,1,2026-04-09,Active
19422,2,2025-08-30,Complete
29126,3,2023-12-13,Active
14118,4,2026-06-24,Active
49585,5,2025-07-02,Active
17204,1,2026-05-29,Active
30224,2,2025-10-21,Active
42803,3,2026-06-29,Lapsed
19194,4,2024-03-18,Active
48640,5,2023-12-17,Complete
52322,1,2026-02-06,Lapsed
2465,2,2026-04-27,Active
56254,3,2026-04-08,Active
10909,4,2026-01-11,Lapsed
1726,5,2026-05-20,Complete
13963,1,2025-02-05,Active
48318,2,2025-06-02,Active
25116,3,2024-12-29,Lapsed
6507,4,2026-05-19,Active
11930,5,2026-04-27,Complete
29221,1,2025-08-06,Complete
8497,2,2025-01-22,Active
5895,3,2023-11-06,Complete
35813,4,2023-11-14,Active
27471,5,2024-06-03,Active
3849,1,2023-12-30,Active
40072,2,2026-06-24,Active
21273,3,2025-12-28,Lapsed
8700,4,2026-05-13,Complete
30516,5,2026-05-24,Active
31567,1,2026-01-18,Active
2784,2,2026-05-16,Active
45743,3,2025-09-30,Complete
15200,4,2026-02-04,Lapsed
737,5,2025-08-14,Active
48249,1,2023-06-16,Complete
41383,2,2025-11-26,Active
11011,3,2023-12-08,Active
5326,4,2025-10-16,Active
41577,5,2025-11-05,Active
11330,1,2026-06-26,Active
56738,2,2025-08-07,Active
9161,3,2023-06-06,Active
26596,4,2026-03-16,Active
12502,5,2026-06-27,Active
14848,1,2026-06-08,Lapsed
25924,2,2026-06-20,Active
20275,3,2026-06-19,Active
9801,4,2025-01-19,Active
43467,5,2025-05-23,Active
1860,1,2024-09-07,Active
5978,2,2025-11-23,Complete
29328,3,2026-06-26,Active
13410,4,2026-04-16,Active
56922,5,2025-04-27,Active
23428,1,2025-04-08,Active
51516,2,2026-04-19,Active
31746,3,2026-06-10,Active
38081,4,2026-02-13,Active
46182,5,2026-03-03,Active
25694,1,2024-11-28,Active
55327,2,2024-10-23,Active
39019,3,2026-05-05,Active
21003,4,2025-04-05,Complete
59419,5,2026-05-03,Active
18617,1,2026-05-01,Complete
50926,2,2026-06-16,Active
9244,3,2025-05-22,Complete
12336,4,2024-08-30,Complete
10333,5,2026-06-28,Active
20541,1,2026-03-12,Complete
59751,2,2025-09-29,Complete
34278,3,2026-05-29,Active
18224,4,2026-06-11,Active
27393,5,2025-06-17,Active
1150,1,2025-01-07,Complete
439,2,2026-06-28,Lapsed
4236,3,2026-04-23,Active
55903,4,2025-02-13,Complete
45281,5,2026-05-07,Active
23488,1,2024-06-27,Complete
47385,2,2026-06-29,Active
42041,3,2025-10-15,Complete
48216,4,2025-10-30,Active
58414,5,2026-06-17,Active
23661,1,2024-05-06,Active
11372,2,2024-09-09,Active
59972,3,2025-05-10,Lapsed
56296,4,2025-10-27,Active
29032,5,2024-10-22,Active
45284,1,2025-07-24,Active
37602,2,2025-10-28,Active
45859,3,2026-05-30,Active
49957,4,2026-05-07,Active
59024,5,2025-07-03,Complete
42911,1,2026-06-07,Active
35638,2,2022-10-02,Active
21723,3,2024-12-20,Active
7587,4,2024-12-30,Active
39674,5,2025-10-13,Complete
40758,1,2026-06-27,Complete
34352,2,2025-11-08,Complete
18308,3,2024-12-02,Complete
13985,4,2026-04-29,Active
22405,5,2026-05-25,Active
39945,1,2025-06-20,Lapsed
47460,2,2026-03-18,Active
30355,3,2026-04-24,Active
48098,4,2026-02-07,Active
9105,5,2026-03-19,Active
27658,1,2026-05-17,Complete
20415,2,2026-04-07,Active
50633,3,2025-08-27,Active
53668,4,2026-02-15,Lapsed
56963,5,2025-07-08,Active
10043,1,2026-05-11,Active
52853,2,2026-04-21,Lapsed
5727,3,2025-10-16,Lapsed
39752,4,2026-05-25,Active
50624,5,2025-12-27,Lapsed
25061,1,2026-06-29,Active
13676,2,2025-12-31,Complete
5942,3,2024-09-10,Active
9917,4,2026-02-12,Active
25533,5,2024-03-10,Active
7445,1,2026-06-01,Lapsed
27739,2,2026-06-16,Active
52420,3,2026-02-14,Lapsed
4339,4,2026-06-29,Active
31080,5,2026-05-06,Lapsed
19703,1,2026-04-24,Active
16459,2,2026-06-18,Active
26514,3,2026-03-24,Active
16917,4,2025-11-20,Active
11725,5,2026-06-27,Complete
51935,1,2025-10-23,Active
21432,2,2024-05-22,Active
9320,3,2024-12-16,Active
26347,4,2025-11-26,Complete
38348,5,2025-11-11,Active
26421,1,2025-05-26,Active
14035,2,2025-11-01,Active
31004,3,2024-02-08,Complete
38213,4,2024-02-23,Lapsed
19372,5,2024-06-28,Active
33944,1,2026-02-05,Active
47304,2,2026-03-19,Active
5642,3,2026-01-26,Active
16911,4,2025-05-30,Active
19173,5,2026-05-10,Lapsed
55125,1,2026-06-28,Active
38949,2,2023-10-08,Active
14271,3,2026-04-11,Lapsed
14630,4,2025-06-02,Active
35315,5,2025-12-15,Active
31857,1,2026-01-25,Active
5123,2,2026-05-07,Active
29359,3,2025-01-05,Active
41173,4,2026-06-01,Active
35214,5,2026-02-08,Active
56124,1,2025-02-18,Complete
1242,2,2025-02-26,Lapsed
28807,3,2025-07-22,Complete
30755,4,2023-09-25,Active
31953,5,2025-03-13,Complete
6937,1,2025-12-24,Complete
15563,2,2026-02-25,Complete
24542,3,2025-07-13,Active
33252,4,2026-03-01,Complete
4973,5,2025-10-30,Active
29194,1,2025-05-08,Active
42211,2,2026-04-15,Active
6691,3,2022-09-17,Active
27202,4,2023-03-12,Complete
57366,5,2025-11-09,Active
27876,1,2026-06-02,Active
19991,2,2026-02-12,Active
20621,3,2026-02-23,Active
46411,4,2024-02-12,Active
30029,5,2025-12-30,Active
53919,1,2026-06-28,Lapsed
6128,2,2026-05-25,Complete
20565,3,2026-02-12,Complete
22039,4,2024-05-31,Active
38404,5,2024-06-23,Lapsed
41880,1,2026-06-28,Lapsed
35562,2,2026-03-20,Active
34439,3,2025-01-18,Active
27922,4,2026-06-27,Lapsed
31874,5,2025-12-23,Complete
8985,1,2026-06-09,Complete
8180,2,2026-01-01,Complete
51872,3,2026-01-31,Active
20490,4,2022-07-28,Lapsed
40153,5,2026-03-04,Active
13725,1,2026-06-27,Active
45106,2,2026-05-02,Active
27216,3,2025-02-14,Lapsed
20854,4,2026-05-11,Active
28468,5,2024-06-04,Lapsed
51567,1,2026-05-18,Active
13576,2,2026-06-19,Active
14666,3,2026-03-03,Complete
33738,4,2026-06-28,Active
37709,5,2025-11-08,Lapsed
28473,1,2025-10-14,Active
31535,2,2026-06-04,Lapsed
12409,3,2026-04-14,Active
54900,4,2026-01-01,Active
16373,5,2026-01-22,Active
40597,1,2024-04-28,Complete
39870,2,2024-04-11,Lapsed
59676,3,2025-08-31,Complete
33846,4,2026-01-18,Complete
43304,5,2025-06-09,Active
45815,1,2026-04-18,Active
52069,2,2024-01-28,Active
27361,3,2025-01-18,Active
39806,4,2026-06-07,Active
10067,5,2025-07-16,Complete
29621,1,2026-06-23,Active
33303,2,2024-06-16,Complete
20317,3,2024-06-03,Active
33722,4,2026-06-16,Active
27430,5,2026-03-28,Active
7377,1,2025-03-31,Active
11906,2,2025-04-22,Active
59286,3,2026-05-13,Active
1919,4,2026-06-01,Lapsed
59067,5,2026-02-14,Active
17957,1,2026-02-08,Complete
46745,2,2021-12-31,Lapsed
48227,3,2025-05-21,Active
31038,4,2023-10-01,Active
55512,5,2025-07-07,Active
2661,1,2026-02-11,Active
3817,2,2026-05-08,Complete
58830,3,2025-01-16,Lapsed
13304,4,2026-02-08,Active
54963,5,2026-02-07,Active
14547,1,2026-05-05,Active
47476,2,2025-04-24,Complete
32134,3,2026-05-05,Active
7873,4,2024-10-15,Active
33039,5,2026-03-17,Active
2301,1,2026-06-06,Active
6596,2,2025-12-04,Active
11935,3,2025-05-01,Active
41715,4,2026-04-27,Complete
26095,5,2026-01-31,Active
28234,1,2024-02-19,Active
49131,2,2025-09-27,Active
1768,3,2024-08-18,Active
10057,4,2026-01-03,Lapsed
26413,5,2026-04-04,Active
23878,1,2026-04-14,Active
32340,2,2026-04-20,Active
960,3,2026-06-01,Active
57274,4,2026-06-28,Active
54493,5,2026-04-05,Active
11758,1,2026-03-06,Active
15026,2,2026-05-10,Complete
38031,3,2025-11-17,Active
44823,4,2025-07-28,Active
15424,5,2026-06-29,Active
48313,1,2026-06-26,Complete
53934,2,2024-12-21,Active
38643,3,2026-06-22,Active
32808,4,2026-02-27,Complete
27146,5,2026-03-03,Lapsed
28673,1,2026-05-07,Complete
50312,2,2025-04-14,Active
49080,3,2026-03-24,Active
24445,4,2024-04-28,Active
28207,5,2026-06-22,Active
36672,1,2026-06-27,Lapsed
47702,2,2026-01-28,Lapsed
13996,3,2026-06-23,Active
25016,4,2026-05-16,Complete
46703,5,2024-04-24,Active
29366,1,2025-12-06,Active
20282,2,2025-04-18,Active
53510,3,2026-05-01,Active
17955,4,2025-11-30,Complete
54957,5,2024-12-10,Active
44555,1,2026-06-20,Complete
3938,2,2026-04-05,Active
24715,3,2025-01-15,Active
47236,4,2024-12-18,Active
23892,5,2026-06-28,Active
11095,1,2025-05-17,Active
33693,2,2026-03-10,Active
53097,3,2026-06-15,Active
59338,4,2026-04-18,Complete
37848,5,2026-06-15,Complete
15920,1,2025-12-27,Active
40622,2,2024-10-11,Lapsed
30421,3,2024-06-22,Active
33348,4,2025-04-05,Active
56935,5,2025-04-23,Active
37304,1,2024-03-20,Active
57809,2,2025-06-23,Active
58530,3,2024-11-04,Active
936,4,2026-05-10,Active
23581,5,2025-11-15,Active
7015,1,2026-03-12,Complete
4596,2,2025-03-21,Complete
8326,3,2026-06-24,Active
2587,4,2023-02-19,Active
40188,5,2026-03-28,Active
58171,1,2026-06-16,Active
22979,2,2026-05-29,Active
45724,3,2022-06-06,Active
301,4,2024-09-17,Complete
19845,5,2026-03-10,Active
5290,1,2025-12-07,Active
42770,2,2026-04-15,Active
50608,3,2026-05-18,Active
48083,4,2026-06-27,Active
24605,5,2024-07-02,Active
10907,1,2026-06-14,Active
22998,2,2024-10-31,Complete
31628,3,2023-07-05,Active
29446,4,2023-11-04,Complete
4439,5,2026-01-29,Active
27589,1,2026-06-30,Active
12754,2,2026-06-04,Active
21359,3,2026-02-23,Complete
44091,4,2025-03-28,Complete
55609,5,2026-04-30,Lapsed
31791,1,2026-06-16,Complete
15828,2,2026-06-30,Active
9936,3,2024-08-29,Active
45776,4,2026-05-19,Complete
53602,5,2026-01-22,Active
56572,1,2026-03-25,Active
44750,2,2026-04-03,Complete
12824,3,2023-05-05,Complete
7763,4,2025-01-02,Active
30271,5,2026-05-24,Active
29079,1,2025-07-10,Active
8845,2,2026-06-21,Active
49187,3,2026-05-02,Active
38561,4,2024-09-27,Active
48131,5,2025-10-21,Active
30306,1,2026-03-21,Active
51288,2,2026-03-17,Active
31407,3,2026-05-25,Complete
30557,4,2026-04-25,Active
51395,5,2024-02-22,Active
7041,1,2025-04-01,Lapsed
3488,2,2026-02-07,Active
53596,3,2026-06-24,Active
22046,4,2026-06-20,Active
35200,5,2026-05-27,Active
46234,1,2026-01-10,Active
20153,2,2025-05-23,Active
8693,3,2026-02-13,Active
52965,4,2025-01-13,Active
53429,5,2025-09-16,Active
38918,1,2025-06-05,Active
28700,2,2025-12-30,Complete
28997,3,2024-11-11,Lapsed
3532,4,2025-08-18,Complete
27280,5,2025-10-18,Complete
24165,1,2024-04-09,Active
28254,2,2026-04-14,Lapsed
23446,3,2022-09-05,Lapsed
23768,4,2026-06-19,Lapsed
38068,5,2026-02-19,Complete
6557,1,2026-04-01,Active
8275,2,2026-06-29,Active
8287,3,2026-04-03,Active
6237,4,2025-09-05,Lapsed
28990,5,2026-05-20,Active
26938,1,2026-06-17,Complete
31466,2,2025-04-27,Active
57037,3,2025-12-21,Complete
28396,4,2023-08-27,Active
47972,5,2026-06-20,Active
18298,1,2025-10-15,Active
20776,2,2026-03-14,Complete
27711,3,2026-05-25,Active
7250,4,2026-01-17,Active
942,5,2023-11-14,Complete
55597,1,2025-05-11,Active
19017,2,2024-01-07,Active
35071,3,2026-04-16,Active
54683,4,2024-05-15,Active
37289,5,2026-06-20,Active
56184,1,2025-11-25,Active
42180,2,2026-04-08,Active
9,3,2026-03-19,Lapsed
617,4,2024-04-12,Complete
53174,5,2026-06-22,Active
11802,1,2024-11-27,Active
25845,2,2026-03-11,Active
7259,3,2026-05-03,Complete
24490,4,2026-05-24,Active
35881,5,2025-11-22,Active
43534,1,2026-06-24,Complete
54216,2,2026-04-22,Active
49574,3,2026-04-07,Active
43908,4,2026-04-14,Complete
28151,5,2026-05-15,Active
1278,1,2023-08-18,Active
33852,2,2025-12-06,Active
380,3,2025-10-09,Active
49168,4,2026-03-03,Active
45957,5,2025-03-04,Complete
42614,1,2026-06-03,Active
43348,2,2026-03-22,Active
34663,3,2026-06-28,Active
9399,4,2026-06-17,Active
30795,5,2026-02-25,Active
43373,1,2026-05-04,Active
1808,2,2026-04-19,Active
59668,3,2026-06-09,Active
44777,4,2024-07-12,Active
19612,5,2026-04-07,Active
22022,1,2023-10-26,Active
52522,2,2026-02-25,Lapsed
30826,3,2026-04-10,Complete
36800,4,2024-10-31,Active
28022,5,2026-03-08,Active
5818,1,2026-06-29,Active
54818,2,2024-05-24,Active
28548,3,2026-02-13,Active
46681,4,2024-11-25,Active
8586,5,2026-05-13,Active
56525,1,2025-12-13,Active
2281,2,2025-07-11,Active
18732,3,2026-03-17,Active
28820,4,2026-02-11,Complete
40332,5,2025-12-17,Active
38035,1,2026-04-03,Lapsed
42042,2,2024-09-08,Active
33530,3,2024-07-11,Complete
1553,4,2026-06-27,Active
51205,5,2026-03-20,Active
37113,1,2025-09-28,Complete
11991,2,2026-02-21,Complete
30147,3,2025-08-02,Active
44050,4,2025-09-25,Active
56402,5,2026-04-14,Active
19009,1,2026-05-25,Active
8966,2,2025-11-19,Active
977,3,2026-06-13,Active
49095,4,2025-07-01,Active
10628,5,2025-04-24,Active
42542,1,2025-10-20,Active
56272,2,2026-05-05,Active
22697,3,2023-05-31,Active
39294,4,2026-05-28,Active
23806,5,2026-01-18,Active
16548,1,2025-05-14,Complete
7959,2,2026-06-25,Active
5679,3,2026-02-13,Complete
47962,4,2026-05-20,Complete
3899,5,2026-06-04,Active
11934,1,2025-10-14,Complete
33995,2,2026-06-23,Active
30193,3,2026-04-21,Active
46185,4,2025-07-31,Complete
14003,5,2026-04-13,Active
28861,1,2026-02-05,Active
7280,2,2026-03-24,Complete
16670,3,2026-01-03,Active
53674,4,2026-04-23,Active
48310,5,2023-09-02,Active
9900,1,2025-12-29,Active
55720,2,2026-06-25,Active
32274,3,2025-07-05,Complete
3603,4,2026-04-28,Complete
1841,5,2026-01-28,Active
39534,1,2025-12-27,Complete
15430,2,2026-04-05,Active
8830,3,2026-04-11,Complete
49675,4,2026-06-22,Active
49204,5,2026-02-10,Active
11734,1,2026-05-06,Active
15866,2,2025-12-27,Lapsed
44412,3,2025-07-27,Lapsed
39718,4,2026-01-11,Complete
46242,5,2026-03-17,Active
33034,1,2025-12-25,Complete
50703,2,2026-04-26,Active
52904,3,2025-12-10,Active
16095,4,2025-08-24,Active
23531,5,2026-05-20,Active
44822,1,2024-10-10,Active
28840,2,2023-09-15,Complete
44583,3,2026-04-16,Active
42776,4,2026-05-01,Active
50532,5,2026-01-11,Active
30961,1,2026-01-03,Active
40811,2,2024-12-16,Active
24462,3,2026-04-14,Active
38611,4,2025-07-16,Active
53028,5,2024-07-14,Complete
46338,1,2026-06-21,Active
51816,2,2025-10-24,Active
52418,3,2024-01-12,Active
41125,4,2025-12-30,Active
47104,5,2025-04-09,Active
49662,1,2026-02-04,Active
5028,2,2024-09-06,Complete
2708,3,2026-05-08,Active
27599,4,2026-05-06,Complete
37440,5,2026-06-21,Active
18508,1,2026-03-30,Complete
2591,2,2023-11-12,Active
43402,3,2026-02-08,Active
32071,4,2025-11-24,Lapsed
52164,5,2025-05-19,Active
24860,1,2026-06-03,Active
17782,2,2026-03-25,Complete
16592,3,2026-03-31,Active
42247,4,2025-12-31,Active
9820,5,2026-01-05,Active
30296,1,2023-03-02,Complete
39297,2,2026-02-27,Active
5408,3,2025-08-30,Lapsed
45111,4,2026-04-02,Lapsed
3499,5,2025-12-28,Complete
9505,1,2025-12-15,Active
9836,2,2024-04-09,Active
15968,3,2025-09-22,Active
15393,4,2026-04-24,Active
539,5,2025-05-27,Active
34202,1,2026-06-03,Active
51241,2,2026-02-07,Active
703,3,2024-02-19,Active
37026,4,2026-04-18,Complete
38618,5,2024-05-02,Active
259,1,2026-05-23,Active
3999,2,2024-08-18,Active
55619,3,2026-05-19,Lapsed
17991,4,2026-05-23,Complete
59801,5,2025-05-17,Active
28048,1,2025-12-29,Active
50294,2,2026-06-30,Active
48495,3,2025-11-03,Active
16513,4,2026-06-04,Active
16863,5,2023-03-25,Active
43286,1,2026-01-08,Active
27246,2,2026-01-13,Lapsed
20100,3,2026-06-07,Active
11783,4,2026-02-12,Active
675,5,2023-12-19,Active
8915,1,2025-02-08,Active
13133,2,2023-09-09,Lapsed
44315,3,2024-02-02,Complete
27617,4,2024-04-11,Active
2034,5,2026-04-22,Complete
4117,1,2026-02-10,Complete
294,2,2026-06-15,Active
40823,3,2026-06-03,Active
12767,4,2025-10-02,Active
22281,5,2026-06-28,Active
3048,1,2026-03-09,Active
5216,2,2024-12-31,Active
33065,3,2023-07-23,Active
13499,4,2026-03-03,Active
13979,5,2026-04-17,Active
44572,1,2024-11-16,Complete
16850,2,2025-12-21,Active
34345,3,2026-06-26,Active
16112,4,2026-06-26,Complete
17719,5,2025-11-17,Active
14153,1,2026-01-22,Active
32909,2,2025-12-22,Active
4990,3,2025-09-26,Active
21973,4,2026-04-13,Active
48791,5,2026-06-20,Active
56733,1,2026-06-16,Active
5207,2,2023-04-21,Lapsed
3024,3,2026-04-06,Complete
12347,4,2026-05-26,Active
3022,5,2026-05-25,Active
8302,1,2025-09-23,Active
14251,2,2023-01-11,Active
24171,3,2025-05-15,Active
17715,4,2026-04-27,Active
2666,5,2025-03-04,Lapsed
49892,1,2026-04-24,Active
35616,2,2024-11-12,Complete
53607,3,2026-01-03,Active
56437,4,2026-02-14,Active
18502,5,2025-08-19,Active
28478,1,2026-01-16,Active
10164,2,2026-04-21,Active
44653,3,2025-12-14,Lapsed
30409,4,2026-06-18,Active
38843,5,2026-04-05,Active
32646,1,2025-12-27,Active
14268,2,2026-05-18,Active
3456,3,2026-04-16,Complete
1914,4,2026-06-15,Active
14169,5,2026-04-02,Lapsed
42709,1,2026-01-11,Active
10130,2,2026-06-03,Active
19031,3,2025-09-30,Active
4022,4,2024-08-12,Active
47203,5,2026-03-29,Complete
16903,1,2026-04-22,Lapsed
18626,2,2024-07-25,Active
5771,3,2026-02-10,Lapsed
6451,4,2024-02-20,Active
5573,5,2025-09-01,Active
25486,1,2024-12-12,Active
